id,season,stage,home_shoton,away_shoton,GAP_H_Shoton,GAP_A_Shoton,home_shotoff,away_shotoff,GAP_H_Shotoff,GAP_A_Shotoff,home_shot,away_shot,GAP_H_Shot,GAP_A_Shot,home_cross_sum,away_cross_sum,GAP_H_Cross,GAP_A_Cross,AVG_H_Shoton,AVG_A_Shoton,AVG_H_Shotoff,AVG_A_Shotoff,AVG_H_Shot,AVG_A_Shot,AVG_H_Cross,AVG_A_Cross,home_result,LR_h_shoton,LR_h_shotoff,LR_h_shot,LR_h_cross,LR_a_shoton,LR_a_shotoff,LR_a_shot,LR_a_cross,CB_POW_H,CB_MEN_H,CB_SKI_H,CB_MOV_H,CB_ATT_H,CB_DEF_H,CM_POW_H,CM_MEN_H,CM_SKI_H,CM_MOV_H,CM_ATT_H,CM_DEF_H,GK_POW_H,GK_MEN_H,GK_MOV_H,GK_GOK_H,ST_POW_H,ST_MEN_H,ST_SKI_H,ST_MOV_H,ST_ATT_H,ST_DEF_H,CB_POW_A,CB_MEN_A,CB_SKI_A,CB_MOV_A,CB_ATT_A,CB_DEF_A,CM_POW_A,CM_MEN_A,CM_SKI_A,CM_MOV_A,CM_ATT_A,CM_DEF_A,GK_POW_A,GK_MEN_A,GK_MOV_A,GK_GOK_A,ST_POW_A,ST_MEN_A,ST_SKI_A,ST_MOV_A,ST_ATT_A,ST_DEF_A,B365_home_win_Prob,p_home,home_odds_synth,kelly_fraction_home,kelly_index,kelly_group
3629,2013/2014,1,9,3,8.305573929728562,4.007206878340032,6,3,7.979500143562049,4.763479442635454,15,6,16.089217604271738,9.074921180596679,23,10,30.42360310473942,15.599956792472168,7.2727272727272725,4.931506849315069,6.924242424242424,5.493150684931507,14.196969696969697,10.424657534246576,24.272727272727273,18.47945205479452,0,7.848814203025107,8.274076249492698,16.12289045251781,27.43961979908503,4.264120845144112,4.390913699490913,8.655034544635036,14.68276378936598,264.4,255.2,231.2,264.2,237.8,328.3333333333334,350.0,336.6,377.8,400.2,340.2,241.3333333333333,36.8,30.0,54.4,77.8,77.0,68.6,68.8,61.0,77.2,26.66666666666667,279.0,243.2,205.2,244.8,213.8,293.3333333333333,205.2,201.6,207.0,223.6,176.0,176.3333333333333,45.8,30.6,51.4,75.6,214.4,178.4,177.8,216.2,201.4,84.66666666666667,0.674237047551455,0.16616002,1.483157894736842,-1.5596526448892876,-1.5596526448892876,hard
3630,2013/2014,1,7,6,8.936604418526564,5.119977471797059,13,1,7.405651176155772,4.978538569975896,20,7,17.005926420172347,10.444435873491432,12,25,27.23780949501415,14.357525368434235,5.928571428571429,5.267857142857142,5.628571428571429,5.719155844155845,11.557142857142857,10.987012987012987,17.957142857142856,18.756493506493506,1,8.63382607629154,8.96587357418743,17.59969965047896,27.53935771314008,3.822135195886996,4.627677454863871,8.449812650750872,15.49604914301065,281.8,264.8,230.4,267.8,249.6,336.3333333333334,361.2,351.6,394.4,394.0,370.4,228.0,36.4,25.8,56.4,81.6,77.0,66.4,73.0,74.0,79.6,22.66666666666667,268.6,237.0,224.8,276.8,226.6,286.3333333333333,344.4,307.8,325.6,360.0,308.2,210.6666666666667,46.4,24.8,52.2,73.6,77.0,59.2,58.2,64.6,68.2,35.33333333333334,0.8139534883720929,0.9866502,1.2285714285714286,0.9282449781894684,0.9282449781894684,easy
3631,2013/2014,1,4,6,4.687194606040849,11.378237456723987,2,11,5.664085094904492,6.429280446623087,6,17,10.464514170975328,18.564917371250232,17,19,21.464686057665652,22.900828648012855,5.267857142857142,7.943661971830986,5.719155844155845,7.704225352112676,10.987012987012987,15.647887323943662,18.756493506493506,21.802816901408452,0,5.78179874384666,5.805651422406903,11.58745016625357,25.71779878297372,7.047407686113223,5.81350198642687,12.8609096725401,22.05880389244255,250.2,218.0,194.2,249.0,195.6,266.6666666666667,332.4,292.4,310.8,341.2,302.6,237.0,43.0,22.0,54.2,71.8,63.4,60.0,46.8,55.6,60.8,19.66666666666667,290.8,265.8,242.6,286.0,236.0,313.6666666666666,300.0,274.4,288.0,314.0,283.4,214.0,40.0,24.8,62.8,83.0,79.0,68.4,72.2,76.8,77.0,39.66666666666666,0.205664194200944,0.21270385,4.862295081967214,0.008862314230314973,0.008862314230314973,medium
3632,2013/2014,1,14,6,7.964939182373945,6.159183260982486,10,2,7.732985656625541,6.409218166240013,24,8,16.567171726038023,12.758330316388124,29,20,26.64620757840298,17.85111914459753,5.673469387755102,3.9714285714285715,5.5612244897959195,4.957142857142857,11.23469387755102,8.928571428571429,22.566326530612244,23.02857142857143,1,8.634794616066573,9.805520628207304,18.44031524427388,26.55134708714195,2.312423617367092,3.996784375872468,6.309207993239575,10.70943950114674,301.0,269.2,267.6,285.4,247.8,329.3333333333333,226.4,217.2,226.0,215.4,210.8,207.6666666666667,50.8,28.2,61.6,77.8,197.8,184.0,226.2,247.0,209.6,67.00000000000001,256.8,245.4,216.0,242.6,223.8,305.6666666666667,216.4,201.4,197.4,199.2,187.6,214.0,42.0,32.6,65.4,79.8,212.4,196.2,203.8,207.2,212.4,105.0,0.7005899705014749,0.9711935,1.4273684210526316,0.9037891027375395,0.9037891027375395,easy
3633,2013/2014,1,11,2,5.536998317599381,5.587640435034511,6,3,8.307668936146403,2.991683573741392,17,5,13.713708366110122,8.08730764949513,25,8,29.208079885747743,16.925332999332625,5.3108108108108105,5.707692307692308,5.756756756756757,5.953846153846154,11.067567567567568,11.661538461538461,19.68918918918919,17.76923076923077,1,7.943490252270158,7.747876795491582,15.69136704776174,26.94047903956513,4.046907787585843,4.623796719777344,8.67070450736319,16.22727092278169,277.2,260.2,260.2,285.2,253.4,335.6666666666667,367.8,352.8,391.6,413.8,377.6,215.3333333333333,43.8,31.6,65.0,82.0,76.0,66.4,69.8,68.2,77.8,18.33333333333333,270.0,248.6,239.6,277.2,243.6,315.6666666666666,380.6,341.0,351.8,384.0,354.2,291.3333333333333,43.6,33.6,53.0,78.2,77.0,61.6,68.2,80.8,76.8,16.0,0.733822548365577,0.974798,1.3627272727272728,0.9053188910460414,0.9053188910460414,easy
3634,2013/2014,1,3,6,5.075058960462554,6.436394248348598,2,10,5.027154335578385,6.42020665473839,5,16,10.397637756005945,12.83306976809331,19,29,21.51477458429864,23.715606231234844,5.304347826086956,6.642857142857143,5.478260869565218,6.514285714285714,10.782608695652174,13.157142857142857,19.318840579710145,22.52857142857143,0,4.841256282600131,5.838295627896922,10.67955191049705,20.3805000250225,6.356605539082196,5.598644695458679,11.95525023454087,20.54282645113768,268.2,255.2,233.2,260.0,234.0,292.3333333333334,335.8,302.2,335.0,367.0,299.8,231.0,46.4,31.2,47.8,77.0,72.2,69.6,59.6,70.8,68.4,24.33333333333333,281.2,268.0,243.0,280.6,250.4,310.6666666666666,357.2,340.8,358.8,370.2,362.2,268.6666666666667,43.4,30.2,55.0,80.0,71.8,61.4,64.6,68.4,66.8,11.0,0.3053892215568862,0.04910019,3.274509803921569,-0.3689678424391253,-0.3689678424391253,medium
3636,2013/2014,1,6,4,8.515858055157448,3.1316932204440415,9,3,9.660032971157944,5.068545926261284,15,7,18.3227690846795,8.031491755257594,40,14,23.331736670397284,15.68093282609302,7.485714285714286,6.4,7.6,6.5,15.085714285714285,12.9,22.485714285714284,23.55,0,5.008626200637412,5.622018793092911,10.63064499373032,21.24549501969855,6.648727524353889,4.939319437014889,11.58804696136876,15.51955978373201,263.2,240.4,218.8,263.4,202.8,298.3333333333334,333.4,321.6,318.4,381.2,291.4,280.6666666666667,45.0,23.4,65.8,79.8,71.0,70.2,67.6,68.4,72.0,52.66666666666666,267.4,259.2,231.2,261.4,243.8,339.3333333333333,279.0,290.6,308.4,294.0,288.4,202.3333333333333,40.8,30.4,56.0,81.2,154.0,131.0,150.2,155.0,160.2,55.66666666666666,0.2325581395348837,0.011810994,4.300000000000001,-0.28764021289393754,-0.28764021289393754,medium
3637,2013/2014,1,7,5,2.0824379610800396,6.973140308478861,5,2,5.30105847269511,5.560133885468035,12,7,7.138998085527609,11.98441941085197,31,35,17.1466124859249,20.18839738844553,5.276923076923077,7.594202898550725,5.615384615384615,7.739130434782608,10.892307692307693,15.333333333333334,16.676923076923078,21.753623188405797,0,6.050819210165749,7.408436913574649,13.4592561237404,21.95040567600842,5.879462570055511,5.291002977047349,11.17046554710285,17.31077002182347,254.4,239.0,211.2,244.8,227.6,287.6666666666667,288.0,272.2,272.4,287.2,257.0,264.3333333333333,45.4,23.2,52.8,77.8,151.6,127.4,125.0,147.8,146.2,46.66666666666667,235.6,222.6,215.2,250.0,212.0,278.0,362.8,331.4,327.6,371.6,325.6,264.6666666666667,48.2,29.6,47.8,73.6,78.6,68.4,65.2,62.4,71.6,24.0,0.407185628742515,0.1441908,2.455882352941176,-0.44363774630156444,-0.44363774630156444,medium
3739,2013/2014,2,7,1,7.798922860503472,8.090869940944845,10,2,6.896641925997331,6.20186244773522,17,3,14.815256751332285,14.274569999854906,25,12,22.293918317346204,20.660785823640484,4.905405405405405,5.798994974874372,5.45945945945946,5.628140703517589,10.364864864864865,11.427135678391961,18.364864864864863,22.66331658291457,0,3.617286010850027,5.516257134860362,9.133543145710394,17.68059230398463,6.226691649348656,7.428726022285459,13.65541767163412,18.9881694240537,266.2,257.0,233.4,266.2,239.2,329.6666666666667,348.6,358.2,411.8,384.4,367.4,224.0,39.2,37.4,53.4,77.8,78.4,71.2,69.4,60.2,77.4,26.66666666666667,206.2,176.8,160.0,194.6,161.0,244.6666666666667,350.2,340.6,328.2,353.0,317.4,355.0,52.8,31.4,50.6,79.8,152.8,137.2,153.2,164.8,151.6,62.33333333333333,0.4247885251930857,0.02237267,2.3541125541125543,-0.6995963667474134,-0.6995963667474134,hard
3740,2013/2014,2,4,5,4.383267091947376,5.781979340592989,2,7,5.459326345887993,4.4298266441017455,6,12,9.953128317183847,9.956600421187703,12,38,19.5664074967332,16.706217427317643,5.267857142857142,5.386666666666667,5.719155844155845,5.76,10.987012987012987,11.146666666666667,18.756493506493506,19.76,1,4.605273245096975,4.806912401336467,9.412185646433443,23.81744668640932,7.572937666546407,5.566447998730477,13.13938566527688,23.17740166135542,234.2,216.4,208.4,263.4,198.4,295.3333333333333,360.0,337.0,351.6,370.4,324.8,305.3333333333333,41.6,27.6,49.0,72.0,76.8,64.2,70.8,76.4,72.0,25.66666666666667,266.4,245.2,229.2,270.4,210.8,303.3333333333334,340.0,312.8,345.2,387.6,309.8,244.3333333333333,46.4,27.8,64.8,80.2,74.2,72.4,68.6,68.6,73.6,52.66666666666666,0.2875,0.95045185,3.4782608695652177,0.9304587380927907,0.9304587380927907,easy
3741,2013/2014,2,16,3,7.724822663251938,5.499130535398027,8,4,7.503034222227059,4.486029569133837,24,7,15.743990206373145,10.242619594480335,38,13,29.319900135626263,14.400254832665883,6.633802816901408,5.303030303030303,6.563380281690141,5.606060606060606,13.19718309859155,10.909090909090908,22.619718309859156,16.893939393939394,0,9.957492930327497,7.653600518027142,17.61109344835465,26.98881224496503,5.292924779064712,5.290120067233377,10.58304484629809,15.37876291970523,282.0,270.2,244.0,279.6,253.6,317.0,358.6,348.4,378.6,364.2,363.0,303.0,44.4,32.8,55.6,80.0,76.8,64.2,64.4,67.8,71.6,24.0,295.6,253.6,240.2,285.8,238.0,318.0,361.6,335.8,352.0,389.2,341.8,268.3333333333333,42.2,29.6,63.4,81.8,79.4,69.4,71.0,76.2,76.4,36.33333333333334,0.3893129770992367,0.100000426,2.568627450980392,-0.4737492926418782,-0.4737492926418782,medium
3742,2013/2014,2,7,8,4.117303179762232,8.140509781054552,7,6,3.211055312594086,5.196043524405883,14,14,7.154115772064063,13.784709052452449,27,23,15.483497047153953,22.97395679990074,4.805555555555555,7.298507462686567,5.666666666666667,6.91044776119403,10.472222222222221,14.208955223880597,17.36111111111111,24.253731343283583,0,5.733481785430635,6.623850693312113,12.35733247874275,26.8616671278718,6.09923495650484,4.136610736802226,10.23584569330707,19.64697448499398,271.4,258.0,219.0,255.8,232.6,306.3333333333333,361.0,344.2,356.8,353.0,354.6,287.6666666666666,42.4,27.4,43.0,79.2,71.4,64.2,78.2,65.2,84.4,25.0,254.0,248.2,237.4,270.8,242.0,294.3333333333334,348.2,325.8,353.0,380.6,342.2,234.0,42.4,31.6,56.6,82.0,76.0,70.0,82.8,75.6,84.8,25.33333333333333,0.149527200163269,0.008440318,6.68774643615408,-0.16589229294905827,-0.16589229294905827,medium
3743,2013/2014,2,1,6,5.283363417288566,4.546098970607871,5,8,7.152887041145011,4.55777814091109,6,14,12.261273021839852,9.138948942732378,15,25,26.081247955203157,20.330984947115915,5.2783999999999995,5.271428571428571,5.651200000000001,5.428571428571429,10.9296,10.7,18.8464,19.314285714285713,1,7.003838688868262,8.139752641023685,15.14359132989195,24.83804665966095,4.570998041863817,4.574480517763091,9.145478559626905,14.04091284979152,261.0,234.0,199.2,264.4,216.6,284.3333333333333,351.8,325.6,343.8,321.0,333.6,292.0,41.8,28.0,49.0,69.2,73.8,68.4,55.0,72.8,62.4,25.0,253.0,236.2,213.8,241.4,219.2,295.3333333333334,283.8,273.8,275.2,284.6,265.4,229.6666666666667,46.2,31.8,50.8,74.6,155.6,119.0,116.4,137.4,135.2,50.66666666666667,0.4549295774647887,0.8721381,2.198142414860681,0.7654212891901495,0.7654212891901495,easy
3744,2013/2014,2,7,6,5.860541524439027,5.693131651582139,6,3,7.252186300451758,7.316611097835378,13,9,13.090329750583637,13.169589622004487,24,14,25.88597979853958,19.384520119297374,6.360655737704918,5.943661971830986,6.442622950819672,5.732394366197183,12.80327868852459,11.67605633802817,23.39344262295082,17.87323943661972,0,6.514505231786715,6.595600469784506,13.11010570157123,22.5482247057523,6.584495924749796,5.511429196503236,12.09592512125305,20.08041661996888,250.6,249.0,230.0,272.2,235.0,329.6666666666667,294.0,287.2,327.0,320.8,298.2,214.6666666666667,42.8,39.0,53.0,73.4,156.2,134.2,151.0,156.8,153.8,50.33333333333333,272.4,241.6,213.4,262.6,230.2,299.0,308.8,277.8,264.8,282.6,271.6,229.6666666666667,51.4,33.4,51.8,77.6,140.4,126.6,129.0,144.4,129.2,81.0,0.8152173913043479,0.046707068,1.2266666666666666,-4.158996930674597,-4.158996930674597,hard
3745,2013/2014,2,3,3,5.666251837950596,7.013976825993071,15,5,6.76924734919755,6.408687625409659,18,8,12.443801210806928,12.680088793181922,29,28,20.437099199013357,22.597537620215036,5.651515151515151,6.816901408450704,5.909090909090909,7.52112676056338,11.56060606060606,14.338028169014084,17.62121212121212,21.802816901408452,0,6.328481965584962,7.951698761151016,14.28018072673598,24.86844209629692,3.895652379312639,4.278053993485517,8.173706372798154,16.5000230294401,273.0,257.0,237.2,273.0,238.8,306.0,304.8,283.6,278.6,301.0,281.0,266.3333333333333,43.6,32.8,53.0,78.2,148.6,127.2,115.8,138.4,140.0,57.66666666666667,286.8,272.8,251.2,262.0,263.2,335.3333333333334,356.4,352.8,400.4,402.0,378.6,225.3333333333333,36.2,28.2,56.2,81.6,77.0,66.4,73.0,75.0,79.6,25.0,0.1630716134598792,0.034913063,6.132275132275133,-0.1531296494080848,-0.1531296494080848,medium
3747,2013/2014,2,5,5,5.976197521078143,5.893574965539388,6,6,6.327664751140393,5.667379703081581,11,11,12.565538043296348,11.807393079863523,32,12,27.870127708630697,16.60533329625116,4.0,5.249599999999999,4.915492957746479,5.665600000000001,8.915492957746478,10.9152,22.985915492957748,18.731199999999998,1,5.280286209010283,7.763608918721126,13.04389512773141,27.15133283739265,4.590842015817158,5.429074435539158,10.01991645135631,15.97138287817727,257.4,244.2,219.6,242.6,226.0,304.0,360.6,336.0,341.4,354.0,338.0,258.0,41.8,30.6,56.4,80.4,64.6,65.6,63.2,56.4,74.2,25.0,251.6,231.4,212.6,267.8,215.8,304.0,368.0,331.6,343.8,374.2,326.6,273.0,47.6,30.2,47.6,73.6,78.6,70.4,70.8,61.8,72.2,26.33333333333333,0.2962962962962963,0.9201413,3.375,0.886516555359489,0.886516555359489,easy
3748,2013/2014,2,9,5,8.410253863907887,6.917597530408253,8,3,7.121887754514777,4.153638435530814,17,8,16.13690568690732,10.725783761409492,25,10,20.976853273784407,19.224426245479272,7.916666666666667,7.464788732394366,7.75,7.619718309859155,15.666666666666666,15.084507042253522,21.76388888888889,22.732394366197184,1,7.454445751099533,5.838767408459811,13.29321315955935,23.86114741104602,7.651155655420506,5.388850369928755,13.04000602534926,17.33960038678969,254.6,238.2,212.6,244.6,227.6,286.0,357.2,343.0,359.0,368.4,338.8,280.6666666666667,49.2,31.8,50.2,71.6,73.2,65.4,53.8,77.2,68.6,28.0,254.2,222.0,195.4,244.4,201.4,281.6666666666667,340.6,313.2,323.2,345.4,324.2,272.3333333333334,45.8,25.6,54.2,73.2,76.2,68.8,71.0,69.6,74.2,44.0,0.62874251497006,0.8430953,1.5904761904761904,0.5773696053412652,0.5773696053412652,medium
3849,2013/2014,3,6,8,5.797819980294299,8.737914575593178,6,8,4.509975577053665,6.502235142243581,12,16,10.04011592965718,15.769411269998226,10,23,23.06099223997194,19.880477705548735,7.3088235294117645,7.931506849315069,6.897058823529412,7.7534246575342465,14.205882352941176,15.684931506849315,24.235294117647058,21.80821917808219,1,7.837753582701556,9.107046901452634,16.94480048415418,31.21645441176062,3.651685343668771,4.09014719797864,7.741832541647411,13.84825795329579,266.2,236.8,217.0,252.2,216.2,302.3333333333333,271.8,266.6,285.4,285.0,274.0,206.0,45.0,33.2,45.6,72.4,143.6,136.6,138.8,132.8,138.4,110.0,272.2,242.2,211.4,239.0,227.0,295.3333333333333,348.4,329.4,327.8,362.0,298.0,275.6666666666667,45.6,31.2,51.8,77.6,81.8,68.2,61.6,69.8,73.6,26.66666666666667,0.4339106654512306,0.2706345,2.304621848739496,-0.2884282398243072,-0.2884282398243072,medium
3850,2013/2014,3,1,7,5.128393150386255,8.607151129959185,2,6,5.52397670801607,7.187566500423951,3,13,10.4059394967025,16.23200245396746,7,19,16.37765978163265,29.714339256411286,5.249599999999999,6.763888888888889,5.665600000000001,6.583333333333333,10.9152,13.347222222222221,18.6592,22.833333333333332,0,5.118376660139532,5.702840816925477,10.82121747706501,24.86526404062873,6.596690766731879,5.347989582142491,11.94468034887437,20.60806049441623,198.8,177.6,151.2,167.0,159.4,225.3333333333333,353.2,317.4,331.8,367.6,295.2,288.3333333333334,45.6,31.2,51.8,77.6,152.4,132.6,113.0,128.4,138.8,50.66666666666667,234.8,216.8,208.2,263.4,199.6,296.0,361.4,338.2,343.4,370.2,328.0,306.6666666666667,41.6,27.6,49.0,72.0,76.8,64.2,70.8,76.4,72.0,25.66666666666667,0.4883720930232558,0.03447755,2.047619047619048,-0.8871575326404786,-0.8871575326404786,hard
3851,2013/2014,3,5,3,7.703605769053316,5.1485572513934015,8,2,8.065270940836783,4.821446755657628,13,5,15.687128274654007,10.273644530214433,11,11,21.700499575100554,15.864199195593848,5.944444444444445,4.933333333333334,5.694444444444445,5.52,11.63888888888889,10.453333333333333,17.819444444444443,18.453333333333333,1,10.18339080910099,9.711052289440563,19.89444309854156,28.14471511741636,4.156006381760583,4.408924551343131,8.564930933103717,14.87942299753895,280.8,261.8,227.6,260.2,245.0,325.6666666666667,353.4,343.4,394.0,402.4,365.2,228.6666666666667,36.2,28.2,56.2,81.6,76.2,71.6,75.4,84.8,76.2,31.33333333333333,260.2,247.8,219.2,238.4,240.0,288.3333333333333,361.8,342.0,354.0,361.0,320.0,296.3333333333334,49.2,31.8,50.2,71.6,73.2,65.4,53.8,77.2,68.6,28.0,0.7561436672967865,0.9708152,1.3224999999999998,0.8803196212117986,0.8803196212117986,easy
3853,2013/2014,3,6,8,6.234210330451793,6.5006916412837015,4,5,6.780141567226221,6.382383213493391,10,13,13.202578546249011,12.708625476670754,6,32,25.643645934824427,21.880016057115828,5.727722772277228,6.370967741935484,5.574257425742576,6.435483870967742,11.301980198019804,12.806451612903226,22.504950495049506,23.403225806451612,1,6.756020905404547,7.727475113066111,14.48349601847066,20.25005810315739,4.243388964415473,4.607152073945897,8.850541038361365,13.89151532024337,254.2,222.0,195.4,244.4,201.4,281.6666666666667,200.4,189.4,197.0,204.4,194.6,173.6666666666667,45.8,25.6,54.2,73.2,207.4,182.0,199.6,218.8,197.2,105.3333333333333,282.0,270.2,244.0,279.6,253.6,317.0,358.6,348.4,378.6,364.2,363.0,303.0,44.4,32.8,55.6,80.0,76.8,64.2,64.4,67.8,71.6,24.0,0.1506626365961404,0.9570316,6.637345679012347,0.9494095111983201,0.9494095111983201,easy
3854,2013/2014,3,5,1,7.436522966818034,3.608191136799456,4,4,8.435726585807956,2.14760512296995,9,5,16.20490299724556,5.032138653704842,22,14,27.87129023863703,12.508313777657905,5.381578947368421,5.217665615141955,5.776315789473684,5.641955835962146,11.157894736842104,10.8596214511041,20.0,18.79179810725552,1,7.917620233729686,8.573190401036495,16.49081063476619,25.00645460611153,3.668227240900076,5.577644522111965,9.245871763012044,14.92317801621521,286.2,253.8,239.8,272.6,244.2,324.6666666666666,288.0,277.4,303.4,295.6,278.6,244.3333333333333,52.8,31.4,50.6,79.8,153.4,137.4,153.8,165.4,152.2,62.33333333333333,277.4,251.6,210.0,244.0,216.0,294.3333333333334,352.4,333.4,344.4,357.0,344.6,264.6666666666666,42.4,27.4,43.0,79.2,71.4,64.2,78.2,65.2,84.4,25.0,0.7839195979899497,0.9615107,1.2756410256410258,0.821875182695167,0.821875182695167,easy
3855,2013/2014,3,13,2,6.698081818483221,3.925035029422893,6,1,8.963931715975342,5.234473342848199,19,3,15.744691367461503,8.697748515513457,36,8,24.99224302705049,19.637662320196455,5.611940298507463,4.864864864864865,6.044776119402985,5.702702702702703,11.656716417910447,10.567567567567568,17.791044776119403,17.62162162162162,1,7.09661653360768,7.371014208468187,14.46763074207587,24.35096927716111,3.867681398460266,4.519015757511322,8.38669715597159,19.25188871092974,252.0,245.0,211.2,262.6,226.8,328.6666666666667,370.2,347.8,367.6,381.0,363.6,264.3333333333334,42.4,31.6,56.6,82.0,76.0,70.0,82.8,75.6,84.8,25.33333333333333,289.4,264.4,249.4,294.0,252.2,327.6666666666667,360.2,365.2,398.8,381.2,368.0,260.3333333333333,39.2,37.4,53.4,78.0,79.2,71.2,69.4,60.2,77.4,26.66666666666667,0.415661532751902,0.19420728,2.4058035714285717,-0.3789828188667678,-0.3789828188667678,medium
3856,2013/2014,3,9,4,2.3106484563876473,5.554545372374106,7,7,3.350471973279638,5.930036867923228,16,11,5.629600362404679,10.735758290849647,19,21,25.75188714288463,24.597198566447528,5.28169014084507,7.557142857142857,5.464788732394366,7.6571428571428575,10.746478873239436,15.214285714285714,19.3943661971831,21.942857142857143,1,6.021448100977535,7.404963418990848,13.42641151996839,20.48727146795913,5.347294414663774,6.50646094569409,11.85375536035787,21.52890256960584,258.6,233.2,204.4,259.0,221.4,293.0,373.8,330.2,349.8,349.4,343.4,222.0,51.4,33.4,51.8,77.6,75.8,58.8,59.4,75.0,69.0,24.0,263.4,239.6,221.2,240.4,216.6,297.6666666666667,202.8,201.4,207.2,200.6,199.0,177.0,44.8,33.2,45.6,72.4,213.0,203.8,222.6,205.4,217.6,132.6666666666667,0.3698407791003246,0.92872006,2.703866248693835,0.8868858208762171,0.8868858208762171,easy
3857,2013/2014,3,5,7,4.791910246195126,8.40066961476285,4,4,6.20195685540311,4.8039419803359555,9,11,11.194127695229081,12.740654447183612,21,20,19.277409234762455,22.559217479534446,5.268656716417911,7.430555555555555,5.582089552238806,7.555555555555555,10.850746268656716,14.98611111111111,16.83582089552239,22.555555555555557,0,4.963270516647627,5.624784148985686,10.58805466563331,22.62810309152829,7.512400521011295,5.933593190384823,13.44599371139612,22.38752169146542,251.6,231.8,212.6,267.8,216.2,304.6666666666667,368.0,332.4,344.8,374.2,332.0,273.0,47.6,30.2,47.6,73.6,78.8,70.4,70.8,61.8,72.2,26.33333333333333,261.0,234.0,199.2,264.4,216.6,284.3333333333333,351.8,325.6,343.8,321.0,333.6,292.0,41.8,28.0,49.0,69.2,73.8,68.4,55.0,72.8,62.4,25.0,0.6032293178519593,0.05820073,1.6577443609022557,-1.3736614648407732,-1.3736614648407732,hard
3858,2013/2014,3,3,5,9.41824157527879,3.213605527417447,8,8,8.793906865269218,5.987017862923675,11,13,18.659560833657043,9.619133020130857,23,23,24.941741324695535,18.6550454302124,6.763888888888889,4.013888888888889,7.486111111111111,4.930555555555555,14.25,8.944444444444445,21.88888888888889,23.11111111111111,0,7.683816537522182,7.29669186257059,14.98050840009279,28.70717761224536,4.773804330168584,4.564484142055496,9.338288472224084,18.40636543706123,250.4,229.8,212.6,259.0,208.4,294.0,343.8,348.6,374.2,370.0,332.2,281.6666666666667,45.8,29.0,54.4,69.4,75.8,61.4,53.2,72.2,70.2,22.66666666666667,281.0,267.6,236.4,248.0,256.6,325.0,318.6,293.0,313.6,294.6,294.6,265.6666666666666,42.8,39.0,53.0,73.4,156.2,134.2,151.0,156.8,154.2,50.33333333333333,0.108359133126935,0.5747683,9.228571428571428,0.5230908418695133,0.5230908418695133,medium
3949,2013/2014,4,3,8,5.554296918155973,5.668608599949323,6,6,6.7583471231893455,4.676874670957236,9,14,12.50162945030954,9.401906341219028,21,17,26.734238720899768,16.40701723937197,4.907894736842105,5.720588235294118,5.473684210526316,6.044117647058823,10.381578947368421,11.764705882352942,18.355263157894736,18.058823529411764,0,4.375532316539973,6.192490823707933,10.56802314024791,20.05146517175938,5.802958683679951,6.743870670667392,12.54682935434734,18.17430609894198,265.4,243.8,225.6,269.4,214.8,299.3333333333334,331.0,305.8,353.2,394.8,303.8,227.3333333333333,44.0,30.8,49.6,70.8,83.6,66.6,64.0,74.6,70.4,31.66666666666667,257.4,244.2,220.0,242.6,226.0,304.0,354.0,336.0,336.6,357.8,339.2,270.3333333333334,41.8,30.6,56.4,80.4,64.6,65.6,63.2,56.4,74.2,25.0,0.4877741700351202,0.33077136,2.0501290585518275,-0.3065109538924029,-0.3065109538924029,medium
3950,2013/2014,4,4,8,8.603933797932507,5.720803571351162,5,13,7.095384024995721,4.7779755244204,9,21,16.26974706942498,10.467798791266569,19,29,25.98146347307995,9.483848132555185,6.767123287671233,5.931506849315069,6.575342465753424,5.726027397260274,13.342465753424657,11.657534246575343,22.78082191780822,17.726027397260275,1,7.338216520202197,6.408672567101963,13.74688908730416,25.35691342180436,6.685676315529203,4.918471330808697,11.6041476463379,19.81570258171126,295.6,253.6,240.8,285.8,238.8,318.6666666666666,372.2,328.0,375.0,382.6,354.2,265.3333333333333,42.8,31.6,51.8,79.2,79.4,69.4,71.0,76.2,76.4,36.33333333333334,273.0,257.0,237.2,273.0,238.8,306.0,304.8,283.6,278.6,301.0,281.0,266.3333333333333,43.6,32.8,53.0,78.2,148.6,127.2,115.8,138.4,140.0,57.66666666666667,0.623392789508307,0.8480316,1.6041250666192932,0.5964803240133358,0.5964803240133358,medium
3951,2013/2014,4,2,5,6.75754159714694,7.5805817444679615,9,5,4.979665682072412,5.346058542065544,11,10,12.292360273523396,13.390475331112352,24,22,21.21773652335335,22.547007533944175,4.7894736842105265,5.264705882352941,5.578947368421052,5.5588235294117645,10.368421052631579,10.823529411764707,17.36842105263158,16.897058823529413,0,6.782124052848364,8.536353410802938,15.31847746365131,26.77841167095375,3.739651705762844,5.389527614211862,9.129179319974703,15.01460848096936,267.2,258.2,234.0,266.2,239.6,330.3333333333333,358.8,366.8,410.0,389.4,368.4,253.6666666666667,39.2,37.4,53.4,78.0,79.2,71.2,69.4,60.2,77.4,26.66666666666667,250.8,232.8,215.2,268.6,214.4,294.6666666666667,368.8,334.2,348.8,375.2,336.0,273.0,47.6,30.2,47.6,73.6,78.8,70.6,71.2,61.8,72.8,26.33333333333333,0.6039689387402933,0.7836807,1.6557142857142857,0.4537819283720195,0.4537819283720195,medium
3952,2013/2014,4,8,4,6.078548828266213,5.234769269088301,7,5,6.597479567787591,5.004374254495081,15,9,12.559428449200446,9.974384275005306,20,8,26.043134298077575,14.352905739907712,5.158631415241056,5.189274447949526,5.618973561430794,5.613564668769717,10.777604976671851,10.802839116719243,18.72472783825816,18.493690851735014,0,6.833614057711345,7.935400483452311,14.76901454116365,21.31789643645708,3.969748149014562,3.83788295766002,7.807631106674576,15.25549766487564,234.8,216.8,208.2,263.4,199.6,296.0,366.0,328.4,349.4,369.0,326.0,282.6666666666666,41.6,27.6,49.0,72.0,68.6,58.4,56.6,80.2,69.6,34.0,244.0,243.4,214.6,266.0,230.8,328.0,353.8,342.0,367.4,381.4,355.6,227.6666666666667,42.4,31.6,56.6,82.0,72.6,65.2,65.2,85.0,74.8,25.33333333333333,0.1629629629629629,0.11728412,6.136363636363639,-0.054572070066907674,-0.054572070066907674,medium
3953,2013/2014,4,10,0,6.473337424876569,3.7873228128162353,9,4,7.650870073288213,4.654251814786427,19,4,13.910679530322403,7.8049959392867745,44,1,30.166976108889834,14.718960286429361,6.396825396825397,5.246056782334384,6.412698412698413,5.670347003154575,12.80952380952381,10.91640378548896,23.53968253968254,18.635646687697157,1,8.469078065079337,8.821642078340638,17.29072014341997,29.41851651639422,2.991147051026747,3.656902610794988,6.648049661821735,13.88556622213298,282.0,270.2,244.0,279.6,253.6,317.0,358.2,340.2,368.4,359.4,353.6,300.0,44.4,32.8,55.6,80.0,76.8,64.2,64.4,67.8,71.8,24.0,267.8,246.6,226.2,271.0,229.4,311.0,354.2,343.8,371.6,375.2,336.2,311.0,52.8,31.4,50.6,79.8,79.0,74.4,82.2,84.6,79.4,37.66666666666666,0.3244274809160305,0.94134706,3.0823529411764707,0.9131803977287422,0.9131803977287422,easy
3954,2013/2014,4,10,3,6.658868077600667,4.31397822857306,5,4,8.83340732754882,4.415338779955597,15,7,15.268648713453135,7.980192037918955,28,24,28.071509766970994,19.681073139638954,7.507042253521127,6.712328767123288,7.647887323943662,7.493150684931507,15.154929577464788,14.205479452054794,21.929577464788732,21.904109589041095,0,6.178993378938719,8.168111376129628,14.34710475506835,24.2982992903814,4.840888879153035,4.866383937907604,9.707272817060646,21.16150488178145,275.6,242.2,219.6,246.2,221.4,296.0,365.6,342.2,358.0,344.6,362.0,276.6666666666667,42.4,27.4,43.0,79.2,72.0,54.8,59.4,74.6,72.2,23.33333333333333,265.4,243.8,225.6,269.4,214.8,299.3333333333334,273.0,249.2,268.0,309.4,228.8,180.0,46.4,27.8,64.8,80.2,157.4,131.4,139.0,156.6,131.8,89.00000000000001,0.2952853598014888,0.08299057,3.38655462184874,-0.3012492879175803,-0.3012492879175803,medium
3955,2013/2014,4,5,3,3.555271399243428,4.396162224072225,7,8,4.057593649971368,5.135555774760043,12,11,7.77421309507296,9.04296322381313,16,20,23.33284284919104,16.687093426600683,4.027397260273973,5.376623376623376,4.972602739726027,5.753246753246753,9.0,11.12987012987013,23.10958904109589,20.025974025974026,0,4.938375243337153,5.451891485394611,10.39026672873177,23.34898051135114,6.40665326532899,6.379917439137453,12.78657070446644,22.67231269577263,270.2,240.6,214.0,265.2,229.2,285.3333333333333,281.4,269.2,282.2,257.0,269.0,214.6666666666667,48.8,29.0,52.2,73.8,140.2,128.4,126.4,151.6,122.4,72.33333333333334,254.4,224.6,195.4,244.8,203.0,284.3333333333334,200.4,189.4,197.0,204.4,194.6,173.6666666666667,45.8,25.6,54.2,73.2,208.4,171.2,193.2,222.4,197.0,96.0,0.526711813393529,0.0716404,1.8985714285714284,-0.9615102170097433,-0.9615102170097433,hard
3957,2013/2014,4,9,5,10.62916153228774,4.7058472037188,7,4,9.287040880887382,3.9703986272019187,16,9,19.741603327260776,8.188135591034122,33,22,25.810319122299276,11.365684733317817,7.424657534246576,5.7317073170731705,7.506849315068493,5.551219512195123,14.931506849315069,11.282926829268293,22.52054794520548,22.263414634146343,0,6.312198560175606,5.395425920733311,11.70762448090892,22.45946654742524,5.778149341179646,6.122834777501473,11.90098411868111,15.14438765506116,251.8,249.0,230.0,273.6,235.0,329.0,370.8,348.0,395.8,412.6,374.0,235.0,42.8,39.0,53.0,73.4,80.8,67.2,71.6,68.8,75.0,27.0,298.4,263.0,233.0,273.6,228.0,320.0,363.6,345.6,364.4,389.6,355.4,262.0,42.2,29.6,63.8,81.8,79.4,69.4,71.0,76.2,76.4,36.33333333333334,0.5766710353866318,0.07948431,1.734090909090909,-1.1744689911650064,-1.1744689911650064,hard
3958,2013/2014,4,6,4,8.107709773165515,3.7388909815740288,12,1,8.9338452104456,3.225909649322742,18,5,17.236577297675993,7.516753851487597,25,6,25.23417208498681,15.527302953812757,7.9324324324324325,5.333333333333333,7.756756756756757,5.486111111111111,15.68918918918919,10.819444444444445,21.824324324324323,19.38888888888889,1,6.988402843764426,7.956350559743541,14.94475340350796,25.86881467313429,3.982126469903949,5.326354561331325,9.308481031235281,15.74225421182339,268.8,245.4,230.6,264.4,231.8,307.6666666666667,304.8,283.6,278.6,301.0,281.0,266.3333333333333,43.6,32.8,53.0,78.2,148.6,127.2,115.8,138.2,140.6,57.66666666666667,259.0,234.4,205.4,258.8,222.8,293.6666666666667,367.6,329.6,339.0,365.2,326.8,242.6666666666667,51.4,33.4,51.8,77.6,75.6,61.0,59.4,75.0,69.0,24.0,0.5397727272727273,0.9401119,1.8526315789473684,0.8698727172098042,0.8698727172098042,easy
3959,2013/2014,5,9,4,7.563414658261163,3.847704805921132,3,2,8.348191523094027,4.4838387195097,12,6,16.06843566512101,8.435341864685258,14,24,24.444595274624007,18.30911488500088,7.2898550724637685,4.04054054054054,6.884057971014493,5.0,14.173913043478262,9.04054054054054,24.028985507246375,23.013513513513512,1,8.567882114439987,7.302723827530063,15.87060594197005,30.92067842924473,4.525060881142393,3.113588035225388,7.638648916367785,14.81060664105618,257.4,244.2,220.0,242.6,226.0,304.0,369.4,339.0,347.2,338.0,346.2,271.0,41.8,30.6,56.4,80.4,64.6,65.4,63.0,56.0,74.0,25.0,250.4,231.2,212.6,259.0,208.4,294.0,343.8,348.6,374.2,370.0,332.2,281.6666666666667,45.8,29.0,54.4,69.4,75.8,61.4,53.2,72.2,70.2,22.66666666666667,0.4539682539682539,0.9647302,2.202797202797203,0.9354070580975954,0.9354070580975954,easy
3960,2013/2014,5,0,15,3.649396506261348,10.179054965058034,5,9,3.8048101455548333,8.191504771416735,5,24,6.916242483492484,18.69736813368465,14,30,11.972185864839979,24.356172637761432,5.17262830482115,7.906666666666666,5.604976671850701,7.8133333333333335,10.777604976671851,15.72,18.346811819595644,21.866666666666667,0,5.159069783305789,5.626549163029159,10.78561894633495,27.6143407654283,5.891364405484557,5.083119260384935,10.97448366586949,18.98419445758371,274.2,249.6,229.4,238.2,237.0,286.0,361.2,342.0,352.6,361.0,320.0,296.3333333333334,49.2,31.8,50.2,71.6,73.2,65.4,53.8,77.2,68.6,28.0,274.6,243.8,222.4,236.6,226.0,284.3333333333333,277.4,251.2,260.6,298.0,228.6,229.3333333333334,45.6,31.2,51.8,77.6,152.4,132.6,113.0,128.4,138.8,50.66666666666667,0.4549295774647887,0.042304274,2.198142414860681,-0.7570128280967858,-0.7570128280967858,hard
3961,2013/2014,5,12,2,8.920096953581027,3.2491957734054195,12,3,9.423228907898839,2.4929955244967186,24,5,19.07250153283642,5.046000136874312,41,12,25.67021878150396,11.827217163985488,5.95945945945946,4.717948717948718,5.824324324324325,5.666666666666667,11.783783783783784,10.384615384615385,17.87837837837838,17.53846153846154,1,8.540422014356356,9.061945474408887,17.60236748876525,28.30394615378915,3.006967471573195,3.56366680174568,6.570634273318879,15.91988043371606,255.0,238.6,214.6,232.8,210.6,299.6666666666667,335.0,329.8,363.6,348.6,343.6,247.0,44.8,33.2,45.6,72.2,80.8,75.4,66.2,57.4,73.4,62.66666666666666,280.8,261.8,227.6,263.0,245.0,325.6666666666667,228.0,219.6,222.4,206.8,219.2,219.3333333333333,36.2,28.2,56.2,81.6,213.0,200.8,238.6,255.2,221.8,95.0,0.1630716134598792,0.8956997,6.132275132275133,0.8753772463380677,0.8753772463380677,easy
3962,2013/2014,5,5,5,4.184345249545595,7.608899438129971,5,5,5.091665339936412,6.064587457628016,10,10,9.065520369901494,12.9869381936922,19,21,17.825581631454327,23.447764237758584,5.17262830482115,7.445945945945946,5.646967340590981,7.5,10.81959564541213,14.945945945945946,18.388802488335923,22.66216216216216,0,7.218570918183334,6.820434405740931,14.03900532392427,24.12548346908273,6.754756803880545,5.03241531746726,11.78717212134781,17.4223310802396,289.0,256.8,249.8,258.0,246.0,279.3333333333333,205.0,206.2,210.0,227.2,177.0,180.0,45.6,31.2,51.8,77.6,223.4,189.4,188.0,218.8,208.8,96.66666666666667,250.4,240.0,221.2,250.4,224.6,295.0,358.8,351.8,369.0,363.8,349.6,274.6666666666667,45.8,29.0,54.4,69.4,75.8,61.4,53.2,72.2,70.2,22.66666666666667,0.4877741700351202,0.028682698,2.0501290585518275,-0.89626770100784,-0.89626770100784,hard
3963,2013/2014,5,8,8,5.536320204633299,8.099488431736756,4,3,4.832005116480918,5.559762895302539,12,11,11.073629547147831,13.056564857902305,24,20,21.969836656685743,26.385793237853797,5.721153846153846,7.541666666666667,5.528846153846155,7.611111111111111,11.25,15.152777777777779,22.259615384615387,22.01388888888889,0,6.754241337634578,6.862650068964905,13.61689140659949,19.12524801378287,4.438754538468221,5.635671402624684,10.0744259410929,16.60648512716149,234.8,216.8,208.2,263.4,199.6,296.0,351.2,330.6,350.4,367.6,316.4,301.6666666666666,41.6,27.6,49.0,72.0,68.6,58.4,56.6,80.2,69.6,34.0,267.2,258.4,234.4,266.4,240.0,331.0,358.8,367.2,410.0,389.4,368.4,254.3333333333333,39.2,37.4,53.4,78.0,79.2,71.2,69.4,60.2,77.4,26.66666666666667,0.1506626365961404,0.18678251,6.637345679012347,0.04252711532378964,0.04252711532378964,medium
3964,2013/2014,5,3,3,4.057516624801391,4.407275115784656,8,7,6.260355446254219,3.7955250393728646,11,10,9.876853233250955,8.076559596068503,20,24,22.596870461451875,19.07352978908915,5.346153846153846,6.453125,5.782051282051282,6.453125,11.128205128205128,12.90625,20.025641025641026,23.859375,1,7.760526712373347,6.722150961306607,14.48267767367995,23.60933777002157,4.421183072748887,4.496954285570778,8.918137358319667,16.34613687495934,280.8,261.8,227.6,263.0,245.0,325.6666666666667,360.0,349.2,389.8,406.6,371.0,241.6666666666667,36.2,28.2,56.2,81.6,77.0,66.4,73.0,75.4,79.0,25.0,251.4,232.4,215.6,270.2,216.2,305.6666666666667,369.2,334.2,349.0,375.2,336.2,273.0,47.6,30.2,47.6,73.6,77.4,66.8,66.4,72.6,75.6,21.33333333333333,0.61906165672691,0.8611045,1.615347985347985,0.635385846345153,0.635385846345153,medium
3965,2013/2014,5,5,7,7.495238305213135,3.2495674198304485,7,1,8.05405750385998,4.800639489553882,12,8,15.876289143480527,7.251886062227564,22,11,23.978372195342512,17.097439903235053,5.753623188405797,5.197852760736195,6.043478260869565,5.638036809815952,11.797101449275363,10.835889570552148,18.043478260869566,18.742331288343557,0,5.900658467256049,8.826452450343517,14.72711091759956,24.67950382755184,2.29091537213816,4.459826608341048,6.750741980479209,11.53283158263763,267.6,252.6,229.2,278.0,232.6,301.6666666666666,281.2,263.0,299.4,286.0,274.6,234.3333333333333,44.4,32.8,55.6,80.0,147.2,136.8,143.2,147.6,143.8,68.33333333333334,241.0,242.0,217.0,259.2,215.2,299.0,293.8,276.6,272.8,262.4,271.4,235.6666666666667,41.8,30.6,56.4,80.4,129.0,118.2,135.6,137.4,134.0,55.33333333333333,0.6008893161879582,0.1804157,1.6642000000000001,-1.0535263458232638,-1.0535263458232638,hard
3966,2013/2014,5,3,3,6.157289255041578,2.9179855319748045,9,11,6.122805440505438,6.373048100868473,12,14,12.377759031720316,9.020212634995103,37,14,22.053357237597425,15.690205178200317,5.315068493150685,4.883116883116883,5.424657534246576,5.48051948051948,10.73972602739726,10.363636363636363,19.205479452054796,18.38961038961039,0,5.487219667349535,7.772997532562666,13.2602171999122,23.00550986892306,5.662031312662936,5.222736927568083,10.88476824023103,20.05091488171821,196.0,162.0,144.0,194.8,151.2,217.3333333333333,358.2,326.2,347.6,334.8,331.0,315.6666666666667,48.8,29.0,52.2,73.8,146.2,138.2,126.4,143.0,129.8,76.33333333333334,268.4,244.4,221.8,277.2,224.4,308.3333333333334,226.4,220.2,222.6,211.8,208.2,213.0,52.8,31.4,50.6,79.8,209.4,183.8,220.2,249.8,208.0,122.3333333333333,0.1506626365961404,0.008839681,6.637345679012347,-0.16698071225695443,-0.16698071225695443,medium
3967,2013/2014,5,3,4,8.309292068313512,4.698319406277169,6,3,6.768795722563901,3.069880420628032,9,7,15.56392574344367,7.554168987774939,23,31,29.12368248967824,18.730837398320872,5.260869565217392,4.571428571428571,5.550724637681159,5.1571428571428575,10.81159420289855,9.728571428571428,16.971014492753625,18.314285714285713,1,5.091506147585925,6.894200923719881,11.98570707130581,20.40306365602773,6.241605458353019,5.912602493000751,12.15420795135376,20.05824427843674,260.2,257.0,240.8,266.0,248.6,330.6666666666667,370.8,348.0,395.8,412.6,374.0,235.0,42.8,39.0,53.0,73.4,80.8,67.2,71.6,69.8,75.0,27.0,263.0,239.8,213.6,278.8,201.2,295.0,341.2,321.2,352.8,368.0,301.0,237.0,44.0,30.8,49.6,70.8,68.8,60.4,65.6,73.4,62.0,29.0,0.7609013754755634,0.28750426,1.3142307692307693,-1.9799240612341689,-1.9799240612341689,hard
3968,2013/2014,5,2,3,6.035930095481276,6.319818070397655,6,6,6.870420262038145,7.838618443212405,8,9,12.38074751898945,14.611149752622392,19,20,20.632176906774276,21.650639238454882,6.662162162162162,6.72972972972973,7.445945945945946,6.554054054054054,14.108108108108109,13.283783783783784,21.93243243243243,22.72972972972973,0,8.262044034644253,7.953607745137434,16.21565177978169,29.1444827925313,3.949155637990093,3.671630391751722,7.62078602974182,15.46448729756864,279.8,255.0,251.2,271.2,248.6,308.3333333333333,304.6,283.6,278.6,301.0,281.0,267.6666666666667,43.6,32.8,53.0,78.2,148.6,127.2,115.8,138.2,140.6,57.66666666666667,254.6,237.2,212.6,244.6,227.6,286.0,356.6,343.0,357.6,368.4,338.8,280.6666666666667,49.2,31.8,50.2,71.6,73.2,65.4,53.8,77.2,68.6,28.0,0.4765957446808511,0.08536993,2.0982142857142856,-0.7474639419375397,-0.7474639419375397,hard
3969,2013/2014,6,1,9,3.367802078950777,3.6010363525629776,3,10,6.136287545698677,4.761167500104889,4,19,9.649077230709054,7.578004733574022,6,35,17.97769048730258,16.77093415868824,4.858974358974359,5.3164556962025316,5.551282051282051,5.810126582278481,10.41025641025641,11.126582278481013,18.333333333333332,20.025316455696203,1,2.265941971220869,4.691692616840411,6.957634588061271,16.90338820864968,6.421385409744707,7.341210781369899,13.76259619111459,23.57853531151499,266.4,234.4,210.2,276.2,225.2,296.0,279.0,254.0,270.6,300.2,253.6,202.0,51.4,33.4,51.8,77.6,152.8,118.4,125.2,141.0,140.4,54.0,254.4,224.6,195.4,244.8,203.0,284.3333333333334,200.4,189.4,197.0,204.4,194.6,173.6666666666667,45.8,25.6,54.2,73.2,222.2,195.8,207.8,220.6,209.0,123.3333333333333,0.4877741700351202,0.91732705,2.0501290585518275,0.838600576602472,0.838600576602472,easy
3970,2013/2014,6,8,9,7.601309654144197,5.157048933095966,7,5,6.809033740995756,5.6593351601230815,15,14,14.445031775282866,11.034333404852774,8,15,26.846949976794473,18.665603663006223,6.68,5.742857142857143,6.546666666666667,6.057142857142857,13.226666666666667,11.8,22.69333333333333,18.1,1,7.238312190869492,7.011100148507342,14.24941233937684,22.81725769999795,5.405134007409574,5.37416442977766,10.77929843718724,16.68724100130101,296.0,253.6,240.8,285.0,238.8,318.6666666666666,300.0,284.2,278.8,313.2,279.0,248.6666666666667,42.2,29.6,63.8,81.8,79.4,68.8,71.0,75.4,76.4,36.33333333333334,251.6,245.0,211.2,262.6,226.8,328.6666666666667,355.4,328.0,348.0,393.4,348.6,226.0,42.4,31.6,56.6,82.0,86.0,75.6,83.4,78.4,83.8,40.0,0.3490841518449694,0.92872363,2.864638783269963,0.8904983387442632,0.8904983387442632,easy
3971,2013/2014,6,4,6,6.618530281856609,6.3473052163302714,3,11,6.465744467012986,5.450604821612481,7,17,13.416112085589852,12.107055681153156,27,28,22.184231711261113,21.532932972450823,4.65,5.10122699386503,5.6,5.596625766871167,10.25,10.697852760736197,17.4,18.286809815950917,0,5.731886609619925,7.050134177395206,12.78202078701514,23.1708140726379,5.956575923488378,5.431277304915111,11.38785322840349,18.64305631298671,254.2,241.6,209.2,227.6,204.4,300.3333333333333,359.6,347.0,353.8,357.6,347.6,281.6666666666666,44.0,33.2,45.6,72.2,69.6,57.0,61.2,75.2,67.8,25.33333333333333,275.6,242.2,219.6,246.2,221.4,296.0,353.4,347.2,356.8,352.8,346.6,287.3333333333334,42.4,27.4,43.0,79.2,71.8,54.6,59.4,74.4,71.6,23.33333333333333,0.509961673687878,0.03700678,1.9609316770186338,-0.9651385620038945,-0.9651385620038945,hard
3972,2013/2014,6,5,7,5.2948522692705815,5.367740104105857,4,8,7.086681054434959,5.348100641385473,9,15,12.674381029452658,9.753425229457982,19,42,20.939858942371288,19.43563929190301,5.222390317700453,6.6,5.574886535552195,7.426666666666667,10.797276853252647,14.026666666666667,18.636913767019664,21.893333333333334,1,6.141338709167664,7.935597771924097,14.07693648109176,18.35802977023914,4.651179069890765,4.60700624346059,9.258185313351357,15.28679491162402,251.0,245.2,231.6,257.8,221.2,317.6666666666667,353.6,357.6,394.0,390.0,358.0,235.0,39.2,37.4,53.4,78.0,71.2,61.0,58.2,61.6,73.2,28.0,191.6,164.6,156.2,197.0,154.6,216.6666666666667,358.2,326.2,347.6,334.8,331.0,315.6666666666667,48.8,29.0,52.2,73.8,149.4,127.6,113.4,136.4,130.4,60.33333333333334,0.8126195028680689,0.9589179,1.2305882352941175,0.7807558160655352,0.7807558160655352,easy
3973,2013/2014,6,10,2,6.747687021949619,2.3604663554333696,4,8,7.885078856152042,4.4191770899409555,14,10,15.069303239215419,5.642826506494924,32,25,36.0285056321172,12.4545983307517,6.4,5.228571428571429,6.461538461538462,5.557142857142857,12.861538461538462,10.785714285714286,23.861538461538462,17.057142857142857,0,8.728822096582483,9.647973359256815,18.37679545583929,25.41776375958884,3.481846373264753,3.27548321838895,6.757329591653708,15.47337795849302,267.8,246.6,226.2,271.0,229.4,311.0,344.6,325.8,369.0,390.2,338.2,283.6666666666667,52.8,31.4,50.6,79.8,79.0,74.4,82.2,84.6,79.4,37.66666666666666,266.4,234.4,210.2,276.2,225.2,296.0,358.2,327.0,337.4,370.4,322.4,266.6666666666666,51.4,33.4,51.8,77.6,77.2,57.4,65.8,66.0,71.4,30.0,0.7561436672967865,0.1474179,1.3224999999999998,-2.496247514273771,-2.496247514273771,hard
3974,2013/2014,6,4,3,8.345286286654282,3.0181752647216813,5,2,6.648419770071829,3.9685899482979146,9,5,14.631292726932564,6.852121583440287,24,12,30.731020564791763,13.414428463959805,7.5479452054794525,5.170245398773005,7.5479452054794525,5.638036809815952,15.095890410958905,10.808282208588958,21.986301369863014,18.39723926380368,1,5.666032774684685,7.976077546759747,13.64211032144443,23.95642024490732,2.860483526751357,4.652873443723793,7.513356970475156,14.99448015163127,252.0,249.8,239.2,270.6,236.2,295.0,359.6,345.2,374.0,388.0,374.2,216.6666666666667,42.4,31.6,56.6,82.0,86.0,75.6,83.4,78.4,83.8,40.0,267.6,252.6,229.2,278.0,232.6,301.6666666666666,358.2,340.2,369.0,359.6,353.6,300.0,44.4,32.8,55.6,80.0,77.8,64.2,64.4,67.8,72.4,24.0,0.5631014947785133,0.95523065,1.775878787878788,0.897529183142149,0.897529183142149,easy
3975,2013/2014,6,3,4,3.8261034739720174,4.460891578639361,4,3,7.588773752458233,5.60553119913,7,7,11.530405811709382,10.191403679384683,28,14,26.212764485101005,19.108511747471315,4.04,5.283783783783784,4.96,5.472972972972973,9.0,10.756756756756756,23.026666666666667,19.445945945945947,0,7.043745212412555,6.313794158931257,13.35753937134382,24.1973389374286,5.712763950074,5.535976164823624,11.24874011489761,19.17689076115031,260.2,231.6,217.6,277.0,216.6,301.3333333333334,372.0,329.4,357.4,381.4,340.6,264.0,49.8,28.8,58.0,68.4,78.8,70.6,71.2,61.8,72.8,26.33333333333333,198.8,177.6,151.2,167.0,159.4,225.3333333333333,428.4,393.2,406.4,445.2,378.2,346.0,45.6,31.2,51.8,77.6,70.6,64.4,51.4,58.6,65.2,24.0,0.5737166863594592,0.6665172,1.743020594965675,0.21769679637185815,0.21769679637185815,medium
3976,2013/2014,6,10,7,6.736780153060069,8.130785792268496,10,6,5.869569730519742,4.678573008763777,20,13,12.486377731072256,12.989078696826272,35,29,23.784014649098786,24.037868296491567,4.563380281690141,5.753554502369668,5.126760563380282,5.507109004739338,9.690140845070422,11.260663507109005,18.492957746478872,22.28436018957346,0,4.787933041382608,6.343952295646767,11.13188533702938,17.13494997380361,6.608476550771781,7.139533737964789,13.74801028873658,13.78298451429717,258.8,253.0,236.2,259.8,231.4,298.0,355.6,326.2,356.0,348.8,335.2,262.0,41.8,30.6,56.4,80.4,64.6,65.4,63.0,56.0,74.0,25.0,233.6,218.2,214.4,267.8,196.8,285.3333333333333,361.2,332.2,342.4,363.2,318.8,321.0,41.6,27.6,49.0,72.0,68.6,58.4,56.6,80.2,69.6,34.0,0.4667124227865477,0.2776255,2.1426470588235293,-0.35456839744648877,-0.35456839744648877,medium
3977,2013/2014,6,3,3,7.2399329726735004,5.288666459925793,5,4,6.466736623698189,2.6067583603386257,8,7,13.380670419645531,7.558708398285883,14,11,27.78689231826132,13.013233440354416,7.413333333333333,7.314285714285714,7.466666666666667,6.828571428571428,14.88,14.142857142857142,22.64,23.885714285714286,0,5.021283889173261,6.815715823233411,11.83699971240667,21.7896307774564,5.829339913483038,4.000253617250423,9.829593530733458,16.33309968130044,250.4,240.0,221.2,250.4,224.6,295.0,353.6,349.6,356.4,369.2,334.2,284.0,45.8,29.0,54.4,69.4,79.8,57.6,63.2,65.2,65.0,28.0,280.8,261.8,227.6,263.0,245.0,325.6666666666667,358.2,350.8,397.2,405.4,374.0,215.3333333333333,36.2,28.2,56.2,81.6,77.0,66.4,73.0,75.4,79.0,25.0,0.1493718215505825,0.055464108,6.694703121507861,-0.11039807893597033,-0.11039807893597033,medium
3978,2013/2014,6,3,7,9.141473857040861,5.773301718239796,8,4,8.025751118481114,5.555728556524932,11,11,17.45306808121996,11.801118606132153,15,25,23.87012493223594,12.52748972978129,8.0,6.04,7.828947368421052,5.906666666666666,15.828947368421053,11.946666666666667,21.973684210526315,18.186666666666667,0,6.573862587903262,7.233319888805299,13.80718247670856,24.53268527341503,4.301330254329281,4.31438988622629,8.615720140555565,17.24742398751003,263.0,239.8,213.6,278.8,201.2,295.0,275.2,256.8,273.8,290.0,234.0,195.3333333333333,46.4,27.8,64.8,79.6,134.8,124.8,144.6,151.4,129.0,70.66666666666666,279.8,255.0,251.2,271.2,248.6,308.3333333333333,304.6,283.6,278.6,301.0,281.0,267.6666666666667,43.6,32.8,53.0,78.2,148.6,127.2,115.8,138.2,140.6,57.66666666666667,0.4430379746835444,0.12146843,2.2571428571428567,-0.5773635025728835,-0.5773635025728835,hard
3979,2013/2014,7,3,11,4.731623262173966,7.911598835455335,6,5,6.259591071520182,5.378440247024338,9,16,10.867383135120756,13.463110427398096,16,12,17.616558345954168,23.88985348041043,5.113464447806353,5.788732394366197,5.670196671709532,6.042253521126761,10.783661119515886,11.830985915492958,18.419062027231465,18.056338028169016,0,5.114005792403958,7.087883869595943,12.20188966199991,24.8326421749768,5.48400764102992,5.458994203041208,10.94300184407113,18.4821193381709,260.2,246.8,219.2,238.4,240.0,288.3333333333333,345.0,322.6,340.8,351.4,319.6,256.3333333333333,49.2,31.8,50.2,71.6,73.2,65.4,53.8,77.2,68.6,28.0,285.6,275.2,264.6,258.2,254.4,329.3333333333333,295.4,280.6,316.4,324.6,294.6,211.6666666666667,42.8,39.0,53.0,73.4,151.4,133.8,149.2,156.2,157.2,49.33333333333333,0.1630716134598792,0.03979124,6.132275132275133,-0.14730098367351843,-0.14730098367351843,medium
3980,2013/2014,7,4,7,4.753969801392678,7.190265424499704,3,8,5.901767893197219,5.978243194721684,7,15,10.302266177693705,13.688490348367509,22,18,18.11961515442149,28.67323418448101,4.634146341463414,4.026315789473684,5.536585365853658,4.947368421052632,10.170731707317072,8.973684210526315,17.634146341463413,23.092105263157894,1,6.421419827528258,7.55060444975166,13.97202427727993,24.70179380487857,5.97219238438403,4.806718122186423,10.77891050657045,18.05757420230889,265.4,242.6,217.6,240.8,228.2,302.6666666666666,345.8,328.4,350.8,353.0,340.8,228.3333333333333,42.4,27.4,43.0,79.2,71.4,64.0,77.8,65.2,84.2,25.0,296.0,253.6,240.8,285.0,238.8,318.6666666666666,365.2,344.0,351.0,379.6,349.8,285.0,42.2,29.6,63.8,81.8,76.0,61.8,65.6,82.6,71.2,24.33333333333333,0.1677786650866843,0.87950647,5.960233379395058,0.8552145611123242,0.8552145611123242,easy
3981,2013/2014,7,2,8,6.118337245660205,4.42712104024035,8,8,7.1813546008545766,6.5767987801621315,10,16,13.192729505498146,10.967882001735175,34,19,23.535113219654313,15.722419201641024,5.219402985074626,4.810126582278481,5.553731343283583,5.518987341772152,10.773134328358209,10.329113924050633,18.641791044776117,18.17721518987342,0,6.851481401607524,8.342611318063572,15.19409271967109,21.47567246828157,5.597271682866359,5.0801339017699,10.67740558463626,18.48680298278992,254.4,224.6,195.4,244.8,203.0,284.3333333333334,200.4,189.4,197.0,204.4,194.6,173.6666666666667,45.8,25.6,54.2,73.2,222.2,195.8,207.8,220.6,209.0,123.3333333333333,255.0,236.0,220.8,247.2,220.4,296.0,358.8,345.0,354.6,350.0,345.4,290.6666666666666,44.0,33.2,45.6,72.2,71.8,62.6,56.2,61.0,68.8,19.33333333333333,0.2994895065229722,0.2671306,3.339015151515152,-0.04619330259469835,-0.04619330259469835,medium
3982,2013/2014,7,5,6,7.676789508343136,6.269104884426087,4,5,6.667884510533256,4.994736664308977,9,11,14.591633270707643,11.180558061397571,30,17,27.29608157974462,17.36725629271013,5.771028037383178,5.140695915279879,5.514018691588786,5.588502269288957,11.285046728971963,10.729198184568835,22.378504672897197,18.310136157337364,1,7.056050910333395,7.970722037181537,15.02677294751493,20.339761007448,3.437643187306171,4.676750753628657,8.114393940934832,19.65222319598949,245.6,250.6,228.6,261.2,223.2,322.3333333333334,358.8,367.6,410.0,389.8,369.0,254.3333333333333,39.2,32.2,53.4,78.0,79.2,71.2,69.4,60.2,77.4,26.66666666666667,267.6,252.6,229.2,278.0,232.6,301.6666666666666,358.2,340.2,369.0,359.6,353.6,300.0,44.4,30.0,55.6,80.0,77.8,64.2,64.4,67.8,72.4,24.0,0.5737166863594592,0.95153666,1.743020594965675,0.8863118892454682,0.8863118892454682,easy
3983,2013/2014,7,6,4,5.093681844769616,4.726504613826904,9,1,6.921221491717908,4.638918614435724,15,5,12.267839359680082,8.528730163827934,23,11,24.48703960894093,11.945353626952159,5.3625,6.697368421052632,5.8625,6.552631578947368,11.225,13.25,20.2125,22.5,1,11.07751058169356,9.664105952492736,20.7416165341863,28.76581098489954,1.764352237432932,2.309723439720472,4.074075677153407,12.81610596763314,254.4,224.6,195.4,244.8,203.0,284.3333333333334,271.2,248.0,267.4,280.4,258.6,209.3333333333333,45.8,25.6,54.2,73.2,151.4,137.2,137.4,144.6,145.0,87.66666666666666,238.4,219.4,215.6,272.4,196.8,286.6666666666667,351.2,332.6,350.4,369.0,319.2,305.0,41.6,27.6,49.0,72.0,68.6,58.4,56.6,80.2,69.6,34.0,0.3488372093023256,0.9712669,2.8666666666666667,0.9558742067643574,0.9558742067643574,easy
3984,2013/2014,7,7,12,3.848930961320574,6.0038497544834435,9,8,4.715726267350336,8.58960423760474,16,20,8.155923482039766,14.989488744145584,22,20,21.188699295482696,21.750683304764507,5.266666666666667,6.052631578947368,5.44,5.881578947368421,10.706666666666667,11.93421052631579,19.373333333333335,18.276315789473685,0,4.785353558993884,6.45289643933242,11.2382499983263,20.41737531425208,6.170116190825647,4.496581753712914,10.66669794453856,21.51705043061516,263.2,242.6,217.6,240.8,228.2,302.6666666666666,345.4,335.8,350.6,355.6,343.8,251.6666666666667,42.4,27.4,43.0,79.2,71.4,64.0,77.8,65.2,84.2,25.0,278.0,239.6,217.8,254.8,228.4,277.0,205.0,206.2,208.8,227.2,177.0,180.0,45.6,31.2,51.8,77.6,223.4,189.4,188.0,218.8,208.8,96.66666666666667,0.3551797040169133,0.006729485,2.8154761904761907,-0.5403834551771277,-0.5403834551771277,hard
3985,2013/2014,7,5,9,5.850521169625782,4.744346432459948,6,7,4.633038888958435,3.845396940124382,11,16,9.841033194222334,7.8875422265191,23,33,23.68382652525205,17.109190259339606,7.5,7.355263157894737,7.513513513513513,7.434210526315789,15.013513513513514,14.789473684210526,22.013513513513512,22.526315789473685,1,6.491354277381181,6.339235701127057,12.83058997850824,23.9852937754879,6.151402589261341,5.187492787121076,11.33889537638242,21.09262745366664,256.6,237.6,212.4,272.8,218.2,308.0,344.6,325.8,369.0,390.2,338.2,283.6666666666667,52.8,28.6,50.6,79.8,79.0,74.4,82.2,84.6,79.4,37.66666666666666,254.2,241.6,209.2,227.6,204.4,300.3333333333333,227.8,220.4,204.4,198.4,207.6,205.3333333333333,44.0,33.2,45.6,72.2,201.4,183.6,210.6,234.6,207.8,101.6666666666667,0.7561436672967865,0.08608682,1.3224999999999998,-2.747752532882748,-2.747752532882748,hard
3986,2013/2014,7,4,5,3.562983743573241,7.385889820735821,1,6,6.789719423222141,5.081183580150817,5,11,10.639137495049354,12.965487135692129,18,34,22.701846533250688,31.052282338182557,4.638888888888889,6.454545454545454,5.194444444444445,6.424242424242424,9.833333333333334,12.878787878787879,18.72222222222222,23.984848484848484,0,6.414757486857415,6.975545507039081,13.3903029938965,23.21259482399901,5.264828968508175,3.575773395139939,8.840602363648106,16.76926878578462,254.0,248.2,237.4,270.8,242.0,294.3333333333334,336.4,318.4,355.8,379.6,343.4,194.3333333333333,42.4,31.6,56.6,82.0,72.6,65.2,65.2,85.0,74.8,25.33333333333333,279.8,255.0,251.2,271.2,248.6,308.3333333333333,217.8,215.8,204.8,229.4,189.2,220.0,43.6,32.8,53.0,78.2,231.8,204.2,204.0,231.8,220.2,142.0,0.6361646262244228,0.45400724,1.5719201583635762,-0.50065876559863,-0.50065876559863,medium
3987,2013/2014,7,7,5,8.50998820417431,4.0782021377572475,9,8,9.632224744608678,3.0987075479090116,16,13,18.43332085746756,6.651686050499384,27,21,25.155204877386918,20.845599802041253,7.935064935064935,6.605263157894737,7.8311688311688314,7.434210526315789,15.766233766233766,14.039473684210526,21.883116883116884,22.157894736842106,0,6.67914373108856,8.54838853806222,15.22753226915077,23.38831192096635,3.373722769309636,4.870207521510561,8.243930290820192,15.19986402970892,241.6,230.2,218.4,255.8,209.8,296.3333333333333,356.4,322.4,343.0,375.8,334.6,261.6666666666666,49.8,28.8,58.0,68.4,77.4,66.8,66.4,72.6,75.6,21.33333333333333,285.6,275.2,264.6,258.2,254.4,329.3333333333333,381.0,360.4,402.2,398.4,377.2,278.0,42.8,33.6,53.0,73.4,80.8,67.2,71.6,69.8,75.0,27.0,0.1858190709046455,0.82439774,5.38157894736842,0.7843203507028185,0.7843203507028185,easy
3988,2013/2014,7,4,4,3.3618218475036192,6.707437127615789,5,8,5.182170054080218,3.142877234110644,9,12,8.194070297220787,9.4375870050283,30,23,21.497836278326833,21.129600927121146,5.183098591549296,7.253521126760563,5.591549295774648,6.788732394366197,10.774647887323944,14.04225352112676,17.169014084507044,23.704225352112676,0,3.702340167479252,5.98125652410153,9.683596691580782,17.9534934975775,6.713001142383035,4.423902708124563,11.13690385050759,21.12417444287686,256.4,241.8,219.0,260.4,219.6,298.0,369.4,339.0,347.2,338.0,346.2,271.0,41.8,30.6,56.4,80.4,64.6,65.4,63.0,56.0,74.0,25.0,280.8,261.8,227.6,263.0,245.0,325.6666666666667,368.8,344.6,382.6,400.4,368.2,240.0,36.2,28.2,56.2,81.6,77.0,66.4,73.0,75.4,79.0,25.0,0.149527200163269,0.018454878,6.68774643615408,-0.1541170119802712,-0.1541170119802712,medium
3989,2013/2014,8,8,6,5.785161955040358,3.3685275826149494,7,4,7.578946817252184,3.9304759177267927,15,10,13.154609398378623,7.496516859104172,31,12,20.98724398017008,20.126805939886573,7.208333333333333,5.2894736842105265,6.805555555555555,5.4868421052631575,14.01388888888889,10.776315789473685,23.694444444444443,19.407894736842106,1,7.401438656825301,7.805104609741146,15.20654326656646,27.6176346459628,3.300871367875015,4.423267525868257,7.724138893743272,11.33546519788644,250.4,231.2,212.6,259.0,208.4,294.0,277.6,274.8,299.2,285.2,262.4,221.6666666666667,45.8,29.0,54.4,69.4,155.6,119.0,116.4,137.4,135.2,50.66666666666667,285.4,253.4,231.2,278.2,233.6,313.0,298.4,281.0,290.0,321.0,282.6,223.0,42.2,29.6,63.8,81.2,76.0,61.8,65.6,82.6,71.2,24.33333333333333,0.2171071327081557,0.8787683,4.606020942408377,0.845149087170291,0.845149087170291,easy
3990,2013/2014,8,7,7,3.5463313403462724,8.896591939516531,12,7,5.297720375514821,8.664089888098912,19,14,8.718032663597905,17.674955688791094,21,23,16.394220761306855,25.416329157146304,4.85,7.923076923076923,5.55,7.846153846153846,10.4,15.76923076923077,18.1875,21.94871794871795,0,5.106857553295927,5.12494245067804,10.23180000397397,21.24625767782184,6.484574400110509,6.459986950558656,12.94456135066917,19.06308585483526,263.0,239.8,213.6,278.8,201.2,295.0,351.2,323.6,350.0,376.0,304.4,255.0,44.0,30.8,49.6,70.8,74.4,72.4,68.6,68.6,73.6,52.66666666666666,177.6,153.4,135.8,195.0,136.6,207.6666666666667,367.6,330.8,337.6,325.2,333.8,348.6666666666667,48.8,29.0,52.2,73.8,149.4,127.6,113.4,136.4,130.4,60.33333333333334,0.5602716468590832,0.043960325,1.784848484848485,-1.1741597137798672,-1.1741597137798672,hard
3991,2013/2014,8,9,6,10.421892247598766,2.578471137066739,10,5,8.581369655034445,4.255375927316415,19,11,19.815820049813475,6.365311909356812,24,20,29.32595577065718,10.849181869731833,6.12987012987013,5.085074626865671,5.909090909090909,5.674626865671643,12.03896103896104,10.759701492537314,18.2987012987013,18.3865671641791,1,9.08559077319887,8.540394757292159,17.62598553049103,26.84786658135656,4.048478412739036,4.40235655267822,8.450834965417261,13.60013870977657,255.6,230.0,195.4,229.6,211.0,286.6666666666667,361.2,342.0,352.6,361.0,320.0,296.3333333333334,49.2,31.8,50.2,71.6,71.2,63.6,51.8,63.8,69.6,41.33333333333334,275.0,243.2,216.8,259.6,222.2,293.3333333333333,369.8,328.4,325.8,369.6,325.8,244.0,47.4,28.8,51.8,77.6,77.2,57.4,65.8,66.0,71.4,30.0,0.5434782608695653,0.97415775,1.8399999999999996,0.9433931679952712,0.9433931679952712,easy
3992,2013/2014,8,5,2,7.325738061991631,2.581351974549485,5,2,8.267984954377248,3.6000464313304663,10,4,15.711128847766066,5.261406212829382,25,12,24.55938613181017,18.55470616642588,5.152238805970148,4.619047619047619,5.580597014925374,5.476190476190476,10.732835820895522,10.095238095238095,18.292537313432835,17.738095238095237,0,4.791144625928553,7.515969687296694,12.30711431322524,18.9732783640238,5.120585173143113,5.980338876656072,11.10092404979918,18.67470886249087,274.2,238.6,211.4,257.4,234.0,286.0,204.8,200.2,194.6,218.6,168.6,184.3333333333334,45.6,31.2,51.8,77.6,214.0,183.6,195.8,219.8,211.2,89.33333333333333,262.0,247.6,238.4,283.6,252.8,288.0,336.8,336.8,382.0,381.8,355.2,193.6666666666667,42.4,31.6,56.6,82.0,78.0,61.4,68.4,78.8,76.8,30.33333333333333,0.1858190709046455,0.04928077,5.38157894736842,-0.16770019695476013,-0.16770019695476013,medium
3993,2013/2014,8,7,2,8.418616989892556,4.249396739378273,4,7,7.932111317054073,4.0427210608579465,11,9,16.38495362795247,8.551779681198628,21,21,23.72576810618318,14.877949815239166,6.662337662337662,5.176730486008836,6.48051948051948,5.586156111929309,13.142857142857142,10.762886597938145,22.350649350649352,18.845360824742265,1,7.451038738541765,8.74630276670789,16.19734150524967,25.1926516563858,2.83560526797126,4.386670604187559,7.22227587215882,10.30445823177066,234.8,216.8,208.2,263.4,199.6,296.0,353.2,321.8,350.8,377.4,331.0,251.3333333333333,41.6,27.6,49.0,72.0,68.6,58.4,56.6,80.2,69.6,34.0,254.6,237.2,212.6,244.6,227.6,286.0,361.2,342.0,352.6,361.0,320.0,296.3333333333334,49.2,31.8,50.2,71.6,75.2,65.4,53.8,77.2,68.6,28.0,0.3722005139043043,0.95542765,2.6867238562091504,0.9290022461785785,0.9290022461785785,easy
3994,2013/2014,8,6,9,5.4864464022433,4.216496642271057,5,8,5.769823776250758,4.38622163795144,11,17,11.885223982668293,7.847219917398969,21,22,32.09218948721378,18.518516789593804,6.432835820895522,7.466666666666667,6.417910447761194,7.493333333333333,12.850746268656716,14.96,24.134328358208954,22.026666666666667,0,6.555383114291942,7.190976853335878,13.74635996762782,22.85752777479818,4.732659871691435,5.22153957832017,9.954199450011599,17.16231371560796,284.6,269.8,248.4,263.8,258.2,324.6666666666667,361.8,347.6,386.6,410.0,366.4,230.0,36.2,28.2,56.2,81.6,77.0,66.4,73.0,75.4,79.0,25.0,249.6,221.6,186.2,252.2,189.4,289.0,271.2,250.6,267.0,281.2,258.6,209.3333333333333,45.8,25.6,54.2,73.2,151.4,137.2,137.4,144.6,145.0,87.66666666666666,0.8267159795496574,0.056708544,1.2096052631578946,-4.443614641544736,-4.443614641544736,hard
3995,2013/2014,8,4,6,9.439278015807362,5.039019949791249,5,11,7.801456304773504,4.57375512422286,9,17,17.74776224987407,8.643188813758016,16,29,24.570665050239775,16.149604943432227,5.861111111111111,5.76036866359447,6.027777777777778,5.493087557603688,11.88888888888889,11.253456221198157,17.97222222222222,22.483870967741936,0,4.697215473876635,7.230843367743253,11.92805884161988,23.02793202466281,5.503105897194414,6.418956443246516,11.92206234044092,16.24456927156021,267.6,252.6,229.2,278.0,232.6,301.6666666666666,350.4,332.2,372.4,368.8,344.0,259.6666666666667,44.4,30.0,55.6,80.0,77.8,64.2,64.4,67.8,72.4,24.0,263.2,242.6,217.6,240.8,228.2,302.6666666666666,215.6,222.2,213.8,201.8,207.2,195.3333333333333,42.4,27.4,43.0,79.2,201.2,177.6,214.6,219.0,220.8,81.33333333333333,0.7135091057352542,0.7917099,1.4015238095238094,0.27296083656615033,0.27296083656615033,medium
3996,2013/2014,8,4,6,6.07629763218201,3.9701430961883784,6,2,5.94688604879902,4.975085517500151,10,8,12.35114832771259,8.363267437930116,24,19,30.22901865038709,17.241335629307883,4.064935064935065,5.166666666666667,4.987012987012987,5.583333333333333,9.051948051948052,10.75,23.025974025974026,17.34722222222222,0,9.144842649196454,9.134498541982742,18.2793411911792,25.83054936439179,4.298933924375827,3.980883139729788,8.279817064105613,16.48763182139425,177.6,153.4,135.8,195.0,136.6,207.6666666666667,367.6,330.8,337.6,325.2,333.8,348.6666666666667,48.8,29.0,52.2,73.8,149.4,127.6,113.4,136.4,130.4,60.33333333333334,258.4,248.6,226.8,261.2,220.0,297.3333333333333,345.2,325.4,350.0,363.6,327.8,248.6666666666667,41.8,30.6,56.4,80.4,64.6,65.4,63.0,56.0,74.0,25.0,0.4247885251930856,0.8064914,2.3541125541125547,0.663586987558838,0.663586987558838,medium
3997,2013/2014,8,8,3,9.475111909411748,3.1610975738848617,3,3,8.42437643784429,2.4437431059572803,11,6,17.80115808417636,5.550825775795198,28,11,33.6150452555704,14.39034704320035,7.376623376623376,4.63013698630137,7.428571428571429,5.136986301369863,14.805194805194805,9.767123287671232,22.662337662337663,18.71232876712329,1,8.155457112009614,6.787147619806545,14.94260473181616,21.37338167334261,6.423587345879711,5.733311797309951,12.15689914318966,16.1267396702169,267.4,261.6,253.0,275.0,248.2,334.3333333333333,369.4,354.6,406.8,408.8,377.6,238.0,42.8,33.6,53.0,73.4,80.8,67.2,71.6,69.8,75.0,27.0,272.6,254.0,237.6,265.0,238.0,326.6666666666667,354.6,359.4,381.6,396.8,357.8,267.3333333333333,39.2,32.2,53.4,78.0,79.8,71.6,69.4,62.6,77.6,26.66666666666667,0.5338278264778602,0.9289163,1.8732631578947367,0.8475161570419801,0.8475161570419801,easy
3998,2013/2014,8,0,11,4.5201782024298405,3.6867138777402384,6,3,6.133955809622124,6.8926911536176165,6,14,10.638999451983171,10.886006480537905,30,15,20.818456565619712,20.905421035318955,6.584415584415584,5.37037037037037,7.441558441558442,5.901234567901234,14.025974025974026,11.271604938271604,22.142857142857142,20.246913580246915,0,4.382892335850956,5.406370767514248,9.789263103365208,18.81582687837469,5.513857728209789,6.439355871751493,11.95321359996128,16.37044669035078,279.8,255.0,251.2,271.2,248.6,308.3333333333333,294.4,274.6,262.8,306.8,259.4,270.6666666666667,43.6,32.8,53.0,78.2,148.6,127.2,115.8,138.2,140.6,57.66666666666667,250.8,232.0,220.8,243.4,214.6,291.6666666666667,363.4,326.0,337.6,359.4,334.6,248.0,49.8,28.8,58.0,68.4,77.4,66.8,66.4,72.6,75.6,21.33333333333333,0.407185628742515,0.017713394,2.455882352941176,-0.6569885350763799,-0.6569885350763799,hard
3999,2013/2014,9,9,10,4.473565183191559,5.769297175205985,5,4,7.849583270102453,5.378522144621249,14,14,12.51535445456851,10.434669827830936,22,17,17.69569260940936,21.467689112536657,4.8765432098765435,6.666666666666667,5.62962962962963,6.448717948717949,10.506172839506172,13.115384615384615,18.22222222222222,22.333333333333332,0,4.68311696601688,5.784058734103168,10.46717570012004,18.99879450904972,5.386630633330725,5.79817854286514,11.18480917619587,20.64280288817496,275.0,243.2,216.8,259.6,222.2,293.3333333333333,371.4,324.8,332.2,360.6,328.2,250.0,47.4,28.8,52.2,78.0,75.6,61.0,59.4,75.0,69.0,24.0,274.0,236.8,222.6,265.8,219.4,300.6666666666667,351.6,324.8,350.0,376.4,303.8,255.0,46.4,27.8,64.8,79.6,74.4,72.4,68.6,68.6,73.6,52.66666666666666,0.3402061855670103,0.025107207,2.9393939393939394,-0.47757189068943257,-0.47757189068943257,medium
4000,2013/2014,9,3,9,5.420878784337312,5.429760863524887,9,5,7.089779964900904,4.459332212918902,12,14,12.783794280722798,10.345979001447361,24,16,20.304062238375572,17.446541774918046,6.166666666666667,5.439024390243903,5.961538461538462,5.865853658536586,12.128205128205128,11.304878048780488,18.371794871794872,20.182926829268293,1,6.915766938267787,7.094713459986627,14.01048039825442,23.52275153947839,4.909619403951544,5.1882080545873,10.09782745853884,13.98654584857387,285.4,251.4,231.2,278.2,234.0,313.0,300.6,284.2,278.8,313.2,279.0,248.6666666666667,42.2,29.6,63.8,81.2,79.4,69.2,71.0,75.4,76.6,36.33333333333334,256.6,237.6,212.0,272.8,218.0,307.6666666666667,329.6,314.8,355.2,394.6,315.0,298.3333333333334,52.8,28.6,50.6,79.8,79.0,74.4,82.6,84.6,79.6,37.66666666666666,0.3893129770992367,0.8876914,2.568627450980392,0.8160946324467658,0.8160946324467658,easy
4001,2013/2014,9,6,4,3.9035833469407617,5.420577562415678,7,4,3.7386593158548207,4.756146235722538,13,8,7.19172237529441,9.654428119611438,18,19,17.852586988384093,19.116257526958158,5.1502209131075105,7.219178082191781,5.572901325478646,6.808219178082192,10.723122238586157,14.027397260273972,18.38144329896907,23.794520547945204,0,4.663662533043164,6.150683096688709,10.81434562973188,20.20325503049514,6.448383505085097,5.013529088984614,11.46191259406972,18.95019094983245,254.2,241.6,209.2,227.6,204.4,300.3333333333333,337.0,335.0,360.8,372.0,339.0,256.0,44.0,33.2,45.6,72.2,69.8,56.2,61.2,75.2,67.8,24.66666666666667,250.4,231.2,212.6,259.0,208.4,294.0,349.6,344.2,360.6,362.2,341.4,282.3333333333334,45.8,29.0,54.4,69.4,79.4,57.6,63.2,65.2,65.0,28.0,0.5020047340708178,0.022967722,1.9920130869899924,-0.961930881011268,-0.961930881011268,hard
4002,2013/2014,9,3,4,7.650214634170772,5.6114528418617935,12,5,6.8495242194408945,4.845329053444715,15,9,14.991185860856373,10.04063457117269,20,21,29.895224041443285,22.57078245798929,5.763636363636364,5.178082191780822,5.568181818181819,5.534246575342466,11.331818181818182,10.712328767123287,22.572727272727274,17.36986301369863,1,6.869299510850065,9.211759228118687,16.08105873896875,23.00051259340001,1.8473168142811,3.129999861453899,4.977316675735006,14.44966067178541,278.8,263.6,245.4,265.0,250.2,328.6666666666666,344.2,356.6,395.2,389.8,367.4,233.3333333333333,39.2,32.2,53.4,78.0,79.8,71.6,69.4,62.6,77.6,26.66666666666667,280.8,261.8,227.6,263.0,245.0,325.6666666666667,364.8,347.2,382.4,380.6,360.2,271.3333333333333,36.2,28.2,56.2,81.6,77.0,66.4,73.0,75.4,79.0,25.0,0.4111321948134093,0.9835833,2.432307692307692,0.9721215383962964,0.9721215383962964,easy
4003,2013/2014,9,5,6,7.074537148473737,3.4324836152349123,12,2,6.549667388022525,4.867500290667655,17,8,13.522601943655562,8.151699724983011,42,16,27.86042325314319,15.777023644769969,6.426470588235294,4.064102564102564,6.397058823529412,5.0,12.823529411764707,9.064102564102564,24.08823529411765,23.03846153846154,1,8.642518370380584,8.960736289563666,17.60325465994424,25.97513903742529,4.902676152972185,3.570571158571447,8.473247311543643,19.04088627581922,254.4,219.2,189.4,253.8,192.2,284.6666666666667,266.8,250.0,263.6,284.4,253.4,218.0,45.8,25.6,54.2,73.2,151.4,137.2,137.4,144.6,145.0,87.66666666666666,279.8,255.0,251.2,271.2,248.6,308.3333333333333,371.4,352.6,343.8,381.2,333.4,339.3333333333334,43.6,32.8,53.0,78.2,78.2,67.4,65.0,80.0,76.0,22.66666666666667,0.3010752688172043,0.1466269,3.321428571428571,-0.22097997367382052,-0.22097997367382052,medium
4004,2013/2014,9,17,7,7.887132668763117,3.8123742561889933,12,2,6.411040319426011,6.71675991775974,29,9,14.850068825699088,10.877074240302893,44,14,26.030249240564856,18.04166973571636,5.298701298701299,5.097201767304859,5.467532467532467,5.665684830633285,10.766233766233766,10.762886597938145,19.31168831168831,18.407952871870396,0,5.882295811569763,7.364784178640106,13.24707999020987,20.87707745797371,4.930229805969505,4.34171153769022,9.271941343659726,19.04656917422192,263.2,242.6,217.6,240.8,228.2,302.6666666666666,359.2,353.2,359.0,354.8,344.2,302.6666666666667,42.4,27.4,43.0,79.2,66.4,66.4,77.4,76.4,66.6,28.0,276.4,262.0,256.8,265.4,253.6,329.3333333333333,297.4,288.8,327.4,320.8,298.2,217.0,42.2,30.4,49.8,81.0,156.8,133.6,141.4,138.0,152.8,53.0,0.1020948023164367,0.019376315,9.794817927170868,-0.092123851238808,-0.092123851238808,medium
4005,2013/2014,9,6,0,9.161558957831936,2.344000360540103,11,1,7.9864557514474175,2.5428630638664034,17,1,17.0198225015572,4.930768960651832,34,11,30.9942116234987,15.71419188837363,7.4868421052631575,4.558139534883721,7.5,5.395348837209302,14.986842105263158,9.953488372093023,22.026315789473685,17.6046511627907,1,4.724954764744451,7.588934392453307,12.31388915719776,22.30258886749204,3.790261835026503,4.548356337997234,8.338618173023738,16.36268246976949,256.6,237.6,211.6,272.8,218.0,307.6666666666667,329.6,314.8,355.2,394.6,315.0,298.3333333333334,52.8,28.6,50.6,79.8,79.0,74.4,82.6,84.6,79.6,37.66666666666666,234.8,214.6,207.6,263.4,199.0,296.0,348.4,325.6,343.8,371.6,323.8,289.6666666666666,41.6,27.6,49.0,72.0,76.8,64.2,70.8,76.4,72.0,25.66666666666667,0.8097165991902834,0.94773775,1.235,0.7253452146306952,0.7253452146306952,easy
4006,2013/2014,9,5,7,5.532600825362354,7.4474662863271615,2,7,5.976349594828322,4.2085972371674565,7,14,11.989242302616875,11.598450571481262,23,14,23.558124254795196,21.80158626585834,4.608108108108108,5.835616438356165,5.108108108108108,6.013698630136986,9.716216216216216,11.849315068493151,18.60810810810811,17.945205479452056,1,6.444972558315655,6.343592385248249,12.7885649435639,20.39316211114685,5.847704769527406,5.592456954745963,11.44016172427337,19.71330509005126,244.8,240.8,231.6,280.6,239.4,287.6666666666667,346.4,326.8,352.0,380.8,342.8,234.0,42.4,31.6,56.6,82.0,78.0,61.4,68.4,78.8,76.8,30.33333333333333,254.2,241.6,209.2,227.6,204.4,300.6666666666666,347.4,339.6,356.8,362.4,337.4,287.3333333333334,49.0,27.8,51.0,74.4,72.4,56.2,61.2,75.2,68.0,24.66666666666667,0.7168214090660842,0.9059108,1.3950476190476189,0.6677389709331029,0.6677389709331029,medium
4007,2013/2014,9,7,7,9.351936120138864,3.45678308366459,7,3,9.134004380911946,3.6256146388263235,14,10,18.339481881602595,7.511367877707822,19,16,25.919208916016842,14.305970983728997,7.9113924050632916,5.135174418604651,7.8354430379746836,5.604651162790699,15.746835443037975,10.73982558139535,21.962025316455698,18.873546511627904,1,9.19485019955198,7.521631914283617,16.7164821138356,27.21528721221587,2.70038423429306,4.126225843952693,6.826610078245746,12.94879006112473,258.6,236.6,228.0,230.6,216.6,284.0,285.6,268.6,270.0,294.0,264.4,254.0,49.8,28.8,58.0,68.4,154.8,129.8,133.2,140.2,143.4,50.33333333333333,285.0,246.2,234.4,293.4,233.6,313.3333333333333,293.4,262.6,315.8,308.6,292.6,182.6666666666667,42.2,29.6,64.2,81.2,155.2,137.0,135.8,142.6,153.6,58.66666666666667,0.3812824956672444,0.9861659,2.622727272727272,0.9776406538586657,0.9776406538586657,easy
4008,2013/2014,9,8,7,7.992157755834972,3.221591964123437,3,8,7.381342074160001,5.197281124824095,11,15,14.997551675612282,8.203007657970286,21,22,25.66559522193584,21.855880146283358,7.384615384615385,6.5,7.371794871794871,7.423076923076923,14.756410256410257,13.923076923076923,22.73076923076923,22.243589743589745,0,6.716527443424328,7.929014424821488,14.64554186824582,22.48657214520249,4.676786051447712,5.127406130829168,9.804192182276871,13.97957511065846,258.8,254.4,236.0,260.6,231.8,298.0,364.4,324.4,344.0,358.0,331.8,254.6666666666667,41.8,30.6,56.4,80.4,64.6,65.4,63.0,56.0,74.0,25.0,275.6,236.2,205.4,257.2,229.4,285.0,206.8,184.2,205.2,234.2,175.8,166.6666666666667,45.6,31.2,51.8,77.6,196.8,184.6,183.2,205.6,192.2,81.33333333333334,0.4228624535315985,0.09186282,2.364835164835165,-0.5735195100715387,-0.5735195100715387,hard
3639,2013/2014,10,7,7,8.286078339518383,4.725319298998657,3,5,6.78434594432683,6.006056326513132,10,12,15.021346352287157,10.81053477185253,19,26,23.85203801887448,19.32695170555219,7.175675675675675,5.726457399103139,6.77027027027027,5.654708520179373,13.945945945945946,11.381165919282513,23.72972972972973,22.53811659192825,1,7.283383557533322,7.415191636862589,14.69857519439592,22.53192284980356,5.960904931353673,5.927242943211183,11.88814787456487,13.116116785486,250.4,231.2,212.6,259.0,208.4,294.0,349.6,344.2,360.6,362.2,341.4,282.3333333333334,45.8,29.0,54.4,69.4,79.4,57.6,63.2,65.2,65.0,28.0,275.0,243.2,217.2,259.6,222.2,293.6666666666666,301.6,266.8,275.0,294.4,263.0,202.0,47.4,28.8,52.2,78.0,152.8,118.4,125.2,141.0,140.4,54.0,0.4765957446808511,0.737355,2.0982142857142856,0.4981985654288191,0.4981985654288191,medium
3640,2013/2014,10,6,5,4.185225821335279,9.148907214055876,2,5,5.771187420505725,4.877971566594606,8,10,10.146471919274315,13.934971783899641,15,19,18.505536585329303,23.209625349450995,5.122093023255813,7.3924050632911396,5.617732558139536,7.3164556962025316,10.73982558139535,14.708860759493671,18.350290697674417,22.70886075949367,1,6.55939936321112,6.294808441472311,12.85420780468343,25.4540584277707,5.740438863862234,3.772524460166189,9.51296332402842,17.90912391093502,263.0,239.8,213.6,278.8,201.2,295.0,343.6,315.8,349.4,370.2,307.2,250.6666666666667,44.0,30.8,49.6,70.8,83.6,66.6,64.0,74.6,70.4,31.66666666666667,267.6,252.6,229.2,278.0,232.6,301.6666666666666,360.0,343.4,369.2,362.8,353.8,301.0,44.4,30.0,55.6,80.0,77.8,64.2,64.4,67.8,72.4,24.0,0.3244274809160305,0.9159773,3.0823529411764707,0.8756274146548771,0.8756274146548771,easy
3641,2013/2014,10,6,12,6.972584402703687,8.384713737968765,6,4,5.705350472018512,7.841363142340741,12,16,12.865454250642767,16.457150100808363,25,19,17.415091718811585,19.99509930137767,6.708860759493671,7.9,6.417721518987341,7.825,13.126582278481013,15.725,22.265822784810126,21.925,0,7.372408990193055,6.404257037475841,13.7766660276689,24.34543215231518,5.906626999260765,4.898015532334171,10.80464253159494,17.84965091004027,254.6,237.2,212.6,244.6,227.6,286.0,354.0,333.6,354.6,376.8,335.2,256.6666666666667,44.8,27.4,52.8,77.8,75.2,65.4,53.8,77.2,68.6,28.0,177.6,153.4,135.8,195.0,136.6,207.6666666666667,367.6,330.8,337.6,325.2,333.8,348.6666666666667,48.8,29.0,52.2,73.8,149.4,127.6,113.4,136.4,130.4,60.33333333333334,0.5023923444976077,0.1369132,1.9904761904761903,-0.7344725361237161,-0.7344725361237161,hard
3642,2013/2014,10,6,1,3.0216249827929387,7.083661277825513,6,4,4.195462535105361,8.191748824173759,12,5,6.924574627438477,15.650632906950303,19,18,15.335160158577182,33.140663745030054,4.454545454545454,6.405797101449275,5.295454545454546,6.478260869565218,9.75,12.884057971014492,17.454545454545453,24.347826086956523,0,6.205840409183956,7.663413745408331,13.86925415459229,24.09825684723705,5.525707399882746,4.376899597145042,9.902606997027792,18.13968313331048,274.2,238.6,211.4,257.4,234.0,286.0,341.2,322.0,337.0,378.2,319.6,215.6666666666667,45.6,31.2,51.8,77.6,70.6,64.4,51.4,58.6,65.2,24.0,258.8,218.0,193.0,257.0,194.4,282.6666666666667,336.4,307.4,328.4,360.6,312.2,245.0,45.8,25.6,54.2,73.2,78.2,68.4,66.4,76.2,70.8,43.66666666666666,0.5075733161456656,0.04537731,1.9701587301587298,-0.938608769678477,-0.938608769678477,hard
3643,2013/2014,10,8,2,6.483434514281452,5.2971906021373485,12,6,5.5861106287419755,3.391285441451409,20,8,11.726490168973502,8.502850929274135,28,5,27.942454360228332,19.103482697611938,5.15925394548063,4.613333333333333,5.571018651362985,5.066666666666666,10.730272596843616,9.68,18.836441893830703,18.666666666666668,1,6.00827971791526,8.091162750931389,14.09944246884664,26.44394881308854,3.841985127629865,5.055525306116411,8.897510433746277,14.27513796827572,234.8,214.6,207.6,263.4,199.0,296.0,344.8,318.2,352.2,366.6,329.2,235.0,41.6,27.6,49.0,72.0,68.6,58.4,56.6,80.2,69.6,34.0,240.6,230.6,219.4,275.2,204.0,287.0,285.6,268.6,270.0,294.0,264.4,254.0,49.8,28.8,58.0,68.4,154.8,129.8,133.2,140.2,143.4,50.33333333333333,0.2952853598014888,0.22945711,3.38655462184874,-0.09341120090283135,-0.09341120090283135,medium
3644,2013/2014,10,13,4,7.12411347874515,3.6660826597439584,7,2,7.6763567036056335,4.0344881766160725,20,6,15.328214951608413,7.731789176139152,27,6,28.226800405556855,16.459127931949283,5.481927710843373,5.448717948717949,5.855421686746988,5.551282051282051,11.337349397590362,11.0,20.132530120481928,19.628205128205128,1,7.475842628021198,8.109230344436654,15.58507297245785,26.19492400057158,3.548760857039652,4.627228874816654,8.175989731856305,13.25642102038104,286.6,271.4,250.4,264.2,263.0,335.3333333333334,355.8,336.8,386.6,396.8,360.8,246.3333333333333,36.2,28.2,56.2,81.6,78.0,71.6,75.4,84.8,76.2,31.33333333333333,275.0,238.2,226.4,266.8,215.4,304.3333333333334,324.4,321.4,326.8,371.4,288.4,262.3333333333333,44.0,30.8,49.6,70.8,68.8,60.4,65.6,73.4,62.0,29.0,0.727368908285393,0.98597646,1.374818181818182,0.948562204273991,0.948562204273991,easy
3645,2013/2014,10,10,9,6.159337028952441,6.952797945705654,4,6,6.837614894517037,7.601140310178255,14,15,12.881089898478095,14.640404371674565,15,29,16.797347981794353,19.19281772623543,5.851351351351352,6.1265822784810124,6.027027027027027,6.0,11.878378378378379,12.126582278481013,17.89189189189189,18.443037974683545,1,5.705813668250524,6.329152058293557,12.03496572654408,25.95216662723872,5.928342245640069,4.251826430164911,10.18016867580499,19.24355043222749,267.6,252.6,229.2,278.0,232.6,301.6666666666666,359.2,350.8,378.4,365.4,363.2,304.0,44.4,30.0,55.6,80.0,77.8,64.2,64.4,67.8,72.4,24.0,273.2,220.0,208.2,261.0,203.6,294.6666666666667,208.0,205.2,207.4,208.2,183.6,207.3333333333333,45.8,29.0,54.4,69.4,219.8,196.8,197.8,214.4,216.2,105.3333333333333,0.7131622220633446,0.88989955,1.4022055137844611,0.616157784642037,0.616157784642037,medium
3646,2013/2014,10,4,3,4.288572669638727,6.155741965768673,5,7,3.675780181089566,5.677395434523927,9,10,8.251941252685096,11.825012225755302,13,25,23.44957221340109,21.897921013886922,4.0886075949367084,7.467532467532467,4.962025316455696,7.545454545454546,9.050632911392405,15.012987012987013,22.949367088607595,22.181818181818183,0,5.282659823779326,5.656079360922126,10.93873918470146,21.95461491039008,6.383956885797748,6.41099242523503,12.79494931103278,18.28934129744615,177.6,153.4,135.8,195.0,136.6,207.6666666666667,367.6,330.8,337.6,325.2,333.8,348.6666666666667,48.8,29.0,52.2,73.8,149.4,127.6,113.4,136.4,130.4,60.33333333333334,244.8,240.8,231.6,280.6,239.4,287.6666666666667,364.0,353.8,377.0,384.4,363.8,245.3333333333333,42.4,31.6,56.6,82.0,78.0,61.4,68.4,78.8,76.8,30.33333333333333,0.1392215568862276,0.040466327,7.182795698924729,-0.11472781765072246,-0.11472781765072246,medium
3647,2013/2014,10,3,6,4.408581932629334,3.6834369001822838,2,6,6.3276069509854995,4.7488230829407385,5,12,10.592971588663842,8.061071120940657,30,13,27.729768436834725,16.281394321411923,5.162162162162162,5.161337209302324,5.527027027027027,5.591569767441862,10.68918918918919,10.752906976744185,17.41891891891892,18.376453488372093,1,6.30095295747277,7.343920991781074,13.64487394925385,23.6097842616573,5.042005731596161,4.805141357587214,9.847147089183377,17.85223034665354,295.8,271.2,271.4,264.6,259.0,329.0,367.4,350.8,401.0,409.2,371.4,241.3333333333333,42.2,30.4,49.8,81.0,80.8,67.2,71.6,69.8,75.0,27.0,275.0,244.8,225.2,274.4,232.8,321.3333333333333,329.6,314.8,355.2,394.6,315.0,298.3333333333334,52.8,28.6,50.6,79.8,79.0,74.4,82.6,84.6,79.6,37.66666666666666,0.5564516129032258,0.2555946,1.7971014492753625,-0.6782957857305351,-0.6782957857305351,hard
3648,2013/2014,10,4,3,6.66190989001649,5.228471733804435,5,2,9.759046563963931,6.045465363376939,9,5,16.48137684310867,11.68278899822597,23,5,33.92950560706993,13.415430421741494,6.506329113924051,4.926829268292683,7.430379746835443,5.621951219512195,13.936708860759493,10.548780487804878,22.240506329113924,18.26829268292683,0,7.691189070220137,7.743607067851031,15.43479613807116,25.5723779393731,5.343650555962475,4.002231774804219,9.345882330766688,12.64078606333851,279.8,255.0,251.2,271.2,248.6,308.3333333333333,225.2,219.2,217.6,228.4,195.8,213.6666666666667,43.6,32.8,53.0,78.2,226.8,197.4,212.8,240.4,225.4,99.66666666666667,258.8,254.4,236.0,260.6,231.8,298.0,358.8,333.2,345.4,343.8,331.4,277.0,51.0,31.2,47.6,71.8,64.6,65.4,63.0,56.0,74.0,25.0,0.5574572127139364,0.08110894,1.793859649122807,-1.0763892036610547,-1.0763892036610547,hard
3649,2013/2014,11,8,3,8.612132268255875,4.6958144979840295,7,3,7.806579951625489,3.8949083387656467,15,6,16.884591557133998,8.376228256540402,21,16,25.600105674394957,16.283142692902636,4.903614457831325,5.1334289813486365,5.578313253012048,5.571018651362985,10.481927710843374,10.704447632711622,18.10843373493976,18.30703012912482,1,4.089931704287018,5.218499407351938,9.30843111163896,19.39721348719254,5.896159261473525,5.873442568113984,11.76960182958751,22.74994636160874,275.0,243.2,217.2,259.6,222.2,293.6666666666666,301.6,266.8,275.0,294.4,263.0,202.0,47.4,28.8,52.2,78.0,152.8,118.4,125.2,141.0,140.4,54.0,269.6,248.4,228.6,258.0,238.0,307.0,221.4,219.8,207.4,203.2,207.8,208.0,42.2,26.8,47.2,74.0,191.8,180.4,214.8,227.4,206.2,105.3333333333333,0.4765957446808511,0.8731948,2.0982142857142856,0.7577299286679523,0.7577299286679523,easy
3650,2013/2014,11,10,3,8.124286915762102,4.3474151021548595,5,6,10.3606539854163,2.77474219091172,15,9,19.034227457644825,7.029590198905218,48,17,29.290563664652467,17.028261647298834,6.1625,5.133333333333334,6.0,5.48,12.1625,10.613333333333333,18.575,17.586666666666666,0,9.676608266453256,9.97128206774255,19.6478903341958,28.83531903757694,2.907599052596021,3.479998945454837,6.387597998050861,11.04424054862444,285.0,246.2,234.4,293.4,233.6,313.3333333333333,219.0,199.6,239.2,227.8,215.6,148.3333333333333,42.2,29.6,64.2,81.2,155.2,137.0,135.8,142.6,153.6,58.66666666666667,255.0,226.0,182.4,218.4,210.0,289.0,286.6,264.8,282.2,270.4,273.8,240.6666666666667,44.8,27.4,52.8,77.8,139.4,130.2,136.6,148.4,136.8,79.33333333333333,0.6361646262244228,0.85476035,1.5719201583635762,0.6008094273627638,0.6008094273627638,medium
3651,2013/2014,11,3,4,5.390450393841737,5.64370397632952,6,8,5.3686156191622,4.041928132143686,9,12,10.698019734031984,8.833262792183922,18,28,15.059387328230944,20.001555615767526,5.172166427546627,6.7,5.596843615494979,6.4125,10.769010043041607,13.1125,18.30703012912482,22.3,0,5.233097696355536,6.728373484773265,11.9614711811288,20.5500428135829,5.611949847323185,5.949522010004984,11.56147185732816,16.93409711389434,245.6,238.0,208.0,233.0,208.2,297.3333333333333,353.8,348.4,354.4,352.2,345.8,271.3333333333333,49.0,27.8,51.0,74.4,71.8,62.6,56.2,61.0,68.8,19.33333333333333,278.8,263.6,245.4,265.0,250.2,328.6666666666666,351.6,356.2,400.0,394.2,373.4,220.0,39.2,32.2,53.4,78.0,79.8,71.6,69.4,62.6,77.6,26.66666666666667,0.1506626365961404,0.5203375,6.637345679012347,0.4352509395703531,0.4352509395703531,medium
3652,2013/2014,11,14,1,7.444013420969062,4.0695274611300425,12,2,8.865603538086908,3.031519274882739,26,3,16.28855200209338,6.692210334580131,32,13,29.732681000731297,16.094278081582544,5.743362831858407,4.488888888888889,5.6460176991150455,5.311111111111111,11.389380530973453,9.8,22.58407079646018,17.488888888888887,1,6.376523081006528,9.385272871846224,15.76179595285276,20.29077774970188,2.986983304157213,4.165541480738914,7.152524784896127,12.9677274928172,274.2,238.6,211.4,257.4,234.0,286.0,210.2,201.2,211.8,224.4,182.4,183.6666666666667,45.6,31.2,51.8,77.6,214.0,172.2,192.4,228.4,195.4,115.0,263.6,240.6,216.2,278.8,202.4,295.6666666666667,355.6,328.2,363.6,372.2,306.4,271.3333333333334,44.0,30.8,49.6,70.8,83.6,66.6,64.0,74.6,70.4,31.66666666666667,0.3240901213171577,0.8892593,3.0855614973262036,0.8361605226993561,0.8361605226993561,easy
3653,2013/2014,11,1,5,5.077744583092706,5.360012163513492,3,5,5.923304250088329,4.367712705418794,4,10,10.861085757799268,9.935501413685078,28,31,28.667712198683887,16.004686426064367,6.328571428571428,7.173333333333333,6.442857142857143,6.72,12.771428571428572,13.893333333333333,24.257142857142856,23.666666666666668,1,5.53413969594739,7.616910864057802,13.1510505600052,22.18598906634258,5.293230997940309,4.731482665933759,10.02471366387407,19.49388837846334,237.0,217.2,215.0,272.4,196.2,286.6666666666667,338.4,324.0,351.8,377.4,321.8,270.3333333333333,41.6,27.6,49.0,72.0,68.6,58.4,56.6,80.2,69.6,34.0,273.2,228.8,216.8,252.4,219.8,295.6666666666667,349.6,344.2,360.6,362.2,341.4,282.3333333333334,45.8,29.0,54.4,69.4,79.4,57.6,63.2,65.2,65.0,28.0,0.4111321948134092,0.8110734,2.4323076923076927,0.6791697968473752,0.6791697968473752,medium
3654,2013/2014,11,2,8,7.399836663361138,5.946703227420194,8,3,5.763043373879082,6.3017130420208325,10,11,14.068315359682652,12.371129866963265,18,25,24.126419494598565,25.666483372409267,5.430379746835443,6.475,5.506329113924051,7.4,10.936708860759493,13.875,19.455696202531644,22.25,1,6.196572722202629,8.282143604024597,14.47871632622723,16.35972838043114,5.24151008950165,5.455986150771124,10.69749624027278,21.87379858255444,280.8,261.8,227.6,263.0,245.0,325.6666666666667,354.0,337.6,394.4,392.8,360.6,232.3333333333333,36.2,28.2,56.2,81.6,78.0,71.6,75.4,84.8,76.2,31.33333333333333,280.8,247.0,231.8,265.2,233.4,327.3333333333333,329.6,316.0,355.6,394.6,315.0,298.3333333333334,52.8,28.6,50.6,79.8,79.0,74.4,82.6,84.6,79.6,37.66666666666666,0.4430379746835444,0.94274807,2.2571428571428567,0.8972067616202614,0.8972067616202614,easy
3655,2013/2014,11,4,3,6.691393903261854,3.815255879844098,5,6,7.351368390439772,4.234041095888298,9,9,13.576757111668876,8.353243510273291,19,17,24.54047568119836,16.69539022837706,7.410256410256411,5.195467422096317,7.538461538461538,5.6529745042492925,14.948717948717949,10.84844192634561,22.21794871794872,18.95325779036827,1,6.767595618085988,7.987573201883977,14.75516881996997,24.82061968313688,3.436104494020138,3.96952884740877,7.405633341428919,15.08276784139529,270.4,263.8,235.6,274.2,248.6,311.6666666666666,357.4,337.4,345.4,369.4,330.4,280.3333333333333,49.4,25.2,51.0,70.8,77.8,64.2,64.4,67.8,72.4,24.0,241.6,231.8,220.0,257.4,210.0,298.3333333333333,280.4,263.2,282.4,297.6,264.0,237.6666666666667,48.4,31.4,59.6,68.4,154.8,129.8,133.2,139.4,143.4,50.33333333333333,0.5319551432419753,0.9477098,1.8798577524893312,0.8882795090425117,0.8882795090425117,easy
3656,2013/2014,11,2,10,1.806820327660653,8.389884152553451,3,11,3.469596349374257,5.872340598719266,5,21,4.68447073289488,15.20809420731569,10,49,16.109170721981634,23.593418034236368,4.578947368421052,5.571428571428571,5.078947368421052,5.869047619047619,9.657894736842104,11.44047619047619,18.486842105263158,20.214285714285715,1,4.857615382439551,7.484705248523392,12.34232063096296,24.08754824662753,3.397338603831618,4.602324709545472,7.999663313377093,12.99183012344844,258.8,232.4,211.6,277.6,212.4,289.0,294.4,274.8,285.4,264.6,275.6,258.6666666666667,48.8,29.0,52.2,73.8,133.8,127.8,122.6,137.8,125.0,48.66666666666667,277.0,241.4,218.8,231.6,223.2,296.0,354.8,334.6,357.2,346.0,346.4,249.0,42.2,26.8,47.2,74.0,74.0,61.6,70.4,73.0,72.8,30.0,0.4755244755244755,0.9412753,2.1029411764705883,0.8880315693219504,0.8880315693219504,easy
3657,2013/2014,11,12,1,7.174862919370783,3.858102770669527,3,1,7.3049413104135645,3.3637822402175983,15,2,13.863439140021104,7.285266562606239,38,7,26.26403826516978,11.066967344040098,7.3625,4.0875,7.2875,4.9625,14.65,9.05,22.6625,22.825,0,7.509507591916745,6.96797839018298,14.47748598209973,24.67550570638197,5.134616014708366,3.980916345280112,9.115532359988471,18.18689514823903,257.8,226.6,218.6,275.6,225.4,319.0,373.2,352.8,384.6,391.4,369.2,269.6666666666666,42.2,30.4,49.8,81.0,76.0,66.4,69.8,68.2,77.8,26.0,258.8,218.0,193.0,254.8,194.4,282.6666666666667,336.4,307.4,328.4,361.6,312.2,245.0,45.8,25.6,54.2,73.2,78.2,68.4,66.4,76.2,70.8,43.66666666666666,0.8636228272284134,0.06738174,1.157912885662432,-5.838521736666413,-5.838521736666413,hard
3658,2013/2014,11,19,5,8.90246972333712,6.461514131227418,10,2,7.438472448763893,4.401005734364977,29,7,16.23401567281321,11.562824262223037,33,9,23.656743157193965,12.425922154331964,7.950617283950617,5.906666666666666,7.777777777777778,6.0,15.728395061728396,11.906666666666666,21.88888888888889,17.85333333333333,0,7.51470617679967,7.358888703865288,14.87359488066496,23.51756922776772,3.612550334174608,4.515621572220479,8.128171906395089,17.71811310965105,279.8,255.0,251.2,271.2,248.6,308.3333333333333,371.4,352.6,343.8,381.2,333.4,339.3333333333334,43.6,32.8,53.0,78.2,78.2,67.4,65.0,80.0,76.0,22.66666666666667,267.2,259.2,233.8,268.4,240.0,331.3333333333333,353.6,353.2,386.4,406.0,351.6,243.3333333333333,39.2,32.2,53.4,78.0,79.8,71.6,69.4,61.8,77.6,26.66666666666667,0.2450331125827815,0.060632415,4.081081081081081,-0.24425004906298825,-0.24425004906298825,medium
3659,2013/2014,12,2,6,5.535167750978492,4.497190716525223,3,2,4.733837889591721,4.242422051406436,5,8,10.506833453623116,8.696136242801519,20,15,22.126127458670638,21.025949745975087,7.144736842105263,7.367088607594937,6.697368421052632,7.506329113924051,13.842105263157896,14.873417721518987,23.763157894736842,22.17721518987342,1,7.692526343521179,7.01248375547191,14.70501009899309,25.32139355207795,4.213260339310062,4.699934441103478,8.913194780413548,13.37379297400518,266.4,234.4,210.6,276.2,225.2,296.3333333333333,365.6,326.6,346.4,370.2,329.2,248.6666666666667,47.4,28.8,52.2,78.0,75.6,61.0,59.4,75.0,69.0,24.0,251.6,244.2,211.4,263.0,228.0,327.3333333333334,335.2,346.0,388.6,381.0,353.8,214.6666666666667,42.4,31.6,56.6,82.0,72.6,65.2,65.2,85.0,74.8,25.33333333333333,0.149527200163269,0.9414641,6.68774643615408,0.9311725502553868,0.9311725502553868,easy
3660,2013/2014,12,3,5,4.609236130201493,5.848584455094459,8,8,5.374885437578961,5.709754562272698,11,13,9.991872811684622,11.013995962263822,31,24,18.662530658580295,26.207589426810287,5.106232294617563,6.253521126760563,5.538243626062324,6.394366197183099,10.644475920679886,12.647887323943662,18.277620396600565,24.309859154929576,0,5.163607083684045,5.702625623691871,10.86623270737592,24.38883293005198,5.933857983865364,3.779032521356124,9.712890505221473,19.2592516936147,259.8,220.4,204.6,276.2,216.6,297.6666666666667,292.4,275.4,296.6,325.2,283.2,207.0,42.2,29.6,64.2,81.2,155.2,137.0,135.8,142.6,153.6,58.66666666666667,244.8,246.0,226.0,267.4,224.0,305.3333333333333,342.4,330.4,334.8,363.6,325.0,276.3333333333334,51.0,31.2,47.6,71.8,64.6,65.4,63.0,56.0,74.0,25.0,0.661129263749351,0.06044236,1.5125635103926098,-1.7726137460062303,-1.7726137460062303,hard
3661,2013/2014,12,8,4,8.032592260169633,6.8139421612719735,6,3,6.164213772751712,6.880975394272522,14,7,13.85101238002021,14.136676844691667,21,18,22.74616922289014,22.486390440034363,6.666666666666667,5.851528384279476,6.432098765432099,5.729257641921398,13.098765432098766,11.580786026200874,22.37037037037037,22.707423580786028,0,6.231959017155027,6.608284891254058,12.84024390840909,20.09874758813986,5.283644761239598,5.439299477670815,10.72294423891043,12.40097072780882,246.4,239.4,222.8,254.8,224.0,297.3333333333333,353.8,348.4,354.4,352.2,345.8,272.0,44.0,33.2,45.6,72.2,71.8,62.6,56.2,61.0,68.8,19.33333333333333,188.0,177.2,142.0,153.4,160.8,221.3333333333333,347.8,319.2,322.2,343.2,313.2,321.0,44.8,27.4,52.8,77.8,137.8,112.6,123.8,138.0,129.0,48.0,0.4111321948134093,0.088426456,2.432307692307692,-0.5480104872254631,-0.5480104872254631,hard
3662,2013/2014,12,2,7,3.02092518331993,8.239149304037973,5,8,3.519417697354694,5.413001977446173,7,15,6.493589234810683,13.363076606309175,20,19,16.109226423573435,24.27972350698281,4.413043478260869,7.419753086419753,5.239130434782608,7.234567901234568,9.652173913043478,14.654320987654321,17.391304347826086,22.85185185185185,0,7.525724937851463,6.849163465758165,14.37488840360962,22.789057088295,6.598200887885847,5.367236403106664,11.96543729099251,19.24265304855284,291.2,245.4,214.2,263.6,218.8,290.0,211.2,194.6,208.6,220.2,181.4,177.0,45.8,30.6,51.4,75.6,214.4,178.4,177.8,216.2,201.4,84.66666666666667,301.0,269.2,267.6,285.4,247.8,329.3333333333333,350.2,339.8,381.2,382.4,348.4,257.6666666666667,50.8,28.2,61.6,77.8,74.0,61.4,71.0,80.0,72.0,17.0,0.2428393524283936,0.028598147,4.117948717948717,-0.28295344016269647,-0.28295344016269647,medium
3663,2013/2014,12,5,2,4.413909773002841,4.165697494244883,5,4,6.556026702988066,5.238941940761112,10,6,10.936544824571062,9.344941967455863,53,18,27.550107780212414,11.070646402082769,5.1678321678321675,5.144475920679886,5.657342657342658,5.6019830028328625,10.825174825174825,10.746458923512748,18.928671328671328,18.30311614730878,0,7.42343743985842,8.884275380058899,16.30771281991732,23.91321543021483,3.716650886160747,4.698342921632324,8.414993807793072,12.93308894344705,233.6,201.4,188.4,245.0,188.2,284.6666666666666,348.2,339.8,344.0,379.4,333.8,281.0,42.2,29.8,58.4,72.6,67.2,57.8,56.6,79.8,68.8,34.0,284.4,267.4,261.6,283.0,260.0,329.0,367.8,352.8,391.6,413.8,377.6,215.3333333333333,43.8,31.6,65.0,82.0,76.0,66.4,69.8,68.2,77.8,18.33333333333333,0.1150449920107644,0.098654054,8.692251461988308,-0.01852177831524051,-0.01852177831524051,medium
3664,2013/2014,12,5,6,7.476413807198261,7.700403204311452,6,4,7.296437550339535,5.005101345376352,11,10,15.731269062334835,12.331139104999021,11,18,28.621251298004168,13.517650431546533,5.623529411764705,8.085365853658537,5.929411764705883,7.804878048780488,11.552941176470588,15.890243902439025,20.55294117647059,22.024390243902438,1,6.48181932983289,6.324442489056878,12.80626181888977,25.63009451766246,5.691627196349111,4.732857458607719,10.42448465495683,21.94423709184973,281.2,268.0,243.0,280.6,250.4,310.6666666666666,357.2,340.8,358.8,370.2,362.2,268.6666666666667,43.4,30.2,55.0,80.0,71.8,61.4,64.6,68.4,66.8,11.0,254.4,239.0,211.2,244.8,227.6,287.6666666666667,288.0,272.2,272.4,287.2,257.0,264.3333333333333,45.4,23.2,52.8,77.8,145.4,129.8,113.8,145.8,136.4,47.66666666666667,0.623392789508307,0.91874343,1.6041250666192932,0.7842405398299018,0.7842405398299018,easy
3665,2013/2014,12,6,7,7.4842779950894425,6.2495645720535515,11,4,5.924891120389704,5.86575228814811,17,11,13.153716868267537,12.720514579841966,17,21,19.156988496674522,20.373585780337855,5.894736842105263,5.3875,5.947368421052632,5.5375,11.842105263157896,10.925,17.736842105263158,19.4375,1,6.417123609475681,7.212360918323659,13.62948452779935,27.16383574793272,4.176918833182926,4.624681605861463,8.801600439044389,14.28059649085742,264.4,247.0,234.6,247.6,241.8,310.3333333333333,355.8,347.4,355.4,362.2,346.4,284.6666666666667,38.4,22.4,56.8,74.0,71.4,63.6,78.2,65.4,84.4,11.66666666666667,251.2,254.2,237.4,262.6,234.6,316.3333333333334,354.2,335.8,385.6,398.4,362.6,174.3333333333333,36.8,30.0,54.4,77.8,77.0,68.6,68.8,61.0,77.2,26.66666666666667,0.2567237163814181,0.96168166,3.895238095238095,0.9484467124076266,0.9484467124076266,easy
3666,2013/2014,12,8,4,6.734201053426325,4.315142040978026,6,8,6.705502924572766,3.1191772717067954,14,12,13.389010946463904,7.176988955132691,24,19,29.96797036646506,17.032812434988365,4.049382716049383,4.545454545454546,4.91358024691358,5.0519480519480515,8.962962962962964,9.597402597402597,22.62962962962963,18.376623376623378,1,5.58802807405682,6.803832362417539,12.39186043647436,22.91719066942429,5.654944956704748,5.431474842605923,11.08641979931067,19.90168163117464,268.6,237.0,224.8,276.8,226.6,286.3333333333333,289.6,269.6,281.8,266.6,262.8,239.3333333333334,46.4,24.8,52.2,73.6,134.8,117.8,125.0,154.0,121.6,50.99999999999999,268.2,255.2,233.2,260.0,234.0,292.3333333333334,372.4,327.6,328.8,363.8,316.0,273.6666666666667,46.4,31.2,47.8,77.0,72.2,69.6,59.6,70.8,68.4,24.33333333333333,0.3982618552805592,0.38939512,2.5109108159392792,-0.014735209324296181,-0.014735209324296181,medium
3667,2013/2014,12,2,9,4.130844423601206,4.9350736526248,5,5,6.902465146254329,5.524353671814923,7,14,10.596035394127547,10.211367790845976,19,12,27.79141574316194,18.292816281837762,5.105263157894737,4.940476190476191,5.4868421052631575,5.595238095238095,10.592105263157896,10.535714285714286,17.57894736842105,18.142857142857142,0,6.393829457687154,7.225726711943866,13.61955616963102,24.68676210042004,5.443772937535377,5.031447949406948,10.47522088694233,17.81471317038566,267.4,259.2,231.2,261.4,243.8,339.3333333333333,378.6,353.8,374.6,381.4,370.0,233.6666666666667,40.8,30.4,56.0,81.2,76.0,70.0,82.8,76.0,84.6,25.33333333333333,281.8,264.8,230.4,267.8,249.6,336.3333333333334,214.0,216.2,231.8,228.6,223.4,165.3333333333333,36.4,25.8,56.4,81.6,225.6,203.2,238.2,251.0,222.6,96.00000000000001,0.3982618552805592,0.057515386,2.5109108159392792,-0.5662703507537463,-0.5662703507537463,hard
3668,2013/2014,12,4,12,6.552661143145802,7.182716378345893,4,5,7.032543403246738,5.915025849054428,8,17,13.414941083558434,12.87345582261602,24,15,23.941573264396194,20.62226749062075,6.493827160493828,6.209876543209877,7.345679012345679,5.987654320987654,13.839506172839506,12.197530864197532,22.28395061728395,18.938271604938272,0,6.71999589395427,5.147600497397152,11.86759639135142,21.5532493924355,7.181268897945794,5.489433213979774,12.67070211192557,17.34866311778079,288.8,262.2,255.8,286.4,250.4,313.0,288.6,267.0,291.0,315.8,266.2,226.6666666666667,43.6,33.6,53.0,78.2,145.4,122.0,121.8,143.8,139.8,51.0,266.8,239.4,215.0,240.2,211.2,299.0,362.2,346.6,354.0,366.2,352.8,282.6666666666666,45.2,30.6,54.0,72.4,72.4,57.8,61.2,76.0,69.8,20.66666666666667,0.425,0.032164186,2.3529411764705883,-0.6831926975561224,-0.6831926975561224,hard
3669,2013/2014,13,5,1,8.276326910051925,3.6431292028654867,7,5,7.9465580852586495,3.411532645711844,12,6,16.73998138377341,6.694395633227561,33,19,26.60056712241145,14.417769467456026,4.988235294117647,4.538461538461538,5.588235294117647,5.089743589743589,10.576470588235294,9.628205128205128,18.070588235294117,18.384615384615383,0,6.579648617614426,7.011411275438752,13.59105989305318,21.85021490759522,4.802860457054821,4.597082145781455,9.399942602836276,16.94148987869352,256.8,245.4,216.0,242.6,223.8,305.6666666666667,366.8,337.8,343.4,347.0,335.4,291.0,42.0,32.6,65.4,79.8,64.6,65.6,63.2,56.8,74.0,23.0,250.2,218.0,194.2,249.0,195.6,266.6666666666667,202.4,184.8,190.2,197.0,173.8,183.6666666666667,43.0,22.0,54.2,71.8,209.2,168.0,200.0,221.0,194.8,91.99999999999999,0.5335230304108126,0.3417632,1.8743333333333339,-0.4110810276528506,-0.4110810276528506,medium
3670,2013/2014,13,6,6,3.996333055002107,7.047472244594362,3,6,3.697801744141565,5.134897829585999,9,12,7.374296883524678,12.005380517852215,23,14,20.71969171502103,21.69170727493151,5.079720279720279,7.077922077922078,5.56923076923077,6.64935064935065,10.64895104895105,13.727272727272727,18.437762237762236,23.714285714285715,0,4.128591213427543,6.553502425615882,10.68209363904342,21.82615331494009,5.478518093088116,3.636688423337659,9.115206516425777,17.46369175466791,290.8,265.8,242.6,286.0,236.0,313.6666666666666,303.6,270.4,275.2,300.2,274.0,250.0,40.0,24.8,62.8,83.0,79.0,68.4,72.2,76.8,77.0,39.66666666666666,263.2,240.4,218.8,263.4,202.8,298.3333333333334,215.6,198.8,206.6,212.4,177.6,167.6666666666667,45.0,23.4,65.8,79.8,198.8,186.4,204.8,228.8,200.4,131.0,0.6045105789351314,0.03580806,1.6542307692307692,-1.4379714666496195,-1.4379714666496195,hard
3671,2013/2014,13,9,4,7.176008940339363,5.54987751897586,6,4,6.63690938499637,3.9945007305351012,15,8,14.3011703497938,9.545390992686322,28,16,27.433542248817677,17.69994746931227,6.280487804878049,7.35,5.975609756097561,7.4375,12.25609756097561,14.7875,18.890243902439025,22.0875,1,7.745985141331673,7.50421337669027,15.25019851802194,25.08378726705094,4.337540561833682,5.322636683508539,9.660177245342222,14.79252897931865,272.6,254.0,237.6,265.0,238.0,326.6666666666667,360.2,360.8,390.4,396.0,362.0,267.3333333333333,39.2,32.2,53.4,78.0,77.6,68.0,73.8,78.0,78.4,28.33333333333333,236.2,210.2,211.0,273.8,203.0,282.6666666666667,338.4,324.0,351.8,377.4,321.8,270.3333333333333,41.6,27.6,49.0,72.0,68.6,58.4,56.6,80.2,69.6,34.0,0.7609013754755634,0.9765984,1.3142307692307693,0.9021256686424247,0.9021256686424247,easy
3672,2013/2014,13,14,4,7.916322827754888,4.325466582627587,5,0,7.110827800513706,3.037985756249186,19,4,15.462868967167463,6.846750088097359,23,12,27.510896770196233,13.856735125794032,6.682926829268292,4.097560975609756,6.426829268292683,4.926829268292683,13.109756097560975,9.024390243902438,22.353658536585368,22.646341463414632,1,7.536332937884786,8.276300675420522,15.81263361330532,25.91566929452735,3.937183173093212,3.527680491656437,7.464863664749651,12.435127976502,251.0,221.0,186.2,250.0,189.4,289.6666666666667,279.8,244.2,254.0,277.8,249.4,200.3333333333333,45.8,25.6,54.2,73.2,151.4,137.2,137.4,144.2,145.0,87.66666666666666,275.0,243.2,217.2,259.6,222.2,293.6666666666666,365.6,326.6,346.4,370.2,329.2,248.6666666666667,47.4,28.8,52.2,78.0,75.6,61.0,59.4,75.0,69.0,24.0,0.4094292803970224,0.9669389,2.442424242424242,0.9440184112857369,0.9440184112857369,easy
3673,2013/2014,13,5,6,6.106143809155907,5.74444108474562,6,2,6.35394519120657,6.72935919927755,11,8,12.199970071666586,12.137016060764953,23,24,26.847757019576186,20.94919472243003,5.16574585635359,5.827586206896552,5.649171270718233,5.69396551724138,10.814917127071823,11.521551724137932,19.35220994475138,22.646551724137932,1,4.058610008706109,6.533422923875802,10.59203293258192,17.84106801471687,4.464955334370475,5.79234063822543,10.25729597259591,14.49238305594446,272.8,251.6,218.2,238.0,234.0,304.6666666666666,352.8,350.2,363.2,364.8,348.6,311.3333333333334,42.2,26.8,47.2,74.0,71.4,64.8,77.8,65.2,84.2,25.0,253.8,254.8,228.4,238.6,231.4,299.6666666666666,371.8,353.4,341.4,320.0,343.8,329.6666666666667,44.0,33.2,45.6,72.2,71.4,56.2,61.2,75.2,68.0,24.66666666666667,0.3900114372855509,0.8919952,2.5640273704789833,0.8229396171867848,0.8229396171867848,easy
3674,2013/2014,13,3,5,7.108243922910374,3.5990534552900493,12,5,6.670924967169535,1.747111767501947,15,10,14.586186822514263,4.35238927560405,16,10,25.7566349385583,11.89670298608994,5.616279069767442,7.414634146341464,5.930232558139535,7.2439024390243905,11.546511627906977,14.658536585365853,20.441860465116278,22.804878048780488,1,6.746536948554719,8.083467891840655,14.83000484039538,26.77117655678619,3.952352676665226,3.533585626274832,7.48593830294007,15.17973962528065,286.2,253.8,239.4,272.6,244.2,324.6666666666666,328.4,314.8,363.0,398.0,327.4,257.6666666666667,52.8,28.6,50.6,79.8,79.0,74.4,82.6,84.6,79.6,37.66666666666666,177.6,153.4,135.8,195.0,136.6,207.6666666666667,367.6,330.8,337.6,325.2,333.8,348.6666666666667,48.8,29.0,52.2,73.8,146.2,138.2,126.4,143.0,129.8,76.33333333333334,0.7491486946651532,0.91458726,1.334848484848485,0.659508486139289,0.659508486139289,medium
3675,2013/2014,13,4,4,7.277722739345207,4.215488861377351,4,7,7.340310062432668,4.143982775875515,8,11,14.666905873643472,8.138369477229283,26,13,22.315247620557727,20.54639085579988,5.896103896103896,5.064935064935065,6.012987012987013,5.48051948051948,11.909090909090908,10.545454545454545,17.727272727272727,17.5974025974026,1,7.511066162075444,7.773262037830598,15.28432819990605,26.98609333405726,4.074311605311284,3.766460490239651,7.840772095550932,14.8412542454731,251.6,244.2,211.4,263.0,228.0,327.3333333333334,349.2,340.4,376.6,376.4,352.0,225.6666666666667,42.4,31.6,56.6,82.0,78.0,61.4,68.4,78.8,76.8,30.33333333333333,285.0,246.2,234.4,293.4,233.6,313.3333333333333,288.6,266.0,288.8,319.2,273.2,208.3333333333333,42.2,29.6,64.2,81.2,155.2,137.0,135.8,142.6,153.6,58.66666666666667,0.5397727272727273,0.92266417,1.8526315789473684,0.8319616435486594,0.8319616435486594,easy
3676,2013/2014,13,4,6,5.926788473435397,4.969600318198219,4,4,6.3365777123076175,4.978778206625224,8,10,12.78830957747185,10.27442396120411,23,27,33.62912281487587,14.48049080026322,5.407407407407407,5.104895104895104,5.518518518518518,5.581818181818183,10.925925925925926,10.686713286713287,19.45679012345679,18.299300699300698,1,6.801055816899954,7.409751615194534,14.21080743209449,17.87637216664901,5.274151040746587,5.216193465964686,10.49034450671128,18.49099081019664,241.6,231.8,220.0,257.4,210.0,298.3333333333333,357.8,331.0,348.8,369.2,335.6,294.6666666666666,48.4,31.4,59.6,68.4,76.0,59.2,62.0,78.4,70.6,24.0,279.8,268.6,240.0,277.4,248.4,328.0,368.8,344.6,382.6,400.4,368.2,240.0,36.2,28.2,56.2,81.6,77.0,66.4,73.0,75.4,79.0,25.0,0.2442553191489361,0.9550851,4.094076655052266,0.9405686835850681,0.9405686835850681,easy
3677,2013/2014,13,5,1,9.126371512774494,2.937781153889859,3,3,8.518989214475972,4.2302508565437105,8,4,18.288493971637877,6.695617431255502,24,24,26.952162813053047,17.494363374047964,8.060240963855422,6.236111111111111,7.759036144578313,6.416666666666667,15.819277108433734,12.652777777777779,21.97590361445783,24.305555555555557,0,6.715567352528586,4.791539568434866,11.50710692096346,23.15848622324905,7.2029988422286,4.856249679822506,12.0592485220511,16.75296339873227,260.4,256.2,237.0,266.2,235.0,298.0,359.8,336.4,345.4,344.6,333.4,282.0,51.0,31.2,47.6,71.8,64.6,65.4,63.0,56.0,74.0,25.0,272.4,256.0,229.8,282.0,246.2,304.6666666666666,360.6,343.4,372.0,365.8,353.8,302.0,44.4,30.0,55.6,80.0,77.8,64.2,64.4,67.8,72.4,24.0,0.2429022082018928,0.09149305,4.116883116883116,-0.19998625889420515,-0.19998625889420515,medium
3678,2013/2014,13,9,2,7.368245102394748,2.369523703976972,5,4,9.198226374263502,2.375795281960305,14,6,16.22610994626845,4.221414060672514,26,12,31.220185757066133,9.119641772326643,6.463414634146342,4.361702127659575,7.304878048780488,5.23404255319149,13.768292682926829,9.595744680851064,22.304878048780488,17.4468085106383,1,5.533683205019982,7.481790805446325,13.01547401046631,23.96633664795898,5.365356076236912,6.196582756261718,11.56193883249864,18.61463510021,273.2,220.0,208.2,261.0,203.6,294.6666666666667,274.2,279.0,282.4,293.0,253.4,267.3333333333334,45.8,29.0,54.4,69.4,149.2,126.0,121.4,146.2,133.4,52.0,279.4,243.0,215.6,251.0,227.6,293.6666666666666,278.0,264.2,273.8,297.4,244.8,216.0,45.6,31.2,51.8,77.6,155.6,126.4,126.0,145.8,146.6,64.33333333333333,0.4533736332118411,0.9208651,2.205686274509804,0.8552303981211034,0.8552303981211034,easy
3679,2013/2014,14,10,4,5.646898587834414,4.216956329144407,8,3,5.064519961906512,3.3416526428435107,18,7,9.98275042455532,7.800772410491814,28,12,21.823264063658335,19.659367256602785,7.064102564102564,5.163710777626193,6.641025641025641,5.6534788540245575,13.705128205128204,10.81718963165075,23.58974358974359,19.39699863574352,1,7.777623131662489,7.804933147814365,15.58255627947686,27.46271140885247,4.923976582350382,5.358789973294698,10.28276655564507,15.58768330996124,266.0,244.6,228.2,269.4,216.0,300.0,215.8,199.0,209.6,212.2,178.0,172.3333333333333,44.0,30.8,49.6,70.8,211.4,183.4,203.8,232.6,199.6,110.0,287.8,265.8,261.2,273.0,246.2,327.3333333333333,299.2,282.4,316.6,324.6,295.0,214.0,42.2,30.4,49.8,81.0,156.8,133.6,142.8,138.4,153.6,53.0,0.169424792371578,0.9639669,5.90232389251997,0.9566166993688897,0.9566166993688897,easy
3680,2013/2014,14,15,6,8.17331499939981,5.825620730567772,9,7,7.11176012822472,4.788289097877968,24,13,15.616332838431918,10.244806009567164,17,12,27.142315604373607,17.705018637562002,5.829787234042553,5.390243902439025,5.646808510638299,5.5,11.476595744680852,10.890243902439025,22.663829787234043,19.5,1,6.217728168986434,8.490592912450314,14.70832108143675,19.54393957246945,3.097643085883918,4.215444635367342,7.313087721251268,10.05168208920365,254.6,237.2,212.6,244.6,227.6,286.0,288.0,275.8,274.0,294.2,250.6,248.0,44.8,27.4,52.8,77.8,150.2,128.2,148.4,133.8,144.0,72.33333333333334,279.8,255.0,251.2,271.2,248.6,308.3333333333333,304.6,283.6,278.6,301.0,281.0,267.6666666666667,43.6,32.8,53.0,78.2,148.6,127.2,115.8,138.2,140.6,57.66666666666667,0.374885145482389,0.9432589,2.667483660130719,0.9092308908978377,0.9092308908978377,easy
3681,2013/2014,14,7,6,3.8015464579461087,6.112256528913101,9,8,5.393040239471844,5.001927774673771,16,14,8.180750309538526,11.11635081703858,33,13,25.68137100129088,22.026519340162356,6.164383561643835,6.771084337349397,6.36986301369863,6.409638554216867,12.534246575342467,13.180722891566266,24.301369863013697,22.36144578313253,0,7.961488744150037,7.748381150087488,15.70986989423753,25.50821721750091,4.808447986683511,4.698115141321777,9.506563128005286,18.30203094961518,347.0,304.8,272.6,313.0,290.0,366.0,203.8,206.2,208.8,227.2,176.8,180.0,45.6,31.2,51.8,77.6,155.6,126.4,126.0,145.8,146.6,64.33333333333333,272.6,254.0,237.6,265.0,238.4,327.6666666666667,345.4,346.0,377.4,398.0,339.6,237.3333333333333,39.2,32.2,53.4,78.0,79.8,71.6,69.4,61.8,77.4,26.66666666666667,0.1630716134598792,0.2961447,6.132275132275133,0.159001758848269,0.159001758848269,medium
3682,2013/2014,14,9,0,5.151053173094395,3.838658028968765,7,3,6.761439160331601,4.653473758660541,16,3,11.087713594607923,8.31847120973711,45,6,25.893450916041658,11.179274644901936,7.308641975308642,4.988372093023256,7.395061728395062,5.604651162790698,14.703703703703704,10.593023255813954,22.012345679012345,18.24418604651163,0,5.739644696787863,8.730775556756033,14.4704202535439,27.2402896329115,4.644041767177448,3.908787826060653,8.552829593238094,14.11999245593242,247.0,219.8,213.4,273.4,199.4,288.3333333333334,267.8,255.2,279.0,306.4,260.2,207.6666666666667,41.6,27.6,49.0,72.4,144.4,121.8,126.2,155.8,140.8,59.66666666666667,249.0,233.2,217.2,253.2,212.0,297.0,214.4,209.2,208.6,186.6,203.4,193.6666666666667,49.0,27.8,51.0,75.0,203.0,188.4,205.4,219.8,208.6,91.33333333333333,0.4856175972927241,0.026335744,2.0592334494773525,-0.8928802079079962,-0.8928802079079962,hard
3683,2013/2014,14,4,6,7.447501152631968,5.294466900600634,10,6,6.074362918353019,4.642470917279842,14,12,13.491518612489752,10.172030470749284,26,17,22.70017623247904,19.336909385539045,4.096385542168675,5.091160220994475,4.867469879518072,5.537292817679559,8.963855421686747,10.628453038674033,22.518072289156628,18.494475138121544,0,6.107315094589368,6.90724024329765,13.01455533788701,25.09817317116521,5.207692759114449,4.729792838744045,9.93748559785848,16.58459041563697,284.6,263.0,237.8,287.4,253.2,311.6666666666666,359.2,350.8,378.4,368.4,363.2,305.0,44.4,30.0,55.6,80.0,77.8,64.2,64.4,67.8,72.4,24.0,269.0,235.0,213.0,273.4,217.2,290.6666666666666,305.4,281.0,279.2,283.2,271.6,249.6666666666667,47.4,28.8,52.2,78.0,146.8,125.2,119.4,146.2,138.6,52.66666666666667,0.696594427244582,0.07406086,1.4355555555555557,-2.051819827483624,-2.051819827483624,hard
3684,2013/2014,14,6,7,4.264473460399611,10.397175169462109,4,10,5.335747149654465,7.353529581219151,10,17,9.635866900831637,18.442818026589926,22,21,18.451731484694626,33.116546651816876,4.493670886075949,6.313253012048193,5.0886075949367084,5.975903614457831,9.582278481012658,12.289156626506024,18.39240506329114,19.0,0,5.471107188528645,5.54080246932539,11.01190965785404,23.13837632197439,6.871365281842293,4.494335889484945,11.36570117132724,20.82361025790871,272.8,251.6,218.2,238.0,234.0,304.6666666666666,360.2,347.8,366.0,359.8,360.6,275.3333333333334,42.2,26.8,47.2,74.0,71.4,64.8,77.8,65.2,84.2,25.0,253.8,233.2,218.4,250.8,209.0,293.6666666666667,345.2,331.0,349.6,361.4,322.4,266.0,45.8,29.0,54.4,69.4,75.8,61.4,53.2,72.2,70.2,22.66666666666667,0.4437869822485207,0.057412706,2.2533333333333334,-0.6946516415857253,-0.6946516415857253,hard
3685,2013/2014,14,5,10,9.800336891404179,4.0756041911043335,4,5,6.782640444908258,4.490905984282456,9,15,17.237357394714678,8.352178147019618,23,18,26.39565380191081,7.497693009720315,7.385542168674699,5.871794871794871,7.216867469879518,5.987179487179487,14.602409638554217,11.85897435897436,22.650602409638555,17.833333333333332,1,6.617725005662689,7.257527601521147,13.87525260718384,22.511979958742,5.279152045323975,5.576545746718797,10.85569779204277,16.65903324142959,177.8,153.6,134.4,195.6,135.6,213.6666666666667,428.2,391.0,405.6,390.8,396.8,372.3333333333334,48.8,29.0,52.2,73.8,73.8,68.4,55.0,72.8,62.4,25.0,279.8,268.2,240.0,277.4,248.0,327.0,351.6,334.0,384.0,408.6,354.0,256.0,36.2,28.2,56.2,81.6,76.6,66.4,73.0,75.4,79.0,25.0,0.1495327102803738,0.9184315,6.687500000000002,0.9040898097740425,0.9040898097740425,easy
3686,2013/2014,14,4,5,1.0931516948726305,6.742997146237892,7,8,4.7688721779587615,6.281343875345738,11,13,5.693109213044574,13.112921261847962,20,17,15.611513511129965,24.659011884047416,5.051282051282051,5.586206896551724,5.5,6.0,10.551282051282051,11.586206896551724,17.53846153846154,20.39080459770115,0,3.452767936486643,6.618556497447143,10.07132443393378,20.31354224598704,5.864592310793507,5.268359066897067,11.13295137769057,21.1038636894341,252.0,248.8,239.4,271.0,237.4,293.6666666666667,335.4,332.0,367.2,372.0,346.2,245.6666666666667,42.4,31.6,56.6,82.0,78.0,61.4,68.4,78.8,76.8,30.33333333333333,274.6,237.6,228.0,265.8,220.0,301.3333333333334,324.4,321.4,326.8,371.4,288.4,261.3333333333333,44.0,30.8,49.6,70.8,83.6,66.6,64.0,74.6,70.4,31.66666666666667,0.6185111552904793,0.03884812,1.6167857142857145,-1.5194757438669775,-1.5194757438669775,hard
3687,2013/2014,14,9,6,2.110421901041995,11.177584693058293,5,6,4.235596553336675,7.968614332440167,14,12,5.900622934557531,19.341681851190227,26,13,15.330436253061041,24.449650170461325,4.3125,8.023809523809524,5.208333333333333,7.7023809523809526,9.520833333333334,15.726190476190476,17.333333333333332,22.0,0,5.634906198819245,5.876693703317375,11.51159990213662,19.94309441860531,7.435257587656679,6.561067936279061,13.99632552393574,23.92690010250518,254.2,239.8,217.6,257.0,225.6,305.6666666666667,371.0,353.4,344.0,381.2,334.8,336.6666666666667,43.6,32.8,53.0,78.2,77.6,67.2,65.0,79.8,73.8,22.66666666666667,285.6,276.4,265.8,258.4,254.4,329.3333333333333,299.2,289.0,327.6,320.8,298.8,217.0,42.2,30.4,49.8,81.2,157.2,134.8,142.8,139.0,153.6,53.0,0.1851599727705922,0.009162672,5.400735294117648,-0.2159900058966531,-0.2159900058966531,medium
3688,2013/2014,14,3,3,4.735497159944557,3.9301289567691633,4,6,5.296899266167923,3.8352952285654323,7,9,9.553510539579978,6.8332443697221095,18,28,18.76958279766129,29.817907351258864,5.116022099447513,6.493975903614458,5.562154696132597,7.27710843373494,10.67817679558011,13.771084337349398,18.40745856353591,22.349397590361445,1,6.504163768138687,8.150044100309277,14.65420786844797,22.97354589405258,4.885553276771974,5.040176175233609,9.925729452005587,14.55683578812278,251.4,233.2,216.4,270.6,216.4,306.0,285.6,269.8,270.8,294.6,264.8,254.0,47.6,30.2,47.6,73.6,154.8,130.0,133.2,139.6,144.4,50.33333333333333,260.2,246.8,219.2,238.4,238.8,286.6666666666667,283.2,275.2,283.8,284.2,268.4,233.6666666666667,44.8,27.4,52.8,77.8,152.2,128.0,123.6,143.2,143.2,52.0,0.5319551432419753,0.9503584,1.8798577524893312,0.8939383512602963,0.8939383512602963,easy
3689,2013/2014,15,7,4,6.4595973063524035,6.620476562944994,5,8,5.213736215194176,3.895391890668477,12,12,11.776631717607811,10.697691936088024,20,18,21.869439110651836,14.440660690996934,7.10126582278481,6.761904761904762,6.658227848101266,6.428571428571429,13.759493670886076,13.19047619047619,23.645569620253166,22.25,0,7.786320945501602,7.305087793697187,15.09140873919881,26.70336031556868,4.241926548700514,4.468670154055062,8.710596702755584,14.8098411369503,260.4,254.6,237.0,266.2,235.0,298.0,370.4,348.2,347.2,338.8,348.2,287.0,40.4,29.6,54.0,68.8,64.6,65.4,63.0,56.0,74.0,25.0,286.8,250.8,235.0,278.8,239.2,319.3333333333334,226.4,221.4,224.2,211.8,208.2,213.0,52.8,28.6,50.6,79.8,200.4,184.6,228.8,254.6,210.0,123.3333333333333,0.1700502768408324,0.051054962,5.88061377245509,-0.1433765357200988,-0.1433765357200988,medium
3690,2013/2014,15,5,6,6.51530017314121,3.1852405434516085,10,5,7.754295286178757,4.318385438910609,15,11,14.269783493932053,7.116392095043746,20,19,24.720643399715748,21.955505917083975,5.090040927694406,5.1023192360163705,5.542974079126877,5.542974079126877,10.633015006821283,10.645293315143247,18.40245566166439,18.476125511596177,1,5.754631993294111,7.080386078231523,12.83501807152563,23.00399972240038,5.609772399383155,4.897927646956976,10.50770004634014,15.70488545746681,285.0,249.0,234.4,289.8,233.8,313.6666666666666,269.2,251.2,289.4,315.0,266.6,177.6666666666667,42.2,29.6,64.2,81.2,155.2,138.0,135.8,142.6,154.4,58.66666666666667,258.8,218.0,193.0,254.8,194.4,282.6666666666667,275.4,241.6,250.6,281.8,244.2,209.0,45.8,25.6,54.2,73.2,151.4,137.2,137.4,144.2,144.4,87.66666666666666,0.7102272727272726,0.93977857,1.4080000000000004,0.792177013322419,0.792177013322419,easy
3691,2013/2014,15,12,6,4.158490486577638,5.658256923773305,9,6,5.860073607398829,6.527735559198744,21,12,10.336560759613553,11.873068542656565,22,22,27.125627008292767,12.684896228594106,4.408163265306122,4.931034482758621,5.204081632653061,5.574712643678161,9.612244897959183,10.505747126436782,17.510204081632654,18.103448275862068,1,7.199828942739382,8.194026913283617,15.39385585602301,21.67714784113975,5.969582475230259,5.68243966341629,11.65202213864655,18.50526883700195,272.6,254.0,237.6,265.0,238.4,327.6666666666667,345.2,346.0,377.8,400.0,340.2,238.6666666666666,39.2,32.2,53.4,78.0,79.8,71.6,69.4,61.8,77.4,26.66666666666667,254.8,240.6,239.4,245.0,235.0,295.0,358.0,334.0,353.4,364.0,358.8,252.3333333333333,42.4,27.4,43.0,79.2,71.4,64.8,77.8,65.2,84.2,25.0,0.7964199029126214,0.9218671,1.2556190476190474,0.6162054712832772,0.6162054712832772,medium
3692,2013/2014,15,20,6,7.934423138092578,5.515472628488416,10,2,6.0374531420761155,4.745426362507825,30,8,14.316676288167193,9.812238423548472,29,18,20.31474662989304,23.088979729047317,5.945378151260504,6.4523809523809526,5.689075630252102,7.261904761904762,11.634453781512606,13.714285714285714,22.592436974789916,22.416666666666668,1,7.25546985964054,9.98652244230366,17.2419923019442,20.80936409693804,3.294638972108898,3.033220211119664,6.327859183228555,9.689929741946592,280.8,262.0,227.6,263.0,245.0,326.3333333333334,351.6,334.0,384.0,408.6,354.0,256.0,36.2,28.2,56.2,81.6,78.0,71.6,75.4,84.8,76.2,31.33333333333333,254.0,247.4,237.0,270.8,242.4,293.0,337.0,321.2,355.4,374.8,336.8,258.0,42.4,31.6,56.6,82.0,78.0,61.4,68.4,78.8,76.8,30.33333333333333,0.5650328476033415,0.9595215,1.7698086124401915,0.9069388864816729,0.9069388864816729,easy
3693,2013/2014,15,6,2,6.1963397909149345,5.817413261813713,2,6,7.176660567523138,5.328198545123003,8,8,13.557725154819103,11.320436463255282,24,21,31.34533934919643,17.49346930435418,6.175675675675675,5.924050632911392,6.405405405405405,5.974683544303797,12.58108108108108,11.89873417721519,24.41891891891892,17.835443037974684,0,8.262250255438207,7.522024565506079,15.7842748209443,21.89177094785055,6.707200541073373,5.289154628141655,11.99635516921504,20.48696844524682,258.8,218.0,193.0,248.2,194.4,282.6666666666667,353.6,307.4,311.6,348.6,309.6,273.6666666666666,45.8,25.6,54.2,73.2,73.2,68.8,71.0,68.0,74.2,44.0,260.4,254.6,237.0,266.2,235.0,298.0,359.8,336.4,345.4,344.6,333.4,282.0,40.4,29.6,54.0,68.8,64.6,65.4,63.0,56.0,74.0,25.0,0.415661532751902,0.820884,2.4058035714285717,0.6934721557705621,0.6934721557705621,medium
3694,2013/2014,15,4,3,4.030235877909163,4.483722242407521,9,8,5.093350523870973,6.120185491075848,13,11,9.153187821347192,10.475554376328034,22,18,21.79708601848668,16.160475358541696,7.329268292682927,5.579545454545454,7.390243902439025,6.0227272727272725,14.71951219512195,11.602272727272727,22.29268292682927,20.352272727272727,0,3.331902689021842,6.501595755324344,9.83349844434619,22.14251577267748,5.335139920385323,5.619726474826021,10.95486639521134,19.30663343659057,286.8,250.8,235.0,278.8,239.2,319.3333333333334,354.4,324.4,373.2,391.4,353.2,242.6666666666667,52.8,28.6,50.6,79.8,79.4,74.4,82.6,84.8,80.4,37.66666666666666,281.8,254.6,255.6,260.0,243.0,289.3333333333333,203.8,206.2,208.8,227.2,176.8,180.0,45.6,31.2,51.8,77.6,223.4,189.4,188.0,218.8,209.0,96.66666666666667,0.7964199029126214,0.024964146,1.2556190476190474,-3.789445833359944,-3.789445833359944,hard
3695,2013/2014,15,2,5,4.582515389930815,9.54327883609821,4,7,4.536666548404148,7.303958174097579,6,12,8.765532679814273,17.36422416245066,24,18,18.17256684925922,23.721707658908116,4.095238095238095,6.321428571428571,4.928571428571429,6.023809523809524,9.023809523809524,12.345238095238095,22.55952380952381,19.023809523809526,1,4.860023403159772,5.636649738738008,10.49667314189778,25.04553437936672,6.474441317110425,5.281953209922617,11.75639452703303,21.33224764789723,285.6,276.6,265.8,258.4,254.4,327.3333333333333,306.6,285.2,309.4,309.8,295.2,211.3333333333333,42.2,30.4,49.8,81.2,157.2,135.2,143.0,139.0,153.8,53.0,239.4,213.6,208.4,267.2,205.8,296.6666666666667,351.0,324.4,343.0,374.0,326.4,291.3333333333333,41.6,27.6,49.0,72.4,68.6,58.4,56.6,80.2,69.6,34.0,0.8681627891016401,0.8680345,1.1518577075098815,-0.0009732237090544716,-0.0009732237090544716,medium
3696,2013/2014,15,6,13,4.286571823067,9.384869579713417,5,11,4.893404596552468,7.335173726490833,11,24,9.411565912104187,16.36407018451768,24,25,19.594440687518542,26.51746615306927,4.5125,8.0,5.075,7.682352941176471,9.5875,15.68235294117647,18.4375,21.894117647058824,0,7.92058786364454,7.179864328595029,15.10045219223958,27.46127286269724,5.126458019540122,4.171210145782061,9.297668165322179,17.98489147533138,266.4,232.4,210.4,276.2,225.2,295.6666666666667,312.0,282.4,281.2,285.0,274.6,242.3333333333333,47.4,28.8,52.2,78.0,146.8,125.2,119.4,146.2,138.6,52.66666666666667,177.8,153.6,134.4,195.6,135.6,213.6666666666667,358.8,334.0,341.8,337.0,332.6,325.3333333333334,48.8,29.0,52.2,73.8,145.6,132.6,119.6,140.6,128.2,50.0,0.4055587067498582,0.02770961,2.4657342657342656,-0.6356373678978163,-0.6356373678978163,hard
3697,2013/2014,15,5,6,7.376624547988717,3.5609087844566556,5,1,6.041178589870255,4.613958241906845,10,7,12.938417376944635,8.550734235046152,33,9,24.29383984716747,15.040238669802099,7.357142857142857,5.149595687331535,7.178571428571429,5.6212938005390845,14.535714285714286,10.77088948787062,22.654761904761905,19.30727762803234,0,4.869339481385,7.384217096998876,12.25355657838388,25.01668314430312,4.387446525626268,5.179698535557726,9.567145061183991,13.29422378847314,253.8,233.2,218.4,250.8,209.0,293.6666666666667,350.4,335.4,362.2,356.0,337.8,256.6666666666667,45.8,29.0,54.4,69.4,79.4,57.6,62.8,65.2,64.4,28.0,242.0,232.4,221.2,258.4,211.4,301.0,360.8,329.2,332.8,373.2,336.4,280.0,47.6,30.2,47.6,73.6,78.8,70.6,71.2,61.0,72.8,26.33333333333333,0.3052671323390598,0.07331095,3.275819418676562,-0.3338782248613626,-0.3338782248613626,medium
3698,2013/2014,15,14,1,6.317919470033981,5.388540041731973,10,4,7.442269059746554,5.224525948314484,24,5,14.181586406392418,10.638837247338685,44,16,22.928223413064682,19.60640867720818,5.037974683544304,5.397590361445783,5.518987341772152,5.518072289156627,10.556962025316455,10.91566265060241,17.569620253164558,19.40963855421687,0,3.373080158895366,6.036390489306621,9.409470648201982,20.87794575302085,5.87343676306819,5.633448289915648,11.50688505298384,19.31353393081163,266.0,244.6,228.2,269.4,216.0,300.0,329.6,306.4,318.0,364.6,286.0,262.3333333333333,44.0,30.8,49.6,70.8,83.6,66.6,64.0,74.6,70.4,31.66666666666667,285.0,249.0,234.4,289.8,233.8,313.6666666666666,270.6,255.8,289.8,315.4,266.6,177.6666666666667,42.2,29.6,64.2,81.2,75.8,67.2,64.8,67.2,76.8,22.33333333333333,0.3010752688172043,0.020064432,3.321428571428571,-0.4020616666055643,-0.4020616666055643,medium
3699,2013/2014,16,10,3,3.7880092498022186,4.250621500484067,5,6,6.11956942782245,4.9562955147901295,15,9,9.58354294063166,9.119402740446692,22,16,21.32665689810734,26.614797314004086,4.943181818181818,6.173333333333333,5.579545454545454,6.346666666666667,10.522727272727273,12.52,18.147727272727273,24.413333333333334,0,4.17760945443456,7.422486543352688,11.60009599778726,21.59890943640183,5.873480747077689,4.198232718084214,10.07171346516191,18.15567650778684,269.0,243.6,217.8,221.8,235.2,287.3333333333333,282.0,264.0,288.4,272.8,274.2,220.3333333333333,44.8,27.4,52.8,77.8,148.4,121.6,133.6,142.4,142.8,52.33333333333333,282.6,270.8,243.6,279.6,255.6,318.6666666666666,356.4,340.4,364.8,364.6,350.6,328.0,44.4,30.0,55.6,80.0,77.8,64.2,64.4,67.8,72.4,24.0,0.2789425706472197,0.040102378,3.5849673202614376,-0.3312360257965274,-0.3312360257965274,medium
3700,2013/2014,16,7,5,5.001341577921662,5.910873702734288,5,6,5.869224440608473,7.269490029957482,12,11,10.558154582650143,13.638372068901589,29,27,24.518689506954672,21.51934960921176,5.113207547169811,5.15,5.536388140161726,5.575,10.649595687331537,10.725,18.482479784366575,17.9,1,6.350454580384753,8.113464187131665,14.46391876751641,25.39509502279421,4.330283494206878,4.177056431661229,8.507339925868097,15.72532298229929,268.8,244.2,236.0,247.4,229.8,279.6666666666667,346.8,334.0,350.4,359.2,340.6,275.6666666666667,49.0,27.8,51.0,75.4,71.6,62.6,56.0,60.4,68.0,19.33333333333333,254.2,239.6,217.6,256.8,225.2,304.3333333333334,371.0,353.4,344.0,381.2,334.8,336.6666666666667,43.6,32.8,53.0,78.2,77.8,67.2,65.2,79.8,73.8,22.66666666666667,0.3244274809160305,0.6365524,3.0823529411764707,0.46201540723358847,0.46201540723358847,medium
3701,2013/2014,16,9,6,7.4251445858238085,3.3810576952320837,6,4,7.557131498420567,3.0902824797584323,15,10,14.946906305741583,6.296298253077307,20,9,34.196016047522846,13.906273318863967,6.305882352941176,5.088948787061994,6.035294117647059,5.597035040431268,12.341176470588236,10.685983827493262,19.011764705882353,18.421832884097032,1,9.063184835237191,7.612093458049822,16.67527829328702,25.66447675604057,4.599342177382703,4.790816928062022,9.390159105444724,17.43197226920454,279.4,251.8,243.2,262.4,244.0,297.3333333333333,279.6,273.6,281.4,296.8,243.4,242.0,45.6,31.2,51.8,77.6,149.6,131.2,123.6,142.8,136.0,59.00000000000001,269.0,243.6,217.8,221.8,235.2,287.3333333333333,364.6,333.2,344.0,344.2,328.2,282.6666666666667,44.8,27.4,52.8,77.8,71.2,63.0,51.8,63.8,69.6,41.33333333333334,0.3767123287671233,0.94573456,2.6545454545454543,0.9129367673790062,0.9129367673790062,easy
3702,2013/2014,16,10,4,8.850097598936037,4.822772743791569,6,6,8.548927144644765,3.195589612154955,16,10,17.745445430474106,8.548403359479714,25,8,24.418500541584862,15.253400547567324,6.729411764705882,4.56,6.447058823529412,5.28,13.176470588235293,9.84,22.2,17.6,1,6.82438386128483,8.552888819345288,15.37727268063012,20.81871868938897,4.210755377358397,5.107229612291174,9.317984989649572,14.4875786691813,254.4,217.4,189.4,244.6,192.2,284.6666666666667,275.4,241.0,250.6,280.6,244.6,209.3333333333333,45.8,25.6,54.2,73.2,151.4,137.2,137.0,144.2,144.4,87.66666666666666,180.0,155.2,122.0,182.4,139.8,209.0,356.2,325.4,332.6,328.4,328.0,335.0,48.8,29.0,52.2,73.8,147.4,129.6,120.0,145.0,134.4,53.0,0.3902439024390245,0.9471226,2.562499999999999,0.913281021118164,0.913281021118164,easy
3703,2013/2014,16,7,2,6.521567724530605,3.5226057086098597,6,7,6.623288875353454,3.553921944701075,13,9,13.317101640183978,6.6426223014820565,17,20,27.651575668104684,17.611379340967385,5.159786950732356,4.070588235294117,5.565912117177098,4.91764705882353,10.725699067909455,8.988235294117647,19.18375499334221,22.576470588235296,0,5.744451914812685,6.604439306773186,12.34889122158588,24.33295306127272,5.005143520188538,4.263538515683734,9.268682035872281,22.33875979697181,264.2,240.0,213.2,264.8,218.0,307.3333333333334,354.4,324.4,373.2,391.4,353.2,242.6666666666667,52.8,28.6,50.6,79.8,79.4,74.4,82.6,84.8,80.4,37.66666666666666,274.0,250.8,224.8,268.0,236.4,310.6666666666666,360.6,343.4,372.0,365.8,353.8,302.0,44.4,30.0,55.6,80.0,77.8,64.2,64.4,67.8,72.4,24.0,0.5330781848004374,0.11299561,1.8758974358974356,-0.8996850297867,-0.8996850297867,hard
3704,2013/2014,16,6,4,6.332748504257664,3.4232681560157157,11,4,7.164672175794271,3.5501082678114244,17,8,14.01451931759197,7.004735187173564,28,30,23.891030946981527,11.99270255953674,5.550561797752809,7.1,6.044943820224719,6.6375,11.595505617977528,13.7375,20.325842696629213,23.6,1,7.678449328613569,7.264595271951315,14.94304460056489,23.98752725768797,5.114686977004528,4.032445596370611,9.147132573375147,18.24384917550842,245.0,240.6,231.6,280.6,237.8,287.6666666666667,343.8,335.8,373.6,385.0,358.8,227.3333333333334,42.4,31.6,56.6,82.0,76.0,69.4,82.8,75.6,84.8,25.33333333333333,246.2,212.8,209.4,274.8,206.2,284.3333333333334,349.8,328.6,352.0,381.2,333.2,275.6666666666667,41.6,27.6,49.0,72.4,68.6,58.4,56.6,80.2,69.6,34.0,0.7839195979899497,0.98345214,1.2756410256410258,0.923418049202409,0.923418049202409,easy
3705,2013/2014,16,7,7,4.140771155235307,6.002586189134791,7,4,5.043176147062263,4.979139126631901,14,11,8.92323348705883,10.768360746732391,30,12,17.92364213346317,21.431021731768993,5.875,7.289156626506024,5.975,7.409638554216867,11.85,14.698795180722891,17.875,22.289156626506024,0,6.757397294629054,7.058325140884715,13.81572243551377,26.93307865163968,4.215103370127006,4.21476777663849,8.42987114676549,16.61040941498255,266.4,232.4,210.4,276.2,225.2,295.6666666666667,310.2,279.2,281.2,284.8,279.0,200.6666666666667,47.4,28.8,52.2,78.0,146.8,125.2,119.4,146.2,138.6,52.66666666666667,265.2,250.0,238.2,263.8,242.6,306.6666666666667,222.2,210.0,197.6,229.6,185.8,222.0,43.6,32.8,53.0,78.2,214.0,188.2,210.4,234.4,211.8,79.66666666666667,0.3625285605483625,0.0138416765,2.758403361344538,-0.5469843165575123,-0.5469843165575123,hard
3706,2013/2014,16,8,5,5.409274908590368,8.404991898682864,11,5,6.250872900987044,4.95536164129383,19,10,12.110307619756526,13.868200250282468,21,17,18.284846031512515,23.343810482374597,5.345238095238095,7.329411764705882,5.5,7.152941176470589,10.845238095238095,14.48235294117647,19.36904761904762,22.776470588235295,0,6.230354565540019,6.606820244208885,12.83717480974891,21.51518412132556,6.309547588353624,5.559758230034421,11.86930581838805,21.35864395441984,241.0,232.2,221.4,277.0,206.8,293.0,284.8,269.8,270.8,294.6,265.0,256.0,47.6,30.2,47.6,73.6,137.8,109.0,105.4,134.4,124.8,52.0,272.6,253.4,237.2,265.6,238.0,327.6666666666667,343.2,349.4,379.6,387.2,348.0,246.6666666666666,39.2,32.2,53.4,78.0,79.8,71.6,69.4,61.8,77.4,26.66666666666667,0.224333163508472,0.033733997,4.457655677655679,-0.24572297176795485,-0.24572297176795485,medium
3707,2013/2014,16,2,6,9.660317188278896,8.493758375485301,6,9,6.962659072129865,5.048816472551562,8,15,16.220019466562913,14.247910162298918,17,13,20.091322839958842,20.07116850131059,8.05813953488372,6.1203319502074685,7.72093023255814,5.742738589211619,15.779069767441861,11.863070539419088,21.930232558139537,22.672199170124482,0,5.951838160748451,4.829829389733094,10.78166755048155,19.99363907457702,7.428357072225851,6.193222461213489,13.62157953343935,13.62379641427896,253.8,233.2,218.4,250.8,209.0,293.6666666666667,210.6,204.6,222.6,206.4,196.2,187.3333333333334,45.8,29.0,54.4,69.4,216.6,185.6,205.0,218.4,203.2,86.66666666666667,260.4,254.6,237.0,266.2,235.0,298.0,357.4,330.4,351.2,349.6,333.6,257.3333333333333,41.8,30.6,56.4,80.4,64.6,65.4,63.0,56.0,74.0,25.0,0.4637985309548793,0.197894,2.156108597285068,-0.4959041575979578,-0.4959041575979578,medium
3708,2013/2014,16,2,10,7.607984122479131,4.917753482758577,10,8,7.989155574946744,3.9622481180448634,12,18,15.39855865558666,9.226779043808417,23,31,31.638294614189437,13.076030364961806,6.447058823529412,4.530864197530864,7.2,5.074074074074074,13.647058823529411,9.604938271604938,22.36470588235294,18.506172839506174,0,6.038534224529,7.070673017669119,13.10920724219812,21.67002075958015,5.029619497508657,5.809600963238076,10.83922046074673,17.8310257619573,266.0,244.6,228.2,269.4,216.0,300.0,337.0,317.0,362.8,379.4,317.4,245.0,44.0,30.8,49.6,70.8,84.4,66.6,64.0,74.6,70.4,31.66666666666667,254.8,240.6,239.4,245.0,235.0,295.0,358.0,334.0,353.4,364.0,358.8,252.3333333333333,42.4,27.4,43.0,79.2,71.4,64.8,77.8,65.2,84.2,25.0,0.5555555555555556,0.059637345,1.7999999999999998,-1.1158159449696543,-1.1158159449696543,hard
3709,2013/2014,17,5,6,6.752207333167037,7.35254348925763,2,5,5.424518763342868,5.9033710160065604,7,11,12.337929473905184,13.308179080124464,24,17,24.27922022244573,17.70177022066957,7.061728395061729,6.337209302325581,6.604938271604938,6.034883720930233,13.666666666666666,12.372093023255815,23.679012345679013,19.023255813953487,0,8.371033869961323,7.169824805486618,15.54085867544794,27.53578192064104,4.870845222328225,4.094852479302314,8.965697701630543,15.02533851065365,280.8,262.0,227.6,263.0,245.0,326.3333333333334,352.8,327.4,379.8,397.2,347.4,255.3333333333333,36.2,28.2,56.2,81.6,78.0,71.6,75.4,83.6,76.2,31.33333333333333,251.4,238.6,214.2,233.4,210.6,301.6666666666666,368.4,352.0,356.0,335.6,350.4,307.3333333333333,49.0,27.8,51.0,75.4,82.4,68.0,57.0,65.8,73.2,42.33333333333334,0.8267159795496574,0.061004125,1.2096052631578946,-4.418825645067562,-4.418825645067562,hard
3710,2013/2014,17,6,4,6.092375992972914,5.723549024278879,3,7,4.9261286747965585,5.028534596459602,9,11,11.106071867967604,10.67550905955527,12,21,18.310300875051883,20.554473289669033,5.099866844207722,5.888888888888889,5.577896138482025,5.987654320987654,10.677762982689748,11.876543209876543,18.308921438082553,18.02469135802469,0,5.711201484314893,6.646643520123821,12.35784500443871,22.42965976130554,6.411576683237612,5.557625857903255,11.96920254114085,16.38485136152506,285.0,252.6,234.4,289.8,233.8,313.6666666666666,345.6,321.0,366.8,383.8,339.0,231.6666666666667,42.2,29.6,64.2,81.2,75.8,67.2,64.8,67.2,77.0,22.33333333333333,267.4,262.8,253.8,274.4,248.2,332.3333333333333,376.8,355.0,397.8,415.2,377.6,228.0,42.2,30.4,49.8,81.2,76.0,66.4,69.8,68.2,77.8,26.0,0.2611464968152866,0.07664364,3.8292682926829267,-0.24971507309839644,-0.24971507309839644,medium
3711,2013/2014,17,8,11,2.9923268158160408,7.314986670338383,4,2,5.624415023636537,8.940784491306694,12,13,9.64824399651772,16.353596740596277,25,17,16.441992343631245,22.21121639371828,4.549019607843137,5.555555555555555,5.294117647058823,6.1,9.843137254901961,11.655555555555555,17.41176470588235,20.41111111111111,0,6.180570191763422,7.10729107478366,13.28786126654709,19.9221935703976,5.438719626091678,5.539994140220279,10.97871376631196,15.55258549143151,272.6,253.4,237.2,265.6,238.0,328.0,358.2,346.6,396.2,394.8,364.8,194.3333333333333,39.2,32.2,53.4,78.0,79.8,71.6,69.4,61.8,77.4,26.66666666666667,260.6,223.8,199.0,241.8,205.6,283.0,353.0,312.4,325.0,344.6,324.0,244.6666666666667,47.0,25.6,54.2,73.2,78.2,67.8,65.6,75.0,70.0,43.66666666666666,0.7996572897329717,0.028186249,1.250535714285714,-3.8507566841987027,-3.8507566841987027,hard
3712,2013/2014,17,11,6,11.24662675056496,4.891575087641013,15,5,10.180196306028563,4.01005596862194,26,11,22.800962782682948,8.664397612331044,28,16,27.038078644200013,14.512270159424371,6.118852459016393,5.135818908122503,5.782786885245902,5.529960053262318,11.901639344262296,10.66577896138482,22.55327868852459,18.608521970705723,1,6.616048619842143,8.297525376175706,14.91357399601786,19.79102472164555,4.244651217258167,3.311769640460463,7.556420857718635,9.178344157217788,241.0,221.0,223.8,280.0,204.2,293.0,349.8,328.6,352.0,381.2,333.2,275.6666666666667,41.6,27.6,49.0,72.4,80.4,66.8,57.8,68.6,68.2,35.66666666666666,266.4,232.4,210.4,276.2,225.2,295.6666666666667,306.6,276.0,286.2,286.2,268.2,241.0,47.4,28.8,52.2,78.0,152.8,118.4,125.2,141.0,140.4,54.0,0.425,0.9422567,2.3529411764705883,0.8995768505594005,0.8995768505594005,easy
3713,2013/2014,17,7,2,6.769158874008202,3.676838497167741,9,1,7.112707935229549,4.8839339863976345,16,3,13.946877469257537,8.497550266740024,32,20,28.17104265762974,24.33504470601744,6.131578947368421,6.395348837209302,6.342105263157895,7.232558139534884,12.473684210526315,13.627906976744185,24.30263157894737,22.372093023255815,1,7.038788897466716,8.115343030119819,15.15413192758654,23.37368960300375,5.476007326755022,4.255806560160493,9.731813886915509,17.68966060238089,269.0,255.4,228.6,269.4,240.0,312.6666666666666,355.2,350.2,369.8,362.0,351.0,300.0,44.4,30.0,55.6,80.0,73.4,61.0,75.2,82.6,75.6,49.33333333333334,341.2,304.2,289.0,311.0,285.0,363.6666666666666,202.2,196.2,201.2,227.8,178.0,154.0,45.6,31.2,51.8,77.6,159.6,139.0,115.6,133.6,146.8,64.33333333333333,0.6361646262244228,0.9159332,1.5719201583635762,0.7689427299183424,0.7689427299183424,easy
3714,2013/2014,17,6,4,6.215245072843848,6.494770098192129,5,6,6.46286825522953,5.9410328932072325,11,10,12.742350945069093,12.067760383283444,24,20,23.180286559662186,18.541375979933207,7.285714285714286,7.988505747126437,7.369047619047619,7.7011494252873565,14.654761904761905,15.689655172413794,22.166666666666668,21.873563218390803,0,4.417144825489328,4.205334231909022,8.622479057398348,22.09673320364371,6.232285721611367,7.366077564784686,13.59836328639606,21.97086627834285,254.8,240.6,239.4,245.0,235.0,295.0,356.6,352.8,354.2,355.8,345.6,338.3333333333333,42.4,27.4,43.0,79.2,70.0,54.6,59.0,74.2,69.8,23.33333333333333,241.0,237.2,222.4,277.0,207.2,293.0,377.2,336.2,345.6,378.8,342.6,280.3333333333333,47.6,30.2,47.6,73.6,78.8,70.6,71.2,61.0,72.8,26.33333333333333,0.2706222865412446,0.02923886,3.6951871657754007,-0.3309443342602916,-0.3309443342602916,medium
3715,2013/2014,17,4,8,4.667912239015609,5.704890067354551,6,5,6.872189783571572,5.279539917238345,10,13,11.616018256154431,10.921523773884765,26,22,25.30768193070962,12.70298700838208,4.046511627906977,5.0,4.941860465116279,5.573033707865169,8.988372093023257,10.573033707865168,22.546511627906977,18.191011235955056,1,6.979111243151562,6.77355773420935,13.75266897736091,26.17372102502474,6.057910607324401,5.368786768776305,11.42669737610071,17.83152414419754,261.2,234.2,199.2,265.0,216.6,286.6666666666667,285.8,259.0,278.6,267.0,265.6,246.0,41.8,28.0,49.0,69.2,147.4,129.6,120.0,145.0,134.4,53.0,290.0,266.8,248.6,280.6,239.4,315.6666666666666,270.2,260.0,287.8,308.6,270.6,188.3333333333333,42.2,29.6,64.2,81.2,155.2,137.8,135.8,142.6,154.6,58.66666666666667,0.2442553191489361,0.9334046,4.094076655052266,0.911881119079955,0.911881119079955,easy
3716,2013/2014,17,8,9,8.076576046905293,5.753096409693169,11,4,7.4143084461838145,8.11389784055081,19,13,16.365788676260955,14.304190248097608,23,25,28.661931985311643,21.503702920565907,4.597560975609756,5.376470588235295,5.109756097560975,5.564705882352941,9.707317073170731,10.941176470588236,18.658536585365855,19.388235294117646,0,6.032793917189548,6.94818928470213,12.98098320189168,24.29762225383175,4.61217306940758,5.803072401237221,10.41524547064479,16.09922676271111,287.8,268.0,262.4,274.8,246.2,327.3333333333333,281.6,275.2,288.6,295.4,283.4,210.6666666666667,42.2,30.4,49.8,81.2,157.4,135.8,143.0,139.4,154.0,53.0,280.8,262.0,227.6,263.0,245.0,326.3333333333334,229.2,223.4,219.0,222.0,217.6,236.3333333333333,36.2,28.2,56.2,81.6,215.6,199.4,236.6,257.4,216.8,83.33333333333333,0.5268833769835156,0.06019438,1.8979532163742692,-0.9864142953849738,-0.9864142953849738,hard
3717,2013/2014,17,4,6,6.211986507589186,6.413104333763591,9,6,5.432437766451079,5.626913276484338,13,12,10.834106274617412,12.469977967506075,18,16,21.603451414620196,12.481338909168809,7.3023255813953485,6.767441860465116,7.127906976744186,6.441860465116279,14.430232558139535,13.209302325581396,22.709302325581394,22.232558139534884,0,5.036145649852617,6.28808884190067,11.32423449175328,22.48676053491981,4.56001505344771,5.232602477207839,9.792617530655544,16.90885471203032,265.2,250.0,238.2,263.8,242.6,306.6666666666667,358.4,331.0,342.8,384.2,323.8,279.0,43.6,32.8,53.0,78.2,70.4,59.8,50.8,58.2,64.6,35.0,253.8,235.8,218.4,250.8,209.0,293.6666666666667,343.8,317.8,349.0,366.6,320.6,260.0,45.8,29.0,54.4,69.4,79.4,57.2,62.8,65.2,64.4,28.0,0.4981346656367611,0.29774687,2.0074892774661826,-0.3992859640405109,-0.3992859640405109,medium
3718,2013/2014,17,6,2,5.157429115835032,4.569985312191077,5,3,6.990312815350915,3.7039226411588544,11,5,12.62689342203376,7.812719589173044,29,13,29.32135812943234,20.44288310003852,5.148148148148148,5.18157894736842,5.580246913580247,5.571052631578948,10.728395061728396,10.75263157894737,18.012345679012345,19.157894736842103,0,6.536939535454492,7.831483878084631,14.36842341353912,23.30286969340001,5.43815211904801,5.856497496047091,11.2946496150951,17.28349583371286,261.2,255.4,237.0,266.2,235.0,299.0,372.6,342.4,355.4,346.4,358.2,238.0,41.8,30.6,56.4,80.4,64.6,65.4,63.0,56.0,74.0,25.0,259.8,243.8,213.0,274.0,236.8,323.0,361.6,353.0,393.8,387.8,367.6,214.3333333333333,42.4,31.6,56.6,82.0,76.0,69.4,82.8,75.6,84.8,25.33333333333333,0.1387232162580075,0.0463736,7.208598726114651,-0.107224087180939,-0.107224087180939,medium
3719,2013/2014,18,5,7,5.802527252280892,4.305951507134295,5,4,5.2536726431553245,4.324115052572403,10,11,11.28515491485289,8.798065144145324,31,22,26.853638440472565,14.705220265763309,5.033333333333333,5.110526315789473,5.566666666666666,5.547368421052632,10.6,10.657894736842106,18.233333333333334,18.23421052631579,0,6.527470822864608,6.70461699371509,13.2320878165797,22.56343991799645,6.221168324064433,5.360513885032625,11.58168220909706,18.63494708070739,254.6,237.4,212.6,245.4,226.4,286.6666666666667,285.6,265.6,280.6,269.4,258.2,237.3333333333334,44.8,27.4,52.8,77.8,135.4,112.6,126.8,148.0,126.4,52.33333333333333,264.2,239.0,213.6,264.8,217.4,309.3333333333334,354.4,324.4,373.2,391.0,353.2,242.6666666666667,52.8,28.6,50.6,79.8,79.4,74.4,82.6,84.8,80.4,37.66666666666666,0.1701453655483893,0.049394097,5.87732728879765,-0.1455089455346557,-0.1455089455346557,medium
3720,2013/2014,18,1,3,3.8313919606395936,6.983419978653602,8,3,4.740416590430299,7.54066988960242,9,6,8.97675316266055,14.724600617292829,27,17,21.38956159217911,23.228197681037624,5.1460526315789465,7.270588235294118,5.523684210526317,7.341176470588235,10.669736842105264,14.611764705882353,18.577631578947365,22.188235294117646,0,5.584614552651471,6.224291821233214,11.80890637388469,20.79965711139593,5.327034316759934,5.893226792047016,11.22026110880694,21.21650088705674,250.4,241.6,208.4,227.6,204.4,300.6666666666666,355.6,346.8,361.2,343.2,350.0,268.0,49.0,27.8,51.0,75.8,82.4,68.0,57.0,65.8,73.2,42.33333333333334,263.6,240.6,216.2,278.8,202.4,295.6666666666667,353.8,298.2,325.6,371.6,296.6,250.0,44.0,30.8,49.6,70.8,84.4,66.6,64.0,74.6,70.4,31.66666666666667,0.336890243902439,0.004399595,2.9683257918552037,-0.5014111842767431,-0.5014111842767431,medium
3721,2013/2014,18,12,2,8.09636179097287,4.655912671270334,7,5,8.21282397027029,2.9362970716595918,19,7,16.498586698795567,7.047368242442737,28,21,22.746239788378034,14.844452507610082,6.333333333333333,7.264367816091954,6.022988505747127,7.149425287356322,12.35632183908046,14.413793103448276,19.0,22.655172413793103,1,8.989071612712747,9.214538072118314,18.20360968483106,26.55458951394674,4.561131750227299,3.527294528566912,8.088426278794211,13.39516575209723,274.0,235.6,209.2,252.0,219.8,284.0,342.8,298.8,322.8,356.2,308.2,222.0,47.0,25.6,54.2,73.2,73.2,68.8,71.0,68.0,74.2,44.0,250.0,227.6,191.4,249.6,207.6,281.6666666666667,354.8,333.4,350.6,343.4,331.2,296.0,44.8,27.4,52.8,77.8,71.2,63.0,51.8,63.8,69.6,41.33333333333334,0.3767123287671233,0.95200694,2.6545454545454543,0.9230001391945305,0.9230001391945305,easy
3722,2013/2014,18,16,5,8.96195625859114,4.7925240717360005,8,6,8.51447066130838,5.423293528423475,24,11,17.554356312760063,10.752016410276951,23,7,27.672039982467638,16.606331130743357,6.758620689655173,4.63855421686747,6.436781609195402,5.180722891566265,13.195402298850574,9.819277108433734,22.160919540229884,18.710843373493976,0,8.4558914929307,7.815870179635572,16.27176167256628,22.05306487366416,4.330466842029749,5.498810604978726,9.829277447008485,15.17774834028877,266.0,235.2,214.8,257.8,229.6,291.6666666666666,210.8,200.6,211.8,224.4,182.2,183.6666666666667,45.6,31.2,51.8,77.6,223.4,189.4,188.0,218.8,209.0,96.66666666666667,250.4,241.6,208.4,227.6,204.4,300.6666666666666,355.6,346.8,361.2,343.2,350.0,268.0,49.0,27.8,51.0,76.2,71.6,62.0,56.0,60.4,68.0,19.33333333333333,0.4645476772616137,0.3930175,2.1526315789473682,-0.13358829486859997,-0.13358829486859997,medium
3723,2013/2014,18,5,5,4.231990948372789,3.360357443951352,8,5,5.326099210922047,5.60535612068481,13,10,9.415954955809237,8.663963493280335,24,22,21.564141346454775,25.270243025484536,5.1443433029908965,6.142857142857143,5.540962288686607,6.376623376623376,10.685305591677503,12.519480519480519,19.085825747724314,24.4025974025974,0,4.362646441140734,6.340877932054516,10.70352437319525,22.54803682117563,5.105492947764235,4.51315099044776,9.618643938211996,22.11695909536704,293.4,268.6,251.0,284.0,255.8,323.3333333333334,361.0,346.6,397.8,388.4,363.2,234.3333333333333,36.2,28.2,56.2,81.6,78.0,71.6,75.4,83.6,76.2,31.33333333333333,242.0,233.2,220.8,261.4,230.0,296.0,359.2,330.2,352.2,379.8,325.2,274.0,43.6,32.8,53.0,78.2,74.2,61.8,66.6,67.8,76.8,37.66666666666666,0.7792207792207791,0.06718373,1.2833333333333334,-3.225108974120195,-3.225108974120195,hard
3724,2013/2014,18,12,8,7.205323331610488,6.623997931197141,6,5,8.131538580198008,6.409476318549779,18,13,15.305329057877051,13.299748500774847,23,26,21.721801098599308,19.184322755595637,5.615384615384615,6.178137651821862,6.054945054945055,5.894736842105264,11.67032967032967,12.072874493927126,20.373626373626372,22.619433198380566,1,8.607122842176684,6.590440724967619,15.19756356714431,19.60524547287611,4.736755613873545,5.352565155894019,10.08932076976757,12.88784372305113,264.2,239.0,213.6,264.8,217.4,309.3333333333334,354.4,323.8,373.6,391.0,353.0,242.6666666666667,52.8,28.6,50.6,79.8,79.4,74.4,82.6,84.8,80.4,37.66666666666666,272.6,253.4,237.2,265.6,238.0,328.0,354.2,354.6,403.2,398.8,355.8,233.3333333333333,39.2,32.2,53.4,78.0,79.8,71.6,69.4,61.8,77.4,26.66666666666667,0.4428364688856729,0.9410567,2.258169934640523,0.8942083098671654,0.8942083098671654,easy
3725,2013/2014,18,8,4,7.876709408492305,3.6823067089740436,13,5,7.348996995278556,3.082811041940366,21,9,15.607039819671325,5.983133372043525,46,13,25.589868312875304,11.940184550294077,5.865853658536586,4.045977011494253,6.0,4.954022988505747,11.865853658536585,9.0,18.0609756097561,22.586206896551722,1,6.406411405671098,8.239427708945211,14.64583911461631,23.98407839010093,3.015361525538333,4.01873353155466,7.034095057092999,13.74181332243258,251.6,247.8,237.4,270.6,234.2,292.0,368.2,358.0,388.0,374.4,375.0,250.6666666666667,42.4,31.6,56.6,82.0,76.0,69.4,82.8,75.6,84.8,25.33333333333333,270.6,253.0,245.0,251.4,241.2,293.3333333333333,356.8,345.6,341.2,355.4,325.8,348.6666666666666,42.4,27.4,43.0,79.2,65.2,51.4,56.4,61.0,59.4,24.66666666666667,0.8099878197320342,0.9573393,1.2345864661654136,0.7754843235015869,0.7754843235015869,easy
3726,2013/2014,18,7,4,8.361412141500953,7.412652251910577,7,6,7.2421046871989425,5.523300681146504,14,10,15.887741357032208,13.733982290821844,23,16,24.863189345835345,17.63999834273487,5.4186046511627906,4.615384615384615,5.546511627906977,5.269230769230769,10.965116279069768,9.884615384615385,19.453488372093023,17.557692307692307,0,6.194251933460636,7.461773378328159,13.6560253117888,17.74493713027924,5.356063080409689,5.669566538187587,11.02562961859727,20.05850310576863,275.2,230.2,226.4,281.0,236.0,302.6666666666667,380.4,332.0,337.2,371.0,334.0,256.6666666666667,47.4,28.8,52.2,78.0,75.6,61.0,59.4,75.0,69.0,24.0,267.4,262.8,253.8,274.4,248.2,331.3333333333333,304.8,287.2,319.6,319.8,301.4,199.0,42.2,29.4,49.8,81.2,159.2,135.6,153.8,150.0,154.8,61.33333333333334,0.1080612539728402,0.04584212,9.254010695187167,-0.06975718511369258,-0.06975718511369258,medium
3727,2013/2014,18,9,3,7.193453595768636,4.268805413208751,9,3,7.031287018477796,4.088983697104279,18,6,13.419479104715105,8.458838882365413,46,9,25.668515463333577,18.452407064808394,7.943181818181818,5.158536585365853,7.681818181818182,5.573170731707317,15.625,10.731707317073171,21.852272727272727,18.146341463414632,0,7.676026173816787,7.459053355046789,15.13507952886358,23.90097822744542,5.172270267966844,5.327497601510758,10.4997678694776,12.54949836688976,250.4,235.6,217.8,289.2,212.8,296.6666666666667,283.4,269.8,272.2,294.6,265.0,257.3333333333333,47.6,30.2,47.6,73.6,154.2,130.8,134.4,139.8,146.0,50.33333333333333,245.4,249.8,226.4,265.6,218.8,299.3333333333333,362.0,330.6,353.6,352.2,343.4,233.0,41.8,30.6,56.4,80.4,64.6,65.4,63.0,56.0,74.0,25.0,0.6272869837950862,0.03331082,1.5941666666666667,-1.5936555246055792,-1.5936555246055792,hard
3728,2013/2014,18,4,19,4.130540862705432,6.917050722779855,6,10,4.564005119031501,4.832413564721824,10,29,8.03737931427139,12.290448114105004,27,38,22.166180149833757,21.932035526783924,6.344827586206897,7.036585365853658,7.160919540229885,6.548780487804878,13.505747126436782,13.585365853658537,22.344827586206897,23.682926829268293,0,5.587106055116523,6.128999607084053,11.71610566220059,20.58371280681283,7.090111911858507,5.703226266130097,12.79333817798859,21.07170763063952,253.8,237.2,218.4,250.8,209.0,293.6666666666667,206.6,189.8,206.8,213.4,181.8,201.3333333333333,45.8,29.0,54.4,69.4,216.6,185.2,205.0,218.4,203.2,86.66666666666667,261.2,234.2,199.2,265.0,216.6,286.6666666666667,292.4,266.6,274.8,256.6,270.0,268.3333333333334,41.8,28.0,49.0,69.2,147.4,129.6,120.0,145.0,134.4,53.0,0.4549295774647887,0.1542766,2.198142414860681,-0.5515855635090391,-0.5515855635090391,hard
3729,2013/2014,19,3,8,6.858097811676062,5.024716009790684,3,5,6.017222578065413,4.821163153676707,6,13,13.34511099792591,9.668367706937238,14,30,22.191051506894567,20.6559388116587,5.032967032967033,7.204545454545454,5.56043956043956,7.125,10.593406593406593,14.329545454545455,18.373626373626372,22.636363636363637,0,4.922005386502978,7.264243511913596,12.18624889841657,18.50823962808508,5.21593862689612,4.547319697950073,9.763258324846198,16.09490331181605,266.0,244.6,228.2,269.4,216.0,300.0,332.6,305.8,337.6,399.8,309.2,223.3333333333333,46.4,27.8,64.8,79.6,84.4,66.6,64.0,74.6,70.4,31.66666666666667,241.0,220.6,223.4,280.0,204.2,293.0,343.2,328.2,345.6,385.4,329.0,260.0,41.6,27.6,49.0,72.6,80.4,66.8,57.8,68.6,68.2,35.66666666666666,0.5253859743451877,0.11545402,1.9033625730994155,-0.8637164813315793,-0.8637164813315793,hard
3730,2013/2014,19,7,11,7.540611679155685,5.4527686373561775,6,8,8.187261084260635,6.98267729978005,13,19,16.04224624147849,12.157013315944852,29,32,28.354526361622188,18.04895130200599,5.097529258777633,4.642857142857143,5.5526657997399225,5.190476190476191,10.650195058517555,9.833333333333334,18.676202860858254,18.571428571428573,0,5.402283516740981,7.862565373921246,13.26484889066223,23.20387251353718,4.51116137304331,4.834654177236859,9.345815550280165,15.60441636252557,290.0,266.8,248.4,280.6,239.2,315.6666666666666,351.0,334.8,361.6,389.2,342.0,255.0,42.2,29.6,64.2,81.2,75.8,67.2,64.8,67.0,77.0,22.33333333333333,282.6,270.0,241.6,279.6,253.4,318.6666666666666,359.2,350.8,380.4,368.4,362.6,305.0,44.4,30.0,55.6,80.0,76.6,71.6,64.0,75.4,65.2,25.0,0.462962962962963,0.049381223,2.1599999999999997,-0.7701177459595535,-0.7701177459595535,hard
3731,2013/2014,19,5,8,9.233295195861372,7.807217839100959,5,1,6.82869980568764,6.078826557165941,10,9,15.914797240227664,13.984781637960477,13,10,22.83737806858179,20.52259863204072,6.3977272727272725,6.2,6.034090909090909,5.884000000000001,12.431818181818182,12.084000000000001,19.102272727272727,22.66,1,7.768066210615769,7.184122642334641,14.95218885295042,21.78683707201637,5.241623090407381,5.726301771498589,10.96792486190597,12.36967000405081,267.2,257.8,233.2,269.0,238.2,332.6666666666667,347.6,363.6,412.6,394.8,363.2,236.6666666666666,39.2,32.2,53.4,78.0,79.8,71.6,69.4,61.8,77.4,26.66666666666667,251.6,247.8,237.4,270.6,234.2,292.0,367.8,358.2,390.2,386.4,370.4,227.3333333333333,42.4,31.6,56.6,82.0,76.0,69.4,82.8,75.6,84.8,25.33333333333333,0.4521801543154494,0.32804146,2.211507936507937,-0.226604977309645,-0.226604977309645,medium
3732,2013/2014,19,4,5,6.45114692755095,5.247467032986046,3,7,5.937475231602971,4.725217539066657,7,12,12.933627563205002,10.116066588360283,8,23,21.042337342818282,16.12836655301176,6.863636363636363,7.22093023255814,6.454545454545454,7.290697674418604,13.318181818181818,14.511627906976743,22.170454545454547,22.127906976744185,1,5.920900879181849,7.485916704440758,13.4068175836226,22.28542622953323,4.446750487309946,4.655018250810518,9.101768738120466,16.20619813451715,237.0,215.6,214.6,272.4,196.4,290.3333333333334,344.8,310.8,323.0,392.6,318.4,244.0,41.6,27.6,49.0,72.6,80.4,66.8,57.8,68.6,68.2,35.66666666666666,273.6,242.4,231.4,249.0,222.2,291.3333333333333,324.8,307.2,331.2,374.2,301.0,251.6666666666667,45.6,31.2,51.8,77.6,81.8,68.2,61.6,69.8,73.6,26.66666666666667,0.3893129770992367,0.9688747,2.568627450980392,0.9490323096513748,0.9490323096513748,easy
3733,2013/2014,19,13,4,6.813434096964859,4.54238090093803,6,2,6.639401642277924,4.368870889348267,19,6,13.171620670600749,8.934817699975799,30,6,24.449854491013774,17.077241122431992,5.142673521850899,4.60377358490566,5.569408740359898,5.283018867924528,10.712082262210798,9.88679245283019,19.1426735218509,17.528301886792452,1,5.81734443567791,9.313617428242656,15.13096186392057,25.83288645661042,3.243158340201958,4.646512952274212,7.889671292476171,11.21341739913007,255.8,219.8,183.4,251.6,202.6,289.3333333333333,292.4,266.6,274.8,256.6,270.0,268.3333333333334,41.8,28.0,49.0,69.2,147.4,129.6,120.0,145.0,134.4,53.0,241.0,237.2,223.0,277.0,209.2,293.6666666666667,283.4,269.8,272.2,294.6,265.0,257.3333333333333,47.6,30.2,47.6,73.6,154.2,130.8,134.4,139.8,146.0,50.33333333333333,0.325,0.30756792,3.0769230769230766,-0.025825283041706854,-0.025825283041706854,medium
3734,2013/2014,19,13,4,7.2622078121997085,3.156794394038278,10,5,7.611996598671464,2.8745018049039683,23,9,15.307205767107927,6.193017223194616,41,15,30.108299345595604,14.795904827077898,5.684782608695652,5.132639791937581,6.054347826086956,5.529258777633291,11.73913043478261,10.661898569570871,20.402173913043477,18.278283485045513,1,8.474168372074132,8.52994123159389,17.00410960366802,25.42182621073744,3.849190889732387,3.567208453215616,7.416399342947996,15.0102662348633,261.2,255.4,237.0,266.2,235.0,299.0,294.4,273.0,291.6,275.8,287.2,187.6666666666667,41.8,30.6,56.4,80.4,142.8,134.8,126.8,126.6,145.0,75.33333333333334,266.0,244.6,228.2,269.4,216.0,300.0,326.2,316.2,330.0,390.6,294.2,264.6666666666666,46.4,27.8,64.8,79.6,84.4,66.6,64.0,74.6,70.4,31.66666666666667,0.3620822128313484,0.95580727,2.761803713527852,0.9307234689651646,0.9307234689651646,easy
3735,2013/2014,19,6,5,5.417024372598551,7.595428090666543,7,4,6.9580669849463685,4.343661640730245,13,9,12.742818792851388,12.08927884644028,32,19,27.69116536147511,20.27956826305014,5.891566265060241,7.180722891566265,6.0843373493975905,6.590361445783133,11.975903614457831,13.771084337349398,18.397590361445783,23.85542168674699,0,5.969139852731194,6.161671583688598,12.13081143641978,23.90500544174117,5.478524813998062,3.392501063764322,8.871025877762369,17.07347591269636,255.6,237.0,198.0,242.6,220.0,281.6666666666667,214.8,201.2,212.0,207.0,196.6,183.0,44.8,27.4,52.8,77.8,208.4,182.4,191.2,229.0,188.0,99.0,293.4,268.6,251.0,284.0,255.8,323.3333333333334,358.6,343.6,387.6,406.2,356.8,252.3333333333333,36.2,28.2,56.2,81.6,78.0,71.6,75.4,83.6,76.2,31.33333333333333,0.1304347826086956,0.1978566,7.6666666666666705,0.07753509581089027,0.07753509581089027,medium
3736,2013/2014,19,8,4,5.610917580068872,5.72552560422722,9,4,6.699370082137952,6.719018188557261,17,8,12.773153541179475,12.556881132782198,28,22,22.182074084843805,24.078715568369308,5.436781609195402,6.128205128205129,5.563218390804598,6.358974358974359,11.0,12.487179487179487,19.49425287356322,24.371794871794872,0,5.729742950627907,6.762886385550294,12.49262933617821,20.46811530035684,5.969045136081268,3.934139152576186,9.903184288657455,18.81699521860996,250.4,241.6,208.4,227.6,204.4,300.6666666666666,355.6,346.8,361.2,343.2,350.0,268.0,49.0,27.8,51.0,76.2,71.6,62.0,56.0,60.4,68.0,19.33333333333333,275.2,230.2,226.4,281.0,236.0,302.6666666666667,380.4,336.4,342.8,369.4,329.6,273.0,47.4,28.8,52.2,78.0,75.6,61.0,59.4,75.0,69.0,24.0,0.4765957446808511,0.36084536,2.0982142857142856,-0.22114914146865292,-0.22114914146865292,medium
3737,2013/2014,19,8,1,9.339970556902317,2.8297219495961263,9,1,8.827070890725082,3.429463300146832,17,2,18.283111024723297,6.124752521575182,21,9,32.03292517441065,11.200101248697212,7.955056179775281,4.045454545454546,7.696629213483146,4.954545454545454,15.651685393258427,9.0,22.123595505617978,22.477272727272727,1,7.369202590286321,7.423054417614535,14.79225700790087,23.09898671728417,4.311813301341557,4.39632075710104,8.708134058442603,15.42817943974585,267.4,261.2,232.2,283.4,247.6,306.6666666666666,352.4,320.6,376.0,382.8,344.8,239.6666666666667,44.4,30.0,55.6,80.0,77.8,64.2,64.4,67.8,72.4,24.0,261.2,225.8,188.6,243.4,200.2,293.3333333333333,361.4,320.8,337.0,356.2,331.2,247.0,47.0,25.6,54.2,73.4,78.2,68.2,65.0,75.6,69.8,43.66666666666666,0.6969919295671314,0.9663865,1.434736842105263,0.8890673013056739,0.8890673013056739,easy
3738,2013/2014,19,6,16,4.956300729786,7.61430198515299,8,4,6.028651472661123,6.130981208236568,14,20,10.548936060078479,15.044262730369379,26,20,29.98323490340298,23.587142380079804,6.318181818181818,5.132530120481928,7.1477272727272725,5.542168674698795,13.465909090909092,10.674698795180722,22.397727272727273,18.03614457831325,0,7.42156797887194,9.239013477748552,16.66058145662049,29.86165420381357,4.570696715079098,3.865906836156232,8.43660355123533,13.64951553904435,270.6,253.0,245.0,251.4,241.2,293.3333333333333,356.8,345.6,341.2,355.4,325.8,348.6666666666666,42.4,27.4,43.0,79.2,70.0,54.6,59.0,74.2,69.8,23.33333333333333,264.2,239.0,213.6,264.8,217.4,309.3333333333334,220.4,208.0,235.8,224.2,219.4,164.6666666666667,52.8,28.6,50.6,79.8,213.4,190.2,220.4,251.6,214.0,115.6666666666667,0.1213872832369942,0.12429383,8.238095238095239,0.00330810209638195,0.00330810209638195,medium
3749,2013/2014,20,13,6,9.353062671163052,4.053053156097818,14,3,8.762709325906885,4.258433751344066,27,9,18.31352192179691,8.656504339918627,40,10,32.87883537632764,17.60459768388004,7.154761904761905,5.119537275064267,6.559523809523809,5.5578406169665815,13.714285714285714,10.677377892030849,23.797619047619047,18.795629820051413,1,8.7240825259581,8.523982243190314,17.24806476914843,28.40434393395952,3.701927026399692,3.189230112409577,6.891157138809255,12.86214607301175,285.6,276.4,265.8,257.4,254.4,324.6666666666666,385.6,354.4,387.4,391.6,373.8,282.0,42.2,29.4,49.8,81.2,81.4,69.4,73.2,71.2,76.2,27.0,233.4,227.2,216.4,251.2,202.8,296.3333333333334,351.6,331.0,351.6,363.2,331.8,263.0,45.8,29.0,54.4,69.4,74.0,57.6,64.4,68.2,64.2,24.0,0.8341511285574091,0.9743756,1.1988235294117648,0.8454955153211334,0.8454955153211334,easy
3750,2013/2014,20,6,4,6.967815035409173,5.197390115965101,6,3,7.650943004611232,5.738530518965245,12,7,14.62670241885304,10.95521758254177,37,13,21.26976889892795,22.22225051207706,5.119537275064267,5.465909090909091,5.523136246786633,5.6022727272727275,10.6426735218509,11.068181818181818,18.240359897172233,19.59090909090909,0,4.525305037801815,6.698390868171145,11.22369590597296,23.742007000286,5.72447675800254,6.070351628956125,11.79482838695867,17.29512976164564,265.2,248.8,236.4,263.8,241.6,306.6666666666667,280.2,261.4,271.6,305.0,261.2,214.3333333333333,43.6,32.8,53.0,78.2,149.6,122.4,134.6,145.4,152.0,62.66666666666666,303.2,264.6,245.2,289.6,247.8,311.3333333333333,358.8,339.0,340.4,375.0,335.6,295.0,42.2,29.6,64.2,81.2,75.8,67.2,64.8,67.0,77.0,22.33333333333333,0.2960647296800294,0.015130949,3.3776397515527954,-0.3990903651271727,-0.3990903651271727,medium
3751,2013/2014,20,11,3,10.355767842663255,6.6561316626802265,10,4,6.619714435389822,4.239264020666026,21,7,18.18862711059612,10.771758283457174,36,12,22.31240540061676,23.499159727245083,4.592592592592593,6.314606741573034,5.222222222222222,7.157303370786517,9.814814814814815,13.47191011235955,17.314814814814813,22.43820224719101,1,6.024978244304298,9.004554309052638,15.02953255335693,25.39580594072419,3.320152493132713,3.976679775926544,7.296832269059252,12.31095213665227,272.4,253.4,237.2,263.8,238.0,327.6666666666667,358.4,360.0,402.2,391.4,366.6,237.6666666666666,39.2,32.2,53.4,78.0,79.8,71.4,69.4,61.8,77.0,26.66666666666667,251.8,226.8,222.8,257.6,211.4,293.0,344.6,317.8,349.2,367.8,321.4,260.0,45.8,29.0,54.4,69.4,79.4,57.2,62.8,65.2,64.4,28.0,0.733822548365577,0.95218027,1.3627272727272728,0.8203464142959519,0.8203464142959519,easy
3752,2013/2014,20,4,3,9.784934014944968,5.325048635687345,8,6,7.350612852625167,3.557838929542286,12,9,18.102619428480857,8.583859152430591,14,17,23.39030166259773,13.833636049767563,6.221343873517786,5.232528589580685,5.82608695652174,5.57433290978399,12.047430830039527,10.806861499364675,22.509881422924902,19.266836086404066,1,8.082915927459677,8.924132926552593,17.00704885401227,20.01159400163552,4.538733620805767,4.363818286231059,8.902551907036818,9.493301657652363,257.0,231.8,236.6,282.4,224.6,293.0,265.4,243.6,273.4,303.6,240.2,182.0,41.6,27.6,49.0,72.6,149.0,124.8,114.0,148.2,137.6,69.66666666666666,260.2,221.0,198.8,267.4,207.4,291.6666666666666,293.4,267.6,276.8,257.8,271.6,267.0,48.8,29.0,52.2,73.8,148.0,130.4,121.0,145.8,135.4,53.0,0.3553362122146823,0.98017037,2.814236111111111,0.9692403525256654,0.9692403525256654,easy
3753,2013/2014,20,10,3,3.8290744553864506,7.226821738458861,6,3,5.741262758945341,7.000784351207818,16,6,9.044825069593598,14.23147258992504,56,9,23.261639238565472,23.214649616194123,6.10126582278481,7.955555555555556,6.329113924050633,7.711111111111111,12.430379746835444,15.666666666666666,24.341772151898734,22.11111111111111,0,7.433865515563369,6.053292577194361,13.48715809275773,21.67716294652791,6.749910184394784,5.901092733435941,12.65100291783073,23.45831581726863,282.2,264.4,227.4,263.0,245.0,328.0,361.4,346.8,397.8,389.0,363.8,234.3333333333333,36.2,28.2,56.2,81.6,78.0,71.6,75.4,83.6,76.2,31.33333333333333,282.6,270.0,240.6,279.6,253.4,318.6666666666666,360.0,351.4,382.2,368.4,362.6,305.0,44.4,30.0,55.6,80.0,76.4,71.6,64.0,75.4,65.2,44.33333333333334,0.6185111552904793,0.07272099,1.6167857142857145,-1.4306844461064285,-1.4306844461064285,hard
3754,2013/2014,20,7,3,5.612466100293721,5.295923677704616,3,4,4.5449847106508034,5.577091154682431,10,7,9.602825484520412,10.158093618344926,19,22,23.470033024557914,17.157434452059427,7.195402298850575,6.382022471910112,7.287356321839081,6.022471910112359,14.482758620689655,12.404494382022472,22.137931034482758,19.03370786516854,0,4.116604763365405,5.104207461871061,9.220812225236457,24.19492723585191,6.291653360364792,5.03349391919732,11.32514727956211,21.35727867997053,270.4,225.4,201.4,249.2,213.0,284.0,353.4,316.8,340.2,359.2,329.8,240.6666666666667,47.0,25.6,54.2,73.2,71.2,65.8,54.8,67.0,65.8,24.33333333333333,248.0,248.2,220.2,256.4,226.6,328.0,362.8,347.0,381.6,373.8,369.0,232.3333333333333,42.4,31.6,56.6,82.0,76.0,69.4,82.8,75.6,84.8,25.33333333333333,0.1495327102803738,0.038819794,6.687500000000002,-0.13017892464995381,-0.13017892464995381,medium
3755,2013/2014,20,5,8,3.2277196144087856,7.8092209862523205,4,8,5.783063904626353,6.606700523891014,9,16,8.784598789389772,14.353220204214779,21,21,17.740752437579573,18.504604622683324,4.01123595505618,6.831460674157303,4.910112359550562,6.415730337078652,8.92134831460674,13.247191011235955,22.325842696629213,22.01123595505618,0,3.876577872322591,6.109414208846356,9.985992081168945,21.24020095140889,5.450053244651544,5.488629911071733,10.93868315572328,17.31869380607834,266.8,247.4,229.4,271.0,228.4,317.0,354.4,325.4,374.6,391.0,354.2,243.6666666666667,52.8,28.6,50.6,79.8,79.4,74.4,82.6,84.8,81.0,37.66666666666666,266.4,245.2,229.4,270.4,211.8,302.3333333333334,341.6,313.2,347.8,387.6,309.0,244.3333333333333,46.4,27.8,64.8,79.6,84.4,66.6,64.0,74.6,70.4,31.66666666666667,0.7493890849850665,0.067809865,1.3344202898550726,-2.719670884642156,-2.719670884642156,hard
3756,2013/2014,20,7,7,7.437645734751756,6.966272371148936,8,5,7.988886827223309,5.670550752352286,15,12,16.480768618807673,12.7957027737472,23,8,30.741953093765517,19.967101744226635,4.7176470588235295,5.010869565217392,5.223529411764706,5.532608695652174,9.941176470588236,10.543478260869565,18.729411764705883,18.32608695652174,0,6.592300365757087,7.878997200997873,14.47129756675497,25.75518780223483,3.553543457373452,4.70119940996947,8.254742867342928,11.38207618596136,285.6,276.8,265.8,259.0,254.4,326.3333333333333,302.2,290.0,327.8,322.4,298.8,219.0,42.2,29.4,49.8,81.2,157.4,135.8,143.0,139.4,154.0,53.0,257.4,255.4,234.0,266.2,231.8,296.3333333333333,372.6,340.8,355.4,346.4,358.2,238.0,41.8,30.6,56.4,80.4,64.6,65.4,63.0,56.0,74.0,25.0,0.8267159795496574,0.31127146,1.2096052631578946,-2.9745647866660083,-2.9745647866660083,hard
3757,2013/2014,20,6,5,4.651346570599674,7.448756042655264,8,6,6.220435060947441,6.035715525586996,14,11,10.734052014821557,14.025561212580179,20,21,25.753216777004063,15.144523569672813,7.213483146067416,5.763440860215054,7.101123595505618,6.096774193548387,14.314606741573034,11.86021505376344,22.719101123595507,20.623655913978496,0,3.734752702334287,6.124834092488515,9.8595867948228,19.86095226736965,5.721110282465942,6.40675896756959,12.12786925003553,18.4188966440217,258.2,239.8,235.6,270.4,237.8,299.0,298.4,274.6,266.2,307.6,261.0,268.0,43.6,32.8,53.0,78.2,153.0,127.6,133.2,156.6,148.2,47.66666666666667,273.6,242.4,231.4,249.0,222.2,291.3333333333333,204.4,205.8,208.8,227.2,176.8,180.0,45.6,31.2,51.8,77.6,223.4,189.4,188.0,218.8,209.0,96.66666666666667,0.4637985309548793,0.21411727,2.156108597285068,-0.46564820271765395,-0.46564820271765395,medium
3758,2013/2014,20,5,6,7.478607144133573,5.95035524532317,7,2,4.805936186830204,6.189427035434686,12,8,12.65052719482346,12.186794039974691,17,19,22.92649859392803,25.389939483329538,5.261904761904762,5.892857142857143,5.523809523809524,6.095238095238095,10.785714285714286,11.988095238095237,18.05952380952381,18.55952380952381,1,6.302132314365356,6.430659602277121,12.73279191664248,20.49475878616778,6.287235812058102,5.176599392384989,11.4638352044431,19.88912005457316,275.2,230.2,226.4,281.0,235.0,302.6666666666667,380.4,336.4,342.8,369.4,329.6,273.0,47.4,28.8,52.2,78.0,71.2,64.2,60.0,71.2,69.6,28.66666666666667,276.2,256.2,229.6,272.4,234.8,309.3333333333333,361.2,344.0,340.2,376.8,336.4,302.6666666666666,42.2,29.6,64.2,81.2,75.8,67.4,65.2,67.2,77.0,22.33333333333333,0.2567237163814181,0.85743624,3.895238095238095,0.8081954672540488,0.8081954672540488,easy
3759,2013/2014,21,6,4,5.242720906837592,8.256892826832773,4,3,4.22509213652554,5.6871694070639585,10,7,9.266476990712544,14.608766280376432,25,19,20.126231789352467,27.478834129883268,5.032258064516129,7.223529411764706,5.526881720430108,6.647058823529412,10.559139784946236,13.870588235294118,18.21505376344086,23.988235294117647,0,6.100418368518589,6.343576359161956,12.44399472768056,19.66935266412708,6.934672603763472,4.432588917102253,11.36726152086573,14.24967607158976,254.6,237.4,212.6,245.4,226.4,286.6666666666667,283.2,275.2,283.8,284.2,268.4,233.6666666666667,44.8,27.4,52.8,77.8,140.4,110.6,117.0,156.2,119.0,48.0,267.8,245.8,221.0,244.8,238.6,308.6666666666667,365.8,349.0,360.8,368.6,348.8,318.0,42.4,27.4,43.0,79.2,74.0,61.6,70.4,73.0,72.8,30.0,0.5433347998240211,0.012195425,1.8404858299595142,-1.1630826776807766,-1.1630826776807766,hard
3760,2013/2014,21,10,2,10.213293650900688,5.485600608056395,8,8,7.4828103649442825,6.652426549299117,18,10,18.308141755351343,12.195240835211475,40,26,27.440791558520388,24.002404551740153,5.129606099110545,6.277777777777778,5.528589580686151,7.122222222222222,10.658195679796696,13.4,18.695044472681065,22.322222222222223,0,6.838495929974613,7.322540302400323,14.16103623237494,22.5828134418211,4.929347670520071,5.778353719033037,10.7077013895531,15.17455177568755,250.4,241.6,208.4,227.4,204.4,300.6666666666666,355.6,347.4,361.0,343.2,349.6,268.0,49.0,27.8,51.0,76.2,71.6,62.0,56.0,60.4,68.0,19.33333333333333,241.8,236.4,223.2,277.0,209.6,294.3333333333333,284.0,269.8,272.6,294.6,265.0,257.3333333333333,47.6,30.2,47.6,73.6,154.4,130.8,134.8,139.8,146.0,50.33333333333333,0.3053892215568862,0.05476832,3.274509803921569,-0.3608076753544396,-0.3608076753544396,medium
3761,2013/2014,21,7,7,10.20503817914543,5.634460649240431,12,5,7.545049093384389,5.367809504345606,19,12,17.914101836783026,11.284538052541661,34,18,22.897382725194824,13.528355667432423,6.844444444444444,5.449438202247191,6.433333333333334,5.573033707865169,13.277777777777779,11.02247191011236,22.0,19.51685393258427,1,7.703300277827502,7.421063289870689,15.12436356769819,23.75991891492482,4.524449730979272,5.278155650144181,9.802605381123453,13.97509353571457,273.6,242.4,231.4,249.0,222.2,291.3333333333333,272.2,268.8,270.8,300.2,239.2,212.3333333333334,45.6,31.2,51.8,77.6,155.6,126.4,126.0,145.8,146.6,61.00000000000001,275.2,230.2,226.4,281.6,235.2,303.0,359.6,319.8,349.8,371.2,322.8,247.3333333333333,47.4,28.8,52.2,78.0,75.6,61.0,59.4,75.0,69.0,24.0,0.4637985309548793,0.9463835,2.156108597285068,0.9000067570904696,0.9000067570904696,easy
3762,2013/2014,21,5,3,7.938745189855998,7.523557401547146,8,3,7.468082781196092,5.432496759079867,13,6,15.766680503861917,12.966312545754548,25,20,25.67558095019183,18.519501947860874,4.709090909090909,4.744186046511628,5.3090909090909095,5.255813953488372,10.018181818181818,10.0,17.654545454545456,18.77906976744186,0,6.381793363637284,7.8853865749513,14.26717993858859,24.48869553018282,4.775511102733633,5.106715312351366,9.882226415084993,17.61087629220732,267.4,261.2,232.2,283.4,249.8,306.6666666666666,282.6,269.4,298.8,290.2,274.6,234.6666666666667,44.4,30.0,55.6,80.0,145.8,144.2,142.8,155.2,136.6,88.66666666666669,250.4,241.6,208.4,227.4,204.4,300.6666666666666,355.6,347.4,361.0,343.2,349.6,268.3333333333333,49.0,27.8,51.0,76.2,71.6,62.0,56.0,60.4,68.0,19.33333333333333,0.6376389141920205,0.040988203,1.568285714285714,-1.6465639718131637,-1.6465639718131637,hard
3763,2013/2014,21,5,7,5.4378519617440855,6.843458627522157,5,5,4.670836928124726,5.537184971673519,10,12,10.351612184224766,11.863761930625872,14,20,20.12233391805041,17.654218317099534,5.207286432160803,6.344444444444444,5.579145728643217,6.0,10.78643216080402,12.344444444444445,19.241206030150753,19.066666666666666,0,4.349939608572249,5.560082218810775,9.910021827383027,22.46884039478167,5.524544341138282,4.755533979615717,10.28007832075401,22.60794098226384,274.0,255.0,249.2,271.2,251.2,307.6666666666667,372.4,344.4,353.2,351.0,355.6,279.3333333333333,42.4,27.4,43.0,79.2,70.0,54.6,59.0,73.6,69.8,23.33333333333333,282.2,264.4,227.4,263.0,245.0,328.0,368.2,350.0,386.4,406.8,369.4,257.6666666666666,36.2,28.2,56.2,81.6,76.6,66.4,73.0,75.4,78.0,25.0,0.1219296304492144,0.026290575,8.201451905626136,-0.10891957663660565,-0.10891957663660565,medium
3764,2013/2014,21,4,5,5.176558803715299,3.7851865911389155,10,8,6.369251441099263,4.826185858072959,14,13,11.482696634838952,8.16502433505758,22,24,31.950613893418286,19.470523600695586,6.15,7.2,6.325,7.111111111111111,12.475,14.311111111111112,24.7375,22.68888888888889,1,8.220448632394017,8.038962423573988,16.25941105596801,23.11228284427042,6.136044940492242,4.340956434578871,10.47700137507111,16.93756182604446,196.4,162.6,142.8,195.6,150.8,225.0,357.2,326.0,332.8,329.6,328.2,333.6666666666667,48.8,29.0,52.2,73.8,148.0,130.4,121.0,145.8,135.4,53.0,253.6,241.2,223.8,271.4,228.0,295.0,298.4,274.6,266.2,307.6,261.0,268.0,43.6,32.8,53.0,78.2,152.2,129.0,131.8,147.6,150.8,60.33333333333333,0.39871625448367,0.40730655,2.5080492424242427,0.01428659516189316,0.01428659516189316,medium
3765,2013/2014,21,7,6,5.167016708492927,7.267639080987779,7,6,7.1037207938845555,6.252461152191737,14,12,12.683230718077425,13.308111749412701,33,20,25.17047071339914,16.325069768403836,5.894117647058824,5.75531914893617,6.047058823529412,6.095744680851064,11.941176470588236,11.851063829787234,18.564705882352943,20.627659574468087,0,4.798166324970832,6.563294481155689,11.36146080612654,23.06433134670287,5.582266420118444,5.064662524554664,10.64692894467311,17.47490471145385,262.8,251.8,251.8,275.2,254.8,289.6666666666667,288.0,288.8,296.0,291.6,290.6,213.6666666666667,42.4,31.6,56.6,82.0,164.0,136.8,151.2,157.6,160.0,70.33333333333333,267.4,261.8,253.8,272.8,248.2,329.6666666666666,372.6,352.0,401.4,410.8,372.2,242.6666666666666,42.2,29.4,49.8,81.2,75.2,66.4,69.8,68.2,77.8,26.0,0.2777678090794904,0.016171329,3.6001291989664086,-0.36220550894181913,-0.36220550894181913,medium
3766,2013/2014,21,8,2,6.456554429303217,2.660977724593633,9,2,5.828757908692782,4.0238047805032116,17,4,12.239924776222331,5.757141769245411,29,20,30.472812834514826,18.27559253263847,7.193181818181818,5.258823529411765,7.238636363636363,5.541176470588235,14.431818181818182,10.8,22.102272727272727,18.04705882352941,1,7.438187496400669,8.301165197248707,15.73935269364938,25.23894721794388,4.12830795848402,4.31060556217709,8.438913520661115,14.52415256119339,242.4,238.4,223.4,258.4,215.6,304.3333333333333,360.0,329.6,334.4,373.4,338.0,281.3333333333333,47.6,30.2,47.6,73.6,78.4,71.0,72.8,61.0,73.4,26.33333333333333,266.8,247.4,229.4,271.0,228.4,317.0,224.6,217.8,222.4,220.4,208.6,199.0,52.8,28.6,50.6,79.8,216.0,195.4,235.0,249.0,223.0,94.66666666666667,0.2611464968152866,0.5430622,3.8292682926829267,0.38155833606062267,0.38155833606062267,medium
3767,2013/2014,21,8,5,3.572755240913743,8.158074851314664,5,5,4.310372489996794,7.861189933589927,13,10,7.288465791705367,15.847999633130996,40,14,18.632626172348516,21.881885184291605,4.022222222222222,6.1953125,4.9,5.851562500000001,8.922222222222222,12.046875,22.31111111111111,22.41015625,0,3.226522332196518,5.59484254451286,8.821364876709382,22.44528151591057,6.322330648444001,6.935386189893031,13.25771683833702,14.58031941805243,257.4,255.4,234.0,266.2,231.8,296.3333333333333,371.6,347.4,347.2,338.8,348.2,287.0,41.8,30.6,56.4,80.4,64.6,65.4,63.0,56.0,74.0,25.0,267.2,258.0,233.2,269.0,238.2,333.0,358.4,360.2,402.2,392.6,366.8,237.6666666666666,39.2,32.2,53.4,78.6,79.8,71.4,69.4,61.8,77.0,26.66666666666667,0.1777285138825056,0.010247547,5.626559172497719,-0.20368086798715193,-0.20368086798715193,medium
3768,2013/2014,21,3,3,7.008495454910745,4.353766741010686,5,12,6.494728629283501,3.0591142055395846,8,15,12.908673580156481,7.639914701316021,21,22,27.800522103025457,16.8689356109551,7.9010989010989015,5.129606099110545,7.65934065934066,5.528589580686151,15.56043956043956,10.658195679796696,21.967032967032967,18.454891994917407,1,8.025716182411054,7.439997886611371,15.46571406902243,25.45727351689342,4.515434710851578,5.274803649269986,9.79023836012157,14.6161743559071,233.4,227.2,216.4,251.2,202.8,296.3333333333334,351.6,331.2,351.8,363.4,332.4,262.6666666666667,45.8,29.0,55.0,70.8,74.0,57.6,64.4,69.2,64.2,24.0,267.4,246.8,231.4,226.6,234.6,263.6666666666667,210.6,205.2,210.2,211.6,199.4,192.0,43.0,27.4,52.8,77.6,206.4,185.8,188.8,220.0,198.6,113.3333333333333,0.463768115942029,0.9358661,2.15625,0.8803989758362641,0.8803989758362641,easy
3769,2013/2014,22,12,6,9.108901061067144,3.593914951233037,8,3,6.457325781132323,3.5826069418370348,20,9,15.63247061435354,6.885120879847044,22,15,30.719269349443802,14.039546614852505,7.186046511627907,4.714285714285714,6.604651162790698,5.357142857142857,13.790697674418604,10.071428571428571,23.930232558139537,17.785714285714285,1,7.703457721779344,8.118981937967613,15.82243965974696,26.40556665645135,4.379437110082891,4.220480806347605,8.599917916430496,14.39382066841817,266.0,245.4,228.2,269.6,216.0,300.3333333333334,333.2,307.0,354.4,398.8,312.2,229.6666666666666,46.4,27.8,64.8,79.6,84.4,66.6,64.0,74.6,70.8,31.66666666666667,270.4,225.4,201.4,241.2,213.0,285.6666666666667,347.0,308.2,320.4,355.0,311.8,253.6666666666667,47.0,25.6,54.2,73.2,74.4,68.8,71.4,68.0,74.2,44.0,0.526711813393529,0.97400075,1.8985714285714284,0.9450667716550902,0.9450667716550902,easy
3770,2013/2014,22,4,5,7.117760143230305,3.8329220038862966,5,2,7.186624049622218,3.183787080011548,9,7,14.37537527815039,6.804851877360955,11,25,25.005804695166177,19.57949219846238,6.351648351648351,6.1234567901234565,5.989010989010989,6.37037037037037,12.340659340659341,12.493827160493828,19.076923076923077,24.703703703703702,1,8.491250958841544,9.168861375847515,17.66011233468906,29.30206887845822,3.493282119608887,2.868525196845394,6.361807316454273,13.05664817020976,264.8,241.0,218.8,263.4,222.4,300.0,291.4,263.0,282.0,322.6,273.6,198.0,42.2,29.6,64.2,81.2,154.4,138.0,136.2,142.4,154.4,58.66666666666667,311.8,277.4,284.0,339.2,264.2,360.3333333333334,283.2,271.6,268.4,303.2,263.0,236.3333333333333,41.6,27.6,49.0,72.6,68.4,57.6,56.4,80.2,69.0,34.0,0.733048259010385,0.9944989,1.3641666666666665,0.9793929364915843,0.9793929364915843,easy
3771,2013/2014,22,6,8,5.766025679241059,2.745940444106936,4,9,7.9634721721171795,3.539543508825029,10,17,14.051245019174132,5.990367811161244,21,22,26.741690137183113,21.00450568408022,5.105527638190954,4.065934065934066,5.60175879396985,4.9010989010989015,10.707286432160805,8.967032967032967,18.49497487437186,22.505494505494507,1,5.149718101188444,6.939546309002859,12.0892644101913,22.87866611052933,4.741157303842007,4.589203857487555,9.330361161329566,20.26170093957278,280.0,261.8,245.2,264.4,248.6,328.6666666666667,355.2,355.4,386.8,392.2,349.8,262.0,39.2,32.2,53.4,78.6,80.2,71.4,67.6,59.0,77.0,27.66666666666667,266.4,245.8,231.0,270.4,211.8,303.3333333333334,345.4,323.8,352.6,370.0,323.8,256.0,46.4,27.8,64.8,79.2,85.0,66.6,63.8,74.6,70.8,31.66666666666667,0.61906165672691,0.894334,1.615347985347985,0.7226165765786114,0.7226165765786114,medium
3772,2013/2014,22,5,4,9.31586005541236,5.2692249960922,8,5,8.437955254215666,3.8708431796395923,13,9,18.05404859641506,8.766260043200788,11,16,23.576385455532996,13.837180476302622,6.181467181467181,5.042553191489362,5.841698841698842,5.51063829787234,12.023166023166024,10.553191489361701,22.312741312741313,18.28723404255319,0,8.176218007071068,9.863797615500069,18.04001562257114,20.60397463290875,4.177603793040267,4.353637416040358,8.53124120908062,13.98326835945716,240.0,219.2,222.4,270.4,204.2,289.3333333333334,274.4,260.2,274.2,306.2,252.6,219.3333333333333,41.6,27.6,49.0,72.6,148.8,124.2,113.4,147.8,136.6,69.66666666666666,275.4,255.4,248.4,256.6,253.0,308.6666666666667,292.4,273.8,290.2,298.2,276.8,239.3333333333333,42.4,27.4,43.0,79.2,138.2,106.8,117.8,132.8,126.2,46.66666666666667,0.415661532751902,0.15726073,2.4058035714285717,-0.4422108462241839,-0.4422108462241839,medium
3773,2013/2014,22,7,6,10.294227521699526,4.445052073919184,9,0,12.241561421055323,3.840917182005982,16,6,23.24416846717704,8.764721929124875,38,17,34.261955092460354,18.066424782524514,5.757894736842105,5.18467336683417,6.094736842105263,5.556532663316584,11.852631578947369,10.741206030150755,20.621052631578948,18.935929648241203,1,8.627345563069454,7.858962943756261,16.48630850682572,25.80002216665369,3.700909932590985,4.337700836994248,8.038610769585226,15.40777938455919,282.2,264.4,227.4,263.0,245.0,328.0,380.2,369.2,388.4,390.2,381.8,273.6666666666666,36.2,28.2,56.2,81.6,78.0,71.4,75.4,81.2,76.2,31.33333333333333,284.8,253.4,214.2,261.4,223.8,313.6666666666666,356.2,335.8,347.6,374.4,329.2,294.3333333333333,42.2,29.6,64.2,81.2,75.8,67.4,65.4,67.2,77.2,22.33333333333333,0.6185111552904793,0.97321373,1.6167857142857145,0.9297849252241915,0.9297849252241915,easy
3774,2013/2014,22,8,2,5.881858302614239,6.25090070416058,11,8,6.389193852665395,6.164615753160592,19,10,12.179939213147946,12.629235021030894,31,28,20.801909164987343,22.43076207389116,5.466666666666667,5.204968944099378,5.566666666666666,5.572670807453417,11.033333333333333,10.777639751552796,19.5,19.18260869565217,1,5.971719123560836,7.889530906241788,13.86125002980263,22.48387406634306,5.517019647948883,5.576306722784931,11.09332637073381,16.67996696822288,266.0,224.8,197.8,237.6,210.8,287.6666666666667,354.8,312.8,322.0,350.8,317.8,268.0,47.0,25.6,54.2,73.2,71.2,65.8,54.8,67.0,65.8,24.33333333333333,251.8,236.8,218.0,270.6,218.8,306.6666666666667,359.0,329.6,334.0,373.2,337.8,281.3333333333333,47.6,30.2,47.6,73.6,78.4,71.0,72.8,61.0,73.4,26.33333333333333,0.2502645502645503,0.9198281,3.9957716701902743,0.8930664367884418,0.8930664367884418,easy
3775,2013/2014,22,9,14,2.558374334192094,7.147176403435358,0,4,5.055667333631314,6.346986585403917,9,18,7.633397357862105,13.712209750612004,23,33,22.883552326709705,23.517656554191873,4.724137931034483,7.202247191011236,5.2298850574712645,7.258426966292135,9.954022988505747,14.460674157303371,18.79310344827586,22.179775280898877,0,6.652325877660116,5.808075495961992,12.46040137362211,20.88011673056764,5.826312260332619,5.903892050450276,11.7302043107829,18.56795369540396,267.4,248.0,231.0,271.8,232.6,316.3333333333334,286.2,275.6,303.2,303.8,277.6,231.3333333333333,52.8,28.6,50.6,79.8,154.4,137.6,154.2,165.6,154.0,62.33333333333333,163.0,166.4,154.6,183.8,149.4,228.6666666666667,348.0,317.8,323.2,362.2,314.6,352.6666666666666,45.8,29.0,54.4,69.4,153.4,114.8,127.2,133.4,128.6,52.0,0.8392226148409894,0.027429784,1.191578947368421,-5.049173119979409,-5.049173119979409,hard
3776,2013/2014,22,2,6,6.29640689558564,5.848215361931833,10,3,7.72863653621128,5.5005786229327995,12,9,14.302155971672782,10.890093532587283,19,17,28.23582279945729,11.643982187222328,7.175824175824176,7.8478260869565215,7.1208791208791204,7.630434782608695,14.296703296703297,15.478260869565217,22.703296703296704,21.956521739130434,0,7.696766548801644,6.819782540134444,14.51654908893609,28.27823906280757,4.971004778482952,3.639337782259278,8.610342560742232,17.44260357335025,285.6,276.4,265.8,257.4,254.4,324.6666666666666,388.4,362.8,397.6,379.8,374.4,292.3333333333333,42.2,29.4,49.8,81.0,75.2,66.4,69.8,68.2,77.8,26.0,338.8,301.4,276.4,315.4,285.6,371.6666666666666,205.0,205.8,209.0,227.2,177.4,180.3333333333333,45.6,31.0,54.2,77.6,130.6,114.8,107.0,143.0,117.4,55.33333333333334,0.8515815085158152,0.0704793,1.1742857142857142,-5.262836338555231,-5.262836338555231,hard
3777,2013/2014,22,10,7,5.857372390792113,6.665623658908512,2,5,6.290530871023868,5.891155239063183,12,12,12.41780657138537,12.393773299286003,26,19,21.43318244379845,20.75582271940162,5.22093023255814,6.846153846153846,5.5,6.4945054945054945,10.720930232558139,13.340659340659341,18.069767441860463,22.13186813186813,0,5.706856382897318,5.918850273840587,11.62570665673791,17.74948531868877,5.928334955200993,6.569659866752058,12.49799482195306,21.16559934711512,250.0,230.8,217.0,263.8,222.0,296.6666666666666,371.4,336.6,333.0,375.4,340.6,305.6666666666667,43.6,32.8,53.0,78.2,75.0,60.4,68.0,76.8,74.2,25.0,267.4,261.2,232.2,283.4,249.8,306.6666666666666,354.4,333.6,368.2,362.8,341.8,289.6666666666666,44.4,30.0,55.6,80.0,77.8,64.2,64.4,67.8,72.4,24.0,0.2789425706472197,0.054800645,3.5849673202614376,-0.3108517035710074,-0.3108517035710074,medium
3778,2013/2014,22,4,10,4.963117842806454,10.9870346987667,6,6,5.362993464542281,7.211805608159901,10,16,9.841184438826392,19.599528429484895,30,13,18.052091706874496,28.028633361849458,6.230769230769231,5.906976744186046,7.131868131868132,6.058139534883721,13.362637362637363,11.965116279069768,22.36263736263736,18.732558139534884,0,6.85636094175497,6.171397284593017,13.02775822634798,21.36008453098476,6.420163633186972,5.394494389749879,11.81465802293685,17.35248095860871,275.2,230.2,226.4,281.6,235.2,303.0,359.6,320.4,349.8,371.2,322.8,248.3333333333333,47.4,28.8,52.2,78.0,71.2,66.4,59.6,71.2,69.4,28.66666666666667,257.4,255.4,234.0,266.2,231.8,296.3333333333333,376.2,336.2,341.0,353.0,344.6,255.0,41.8,30.6,56.4,80.4,64.6,65.4,63.0,56.0,74.0,25.0,0.4334975369458128,0.020024681,2.306818181818182,-0.7298694938583217,-0.7298694938583217,hard
3779,2013/2014,23,4,3,6.166787719643914,5.710307796498574,2,7,5.677802689671754,3.316590792333325,6,10,11.97619417161097,8.584711997006318,13,18,25.78339281781583,18.69359647262516,5.031578947368421,5.275862068965517,5.505263157894737,5.459770114942529,10.536842105263158,10.735632183908047,18.263157894736842,18.160919540229884,1,8.23950666826281,8.67622646886317,16.91573313712599,26.99665797467016,3.6605827241645,3.332414390315108,6.992997114479609,12.56156950845829,260.2,246.8,219.2,238.4,238.8,286.6666666666667,353.6,337.4,354.8,342.2,327.2,288.3333333333334,44.8,27.4,52.8,77.8,71.2,63.0,51.8,63.8,69.6,41.33333333333334,260.2,247.2,238.8,281.6,244.2,289.0,362.6,345.6,381.2,373.8,368.8,232.3333333333333,42.4,31.6,56.6,82.0,76.0,69.4,82.8,75.6,84.8,25.33333333333333,0.1952694291303575,0.95886034,5.121129326047358,0.9488777191335983,0.9488777191335983,easy
3780,2013/2014,23,3,6,4.276826800522031,4.034187807275945,7,7,6.508809651971486,5.637642652874568,10,13,10.537118721245783,9.90832554125057,22,26,22.765792228738267,20.088704055485167,5.115527950310558,5.169533169533169,5.583850931677019,5.5995085995086,10.699378881987577,10.769041769041769,18.522981366459625,19.28009828009828,1,5.485229561281898,7.354981933281172,12.84021149456307,23.37401716292027,5.450693837488791,5.964876604240532,11.41557044172932,15.59749162464777,250.4,241.6,208.4,227.4,204.4,301.0,368.4,351.8,355.8,335.6,350.6,307.6666666666666,49.0,27.8,51.0,76.2,82.6,68.0,57.0,65.8,73.2,42.66666666666666,178.0,154.0,134.6,195.8,136.2,214.6666666666667,367.0,332.8,337.4,324.8,333.6,348.0,48.8,29.0,52.2,73.8,149.0,130.4,121.0,145.8,135.4,53.0,0.4074074074074074,0.93790895,2.4545454545454546,0.8952213488519193,0.8952213488519193,easy
3781,2013/2014,23,8,15,8.575732050632379,6.842956731247539,7,6,6.937284801389124,5.991422495988977,15,21,15.71147532721429,12.587329224358609,10,21,15.652654282972017,18.723967177158052,6.1679389312977095,6.8478260869565215,5.866412213740459,6.478260869565218,12.034351145038169,13.326086956521738,22.18320610687023,22.097826086956523,1,6.524308403970752,8.153419710245835,14.67772811421658,19.03506751093962,4.110832024284372,5.014778311619425,9.1256103359038,14.8192734806695,243.2,245.8,223.6,256.4,224.0,316.6666666666667,212.6,212.6,237.4,229.8,208.0,171.0,36.8,30.0,54.4,77.8,214.6,201.2,224.4,231.8,222.4,85.0,290.8,265.8,242.6,286.0,236.0,313.6666666666666,237.4,221.8,208.6,222.6,212.4,220.3333333333333,40.0,24.8,62.8,83.0,145.2,117.0,138.8,154.4,138.6,69.33333333333333,0.4649214659685864,0.9613917,2.1509009009009006,0.9278455214491096,0.9278455214491096,easy
3782,2013/2014,23,7,4,6.917314781634556,4.078536031523862,8,2,10.2073506572422,4.010637017985099,15,6,17.051389085894453,7.94516494836834,24,22,38.883683069166494,16.7831769017903,6.109756097560975,5.193788819875776,6.317073170731708,5.494409937888199,12.426829268292684,10.688198757763976,24.70731707317073,18.91428571428571,1,7.732024815743686,8.089336785111652,15.82136160085534,25.13246460809478,5.186940679268703,4.110299386942065,9.297240066210762,16.38488804167455,233.6,201.4,188.4,245.0,188.2,284.6666666666666,348.2,339.8,344.0,379.4,333.8,281.0,42.2,29.8,58.4,72.6,67.2,57.8,56.6,79.8,68.8,34.0,281.2,268.0,243.0,280.6,250.4,310.6666666666666,357.2,340.8,358.8,370.2,362.2,268.6666666666667,43.4,30.2,55.0,80.0,71.8,61.4,64.6,68.4,66.8,11.0,0.3010752688172043,0.97147083,3.321428571428571,0.9591813454261192,0.9591813454261192,easy
3783,2013/2014,23,4,12,7.475697560982132,7.078108776087788,4,8,6.695647788774736,7.086048551198151,8,20,14.817305520722932,13.648862188989625,18,33,22.998175041304684,25.291476208704104,5.4945054945054945,5.954022988505747,5.626373626373627,6.057471264367816,11.12087912087912,12.011494252873563,19.626373626373628,18.666666666666668,0,6.372648470523314,7.969375404995011,14.34202387551833,22.36588947856686,5.293579416826415,5.202987629836398,10.4965670466628,18.14662888288556,281.8,264.8,230.4,267.8,249.6,336.3333333333334,353.6,352.8,397.6,402.0,377.8,207.6666666666667,36.4,25.8,56.4,81.6,81.0,68.6,69.4,74.2,75.8,40.66666666666666,289.0,256.0,230.0,257.6,234.6,293.3333333333333,205.2,201.6,207.0,223.6,176.0,176.3333333333333,45.8,30.6,51.4,75.6,214.4,178.4,177.8,216.2,201.4,84.66666666666667,0.7333822254816987,0.06964474,1.3635454545454546,-2.4894719772631446,-2.4894719772631446,hard
3784,2013/2014,23,10,2,7.164186564949788,5.011645641742015,4,3,4.976824775296286,3.902677305200187,14,5,12.540307990896682,8.287431312175295,32,20,27.69580480825802,22.231356598519184,7.277777777777778,7.241379310344827,7.222222222222222,6.620689655172414,14.5,13.862068965517242,22.3,23.908045977011493,0,5.981837672078488,6.392673812964402,12.37451148504289,21.52159541776402,6.571157263038339,4.602077425253936,11.17323468829226,18.8682555732816,288.0,266.4,251.6,284.0,244.6,331.6666666666666,350.2,339.8,381.2,382.4,348.4,257.6666666666667,50.8,28.2,61.6,77.8,74.0,61.4,71.0,80.0,72.0,17.0,267.4,259.2,231.2,261.4,243.8,339.3333333333333,274.2,285.0,314.0,296.0,285.6,189.3333333333333,40.8,30.4,56.0,81.2,154.0,131.0,150.2,155.0,160.2,55.66666666666666,0.3722005139043043,0.033995453,2.6867238562091504,-0.538715098551414,-0.538715098551414,hard
3785,2013/2014,23,8,8,7.503592199419755,7.102521589001654,7,5,6.257084289392118,5.65057866413869,15,13,14.159858895772928,13.517012038746861,13,20,26.328352453607742,23.807551285753142,4.7727272727272725,4.108695652173913,5.170454545454546,4.945652173913044,9.943181818181818,9.054347826086957,18.84090909090909,22.5,1,6.772132215964226,7.500122666607952,14.27225488257217,25.74916730398732,4.374247740770265,4.621458062228982,8.995705802999254,16.09345332803948,279.4,261.0,249.0,263.8,246.2,323.6666666666667,367.8,352.8,391.6,413.8,377.6,215.3333333333333,43.8,31.6,65.0,82.0,76.0,66.4,69.8,68.2,77.8,18.33333333333333,268.6,237.0,224.8,276.8,226.6,286.3333333333333,289.6,269.6,281.8,266.6,262.8,239.3333333333334,46.4,24.8,52.2,73.6,139.2,112.8,129.0,145.2,128.2,71.0,0.8338711759390732,0.94185615,1.1992260061919504,0.6500074296564488,0.6500074296564488,medium
3786,2013/2014,23,7,7,7.7786464367657,3.6620776002154027,6,7,7.855023790755286,3.5780115083110617,13,14,15.340335394751895,6.953824956479224,22,19,25.082806612974835,10.592021065983598,7.119565217391305,4.7368421052631575,7.1521739130434785,5.315789473684211,14.271739130434783,10.052631578947368,22.66304347826087,17.736842105263158,1,6.266619759186243,7.514901204987561,13.7815209641738,23.19974562792336,4.423373513328522,4.825227697560941,9.248601210889465,15.89252580027926,288.8,262.2,255.8,286.4,250.4,313.0,288.6,267.0,291.0,315.8,266.2,226.6666666666667,43.6,33.6,53.0,78.2,145.4,122.0,121.8,143.8,139.8,51.0,264.4,247.0,234.6,247.6,241.8,310.3333333333333,275.8,266.8,281.4,296.0,289.0,216.3333333333333,38.4,22.4,56.8,74.0,145.0,123.0,140.2,144.8,157.6,42.66666666666667,0.4533736332118411,0.94247603,2.205686274509804,0.8947654754131824,0.8947654754131824,easy
3787,2013/2014,23,19,1,12.057063590008118,2.9340785069864923,18,1,8.332283496703438,2.2518564748974965,37,2,20.287206310710978,4.839554549512673,38,12,27.61102377117072,17.182179322220048,6.326086956521739,6.206521739130435,5.978260869565218,7.119565217391305,12.304347826086957,13.326086956521738,18.98913043478261,22.445652173913043,0,8.031342032457719,8.487595795972435,16.51893782843015,24.71046443285041,3.582737781982122,4.712000578351044,8.294738360333156,13.79796095922074,266.8,243.8,223.6,257.6,216.4,294.0,299.4,257.2,270.0,291.6,256.2,185.0,46.4,31.2,47.8,77.0,150.2,128.4,127.0,139.0,141.8,54.33333333333333,247.8,231.8,226.6,240.0,216.8,273.3333333333333,287.2,273.0,269.2,292.8,257.8,242.3333333333333,48.2,29.6,47.8,73.6,153.0,134.8,132.0,133.6,149.4,46.0,0.3240901213171577,0.076194055,3.0855614973262036,-0.36675905497410355,-0.36675905497410355,medium
3788,2013/2014,23,2,8,5.772539839419791,6.144752313393447,2,12,5.799737434728778,6.619484513756138,4,20,11.055887821867163,12.949212281509801,11,18,20.88361212891991,21.558717260655857,7.827956989247312,5.770833333333333,7.580645161290323,6.125,15.408602150537634,11.895833333333334,21.903225806451612,20.802083333333332,0,5.50556605072489,5.92152659371132,11.42709264443622,22.14260161833323,5.928944048956081,5.405618852044718,11.33456290100082,16.94426922717924,254.4,239.0,211.2,244.8,227.6,287.6666666666667,280.8,263.8,267.0,295.8,249.8,231.6666666666667,46.4,29.4,50.2,71.6,151.6,127.4,125.0,147.8,146.2,46.66666666666667,263.2,240.4,218.8,263.4,202.8,298.3333333333334,340.0,325.4,331.0,364.2,312.8,263.3333333333333,45.0,23.4,65.8,79.8,84.0,66.8,64.0,75.4,70.4,31.66666666666667,0.3625285605483625,0.23653527,2.758403361344538,-0.1976454035604869,-0.1976454035604869,medium
3789,2013/2014,24,5,4,7.863246932030815,4.1875022224463665,4,5,6.78380322181758,4.407557200596161,9,9,15.384573225271126,8.946055788487724,15,16,32.14523999547593,17.19644884073417,7.181818181818182,5.0921375921375915,6.579545454545454,5.5995085995086,13.761363636363637,10.691646191646193,23.863636363636363,18.56142506142506,1,9.094444275465182,8.307422951754457,17.40186722721965,28.06922290677753,3.817875472017643,4.642797692497499,8.46067316451515,15.85754073884169,266.8,239.4,215.0,240.2,211.2,299.0,362.2,346.6,354.0,366.2,352.8,282.6666666666666,45.2,30.6,54.0,72.4,72.4,57.8,61.2,76.0,69.8,20.66666666666667,256.8,245.4,216.0,242.6,223.8,305.6666666666667,366.8,337.8,343.4,347.0,335.4,291.0,42.0,32.6,65.4,79.8,80.4,66.8,57.8,70.0,68.2,35.66666666666666,0.4877741700351202,0.9696166,2.0501290585518275,0.9406835690584097,0.9406835690584097,easy
3790,2013/2014,24,6,7,6.9911844663741185,6.433632169528922,6,17,7.661041523217937,7.128993454068002,12,24,14.32271747238305,13.128979254283376,29,34,32.890870146646726,20.435461106881384,5.18058968058968,5.478260869565218,5.455773955773957,5.608695652173913,10.636363636363637,11.08695652173913,18.948402948402947,19.608695652173914,1,6.191669550712273,6.901007565724155,13.09267711643644,24.62250788313308,3.697914402062455,5.266799136391747,8.964713538454195,13.58690349594115,275.0,239.0,229.0,267.2,220.6,303.6666666666667,263.4,253.4,261.6,307.4,227.8,232.0,46.4,27.8,64.8,79.6,159.4,126.4,144.6,151.4,136.8,71.66666666666667,182.4,174.4,138.0,172.6,158.6,215.6666666666667,347.8,332.8,326.2,341.6,327.2,331.6666666666667,43.0,27.4,52.8,77.8,144.0,131.4,125.8,147.8,140.4,89.33333333333334,0.5020047340708178,0.9185303,1.9920130869899924,0.8364046403341583,0.8364046403341583,easy
3791,2013/2014,24,10,0,8.674524951588214,5.4685333764784145,3,3,7.991062075781306,3.7496933957881,13,3,16.950741609180717,9.228003804999096,31,7,21.85671411046428,10.440991933658253,6.935483870967742,5.020833333333333,6.473118279569892,5.46875,13.408602150537634,10.489583333333334,22.086021505376344,18.208333333333332,1,9.247137092771387,7.346241447931295,16.59337854070268,23.58743354826901,5.284108534383782,4.448830861415348,9.73293939579914,17.0166639294303,265.6,241.8,225.0,245.2,212.4,283.6666666666666,204.4,205.8,208.8,227.2,176.8,180.0,45.6,31.2,51.8,77.6,223.4,189.4,188.0,218.8,209.0,93.33333333333336,282.2,264.6,227.4,263.2,245.0,328.0,359.0,343.8,387.6,406.8,357.4,252.3333333333333,36.2,28.2,56.2,81.6,76.6,66.4,73.0,75.4,78.0,25.0,0.1390474111604809,0.9166963,7.191791574212446,0.9032424188781982,0.9032424188781982,easy
3792,2013/2014,24,4,6,3.5977033590341843,8.463489367967338,5,8,4.022472184147864,4.046788769755757,9,14,8.149050715055445,12.322587001063308,19,29,21.818749138911656,21.140336745382402,4.775862068965517,7.3076923076923075,5.344827586206897,7.186813186813187,10.120689655172415,14.494505494505495,17.75862068965517,22.406593406593405,0,6.514009529447936,5.951974371438357,12.46598390088629,20.37464962885583,5.826129864173174,5.02743186404252,10.85356172821568,17.85617360889059,267.4,261.2,232.2,283.4,249.8,306.6666666666666,356.0,330.4,378.2,372.8,350.2,284.0,44.4,30.0,55.6,80.0,77.8,64.2,64.4,67.8,72.4,24.0,256.2,228.6,235.6,284.2,214.2,286.6666666666667,341.2,326.4,341.4,384.2,314.2,294.3333333333333,41.6,27.6,49.0,72.6,68.4,57.6,56.4,80.2,69.0,34.0,0.7165190203230849,0.05757293,1.3956363636363638,-2.3244807064971496,-2.3244807064971496,hard
3793,2013/2014,24,3,8,4.926139576914158,5.677805923028438,5,7,8.344654630424174,5.2606302073023805,8,15,13.803815827497665,10.444008719369215,14,24,24.165870060989953,17.09618838726149,5.178614823815309,7.76595744680851,5.614823815309843,7.5212765957446805,10.793438639125153,15.287234042553191,19.35358444714459,21.78723404255319,0,5.212850166461347,5.893953416370318,11.10680358283166,24.61405892966388,5.921036726602958,5.836264443153994,11.75730116975696,21.4360642199562,269.8,247.6,230.6,243.2,242.4,309.3333333333334,352.0,333.0,342.4,355.8,334.6,287.3333333333333,42.2,26.8,47.2,74.0,61.4,49.0,45.6,66.2,55.2,22.66666666666667,249.4,230.4,217.0,263.6,220.4,295.6666666666666,371.4,336.6,333.0,375.4,340.6,305.6666666666667,43.6,32.8,53.0,78.2,75.0,60.4,68.0,76.8,74.2,25.0,0.336890243902439,0.06813147,2.9683257918552037,-0.40530060034716264,-0.40530060034716264,medium
3794,2013/2014,24,8,7,7.668508893171306,7.051805356597168,17,8,6.586961008345126,4.704798261476202,25,15,14.504281787687647,11.90573205467626,36,10,24.257815914800503,17.422447481445445,5.793814432989691,6.462365591397849,6.185567010309279,6.10752688172043,11.97938144329897,12.56989247311828,20.77319587628866,19.193548387096776,0,8.154957953701974,6.532429628182237,14.68738758188423,23.76922841893299,6.069717249865644,5.331187754165851,11.4009050040315,15.27400934530108,259.2,233.0,211.8,278.4,213.0,293.0,292.8,269.6,277.2,255.8,272.2,266.3333333333333,48.8,29.0,52.2,73.8,149.0,130.4,121.0,145.8,135.4,53.0,267.4,261.8,253.8,272.8,248.2,329.6666666666666,384.6,363.0,396.4,386.6,369.0,298.0,42.2,29.4,49.8,81.2,76.0,66.4,69.8,68.2,77.8,26.0,0.1505733353120065,0.009816702,6.641282122946117,-0.16570780992317544,-0.16570780992317544,medium
3795,2013/2014,24,15,5,9.803295353797001,4.94717700210956,9,8,8.434173791605708,3.821598325150331,24,13,18.082124500808582,8.088980582929214,28,14,31.719411103337897,13.94156987491063,6.0227272727272725,4.808988764044944,6.079545454545454,5.191011235955056,12.102272727272727,10.0,18.829545454545453,18.775280898876403,0,6.003255998192269,7.504971142057052,13.50822714024932,24.83017854755294,4.451704437487637,3.576136814241181,8.027841251728821,15.98558388494098,268.6,255.0,246.2,272.2,250.4,292.6666666666667,362.6,345.6,381.2,373.8,368.8,232.3333333333333,42.4,31.6,56.6,82.0,76.0,69.4,82.8,75.6,84.8,25.33333333333333,266.8,247.4,229.4,271.0,228.4,316.3333333333334,284.8,270.4,289.8,306.4,270.2,252.3333333333333,52.8,28.6,50.6,79.8,154.4,137.6,154.2,165.6,154.0,62.33333333333333,0.3911577369801424,0.07345851,2.5565134099616857,-0.5218087745354726,-0.5218087745354726,hard
3796,2013/2014,24,6,5,4.035855710226163,4.56914044139578,5,8,5.234013515870623,5.340868456548133,11,13,9.697735451098925,9.614343283558382,18,23,24.812759571628177,22.111086765911885,4.150537634408602,6.120481927710843,4.946236559139785,6.337349397590361,9.096774193548388,12.457831325301205,22.473118279569892,24.698795180722893,1,4.811648881763478,5.634234126998853,10.44588300876233,22.76889198327318,6.493953652838409,5.782500203580638,12.27645385641905,20.83880572166739,251.8,237.4,220.2,271.0,218.8,306.6666666666667,358.0,334.6,370.6,376.0,335.0,283.6666666666666,47.6,30.2,47.6,73.6,76.0,59.8,62.0,78.8,72.6,24.0,264.4,225.6,220.0,275.2,220.8,292.6666666666667,370.8,341.0,355.0,355.8,332.8,258.3333333333334,47.4,28.8,52.2,78.0,75.6,61.0,59.4,75.0,69.0,24.0,0.6045105789351314,0.86719877,1.6542307692307692,0.6642103994474349,0.6642103994474349,medium
3797,2013/2014,24,5,6,7.295201587491313,6.084439150032946,6,4,5.466951517866603,5.04464415672186,11,10,13.253200228203703,10.157342889577446,21,15,25.475768154892037,15.936366474922762,5.25,6.188679245283018,5.4772727272727275,5.879245283018869,10.727272727272727,12.067924528301887,18.15909090909091,22.045283018867924,0,4.482210181477334,5.499078840298504,9.98128902177584,16.60841550561706,6.608046200910479,6.715762174513519,13.323808375424,17.99637470525348,257.4,255.4,234.0,266.2,231.8,296.3333333333333,357.0,337.4,347.0,358.6,340.6,249.0,41.8,30.6,56.4,80.4,64.6,65.4,63.0,56.0,74.0,25.0,253.2,238.8,204.0,239.2,204.2,305.6666666666667,373.8,358.0,351.6,351.2,352.4,319.3333333333333,49.0,27.8,51.0,76.2,82.6,68.0,57.0,65.8,73.2,42.66666666666666,0.4334975369458128,0.013021605,2.306818181818182,-0.7422314403659622,-0.7422314403659622,hard
3798,2013/2014,24,2,7,3.872739318763876,9.569153484817324,5,9,6.712669790865676,8.165672864715976,7,16,10.22869052752357,19.258178027370086,21,45,21.097749929686437,24.164743873792116,6.150537634408602,7.118279569892473,7.053763440860215,7.139784946236559,13.204301075268818,14.258064516129032,22.333333333333332,22.655913978494624,1,6.46236529822223,6.578823760726706,13.04118905894894,23.94921789006417,5.230977830038529,5.45567623078416,10.68665406082269,17.3167271885882,253.8,237.2,218.4,250.8,209.0,293.6666666666667,349.8,324.8,361.8,362.4,336.8,250.6666666666667,45.8,29.0,54.4,69.4,75.8,61.4,53.2,72.2,70.2,22.66666666666667,261.2,220.6,188.6,242.8,196.8,292.3333333333333,346.0,309.2,320.4,355.0,311.8,253.6666666666667,47.0,25.6,54.2,73.2,71.2,65.8,54.8,67.0,65.8,24.33333333333333,0.4539682539682539,0.94257176,2.202797202797203,0.8948261869508166,0.8948261869508166,easy
3799,2013/2014,25,4,10,4.633908051410863,4.65184272439806,1,5,5.942936284040936,4.83022020073585,5,15,10.650475306403015,9.359321468255846,16,23,24.54972576865776,19.675554938032594,5.080194410692587,5.247191011235955,5.592952612393683,5.48314606741573,10.673147023086269,10.730337078651685,18.533414337788578,18.191011235955056,1,5.358316054755988,6.912725232562273,12.27104128731826,21.39495698181249,5.307625761023075,5.352294856109782,10.65992061713286,18.33062192908917,291.0,263.8,237.2,286.2,245.4,307.3333333333333,274.4,253.4,286.0,296.2,263.0,206.3333333333333,42.2,29.6,64.2,81.2,76.6,67.8,65.4,67.2,77.2,22.33333333333333,268.6,258.0,233.2,269.0,238.2,333.0,357.6,349.0,392.8,394.8,359.4,218.3333333333333,39.2,32.2,53.4,78.6,79.8,71.4,67.6,61.8,77.0,26.66666666666667,0.3147553372378613,0.90055984,3.1770708283313325,0.8548837184478733,0.8548837184478733,easy
3800,2013/2014,25,4,5,10.177786561553944,2.411789598734431,12,4,7.985264018548023,3.699628908945856,16,9,18.063242033321956,5.2445335517591145,25,17,27.929264916362605,20.839677180409016,4.969072164948454,6.1063829787234045,5.443298969072165,7.031914893617022,10.412371134020619,13.138297872340425,18.09278350515464,22.319148936170212,0,6.00607421183539,7.30112016066254,13.30719437249794,20.86010547257769,5.181765196607786,4.966129267877342,10.14789446448514,16.51689463660735,273.6,242.4,231.4,251.0,222.2,291.3333333333333,272.2,268.8,270.8,300.2,239.2,212.3333333333334,45.6,31.2,51.8,77.6,155.6,126.4,126.0,146.6,146.6,61.00000000000001,257.4,255.4,234.0,266.2,231.8,296.3333333333333,364.0,334.4,344.4,349.8,339.4,281.3333333333334,41.8,30.6,56.4,80.4,64.6,65.4,63.0,56.0,74.0,25.0,0.4437869822485207,0.07926139,2.2533333333333334,-0.6553704516684754,-0.6553704516684754,hard
3801,2013/2014,25,6,7,8.379034749546655,7.4201726899068134,9,5,7.8462519809932845,4.416266311066577,15,12,16.575536575843593,12.080566379288042,18,14,21.10420532108732,16.146889816809516,6.468085106382978,6.123595505617978,6.127659574468085,6.112359550561798,12.595744680851064,12.235955056179776,19.095744680851062,18.93258426966292,1,9.126904842691761,9.455946150247403,18.58285099293916,28.86547024151589,2.465886717122556,2.774895756184987,5.240782473307542,11.26601070562171,323.0,294.8,302.8,362.2,275.8,361.6666666666667,215.6,204.2,205.2,227.6,192.0,188.6666666666667,41.6,27.6,49.0,72.6,138.4,127.6,128.8,157.2,140.4,82.33333333333334,267.4,248.0,231.0,271.8,232.6,316.3333333333334,286.2,275.6,303.2,303.8,277.6,231.3333333333333,52.8,28.6,50.6,79.8,154.4,137.6,154.2,165.6,154.0,62.33333333333333,0.1020948023164367,0.9492685,9.794817927170868,0.9435001821434036,0.9435001821434036,easy
3802,2013/2014,25,8,6,8.150403981078641,6.930845367709301,7,4,6.204982136752275,4.790623659677618,15,10,14.702292681755619,11.690558331168878,15,18,18.661909873773364,20.4611589268963,6.186567164179104,7.157303370786517,5.858208955223882,6.550561797752809,12.044776119402986,13.707865168539326,21.966417910447763,23.764044943820224,1,6.181246460724901,7.986751586324925,14.16799804704982,17.90463500543383,5.128205898536967,4.47832744348821,9.606533342025173,15.9715016637729,282.2,264.6,227.4,263.2,245.0,328.0,368.8,344.6,387.2,395.2,365.0,259.6666666666666,36.2,28.2,56.2,81.6,78.0,71.4,75.4,81.2,76.2,31.33333333333333,268.6,258.2,233.6,269.2,238.4,333.3333333333334,358.4,349.2,392.8,394.8,359.8,218.6666666666667,39.2,32.2,53.4,78.6,80.2,71.4,67.6,59.0,77.0,27.66666666666667,0.5253859743451877,0.9479646,1.9033625730994155,0.8903627189294983,0.8903627189294983,easy
3803,2013/2014,25,16,2,7.1037412066053065,3.8853968596717734,11,2,7.349216548962735,4.580899458935417,27,4,14.685256580166989,8.201433618304662,74,6,30.91756847669621,14.943223451536625,6.107142857142857,4.762711864406779,6.357142857142857,5.338983050847458,12.464285714285714,10.101694915254237,24.678571428571427,17.779661016949152,0,7.929412727758884,9.292462985788566,17.22187571354745,25.65539202418215,4.724626321103355,4.460201766539119,9.184828087642465,14.79701930232059,267.4,261.2,232.2,283.4,249.8,306.6666666666666,359.0,339.0,373.4,369.4,353.2,291.3333333333333,44.4,30.0,55.6,80.0,77.8,64.2,64.4,67.8,72.4,24.0,266.4,246.6,230.8,270.8,216.6,303.3333333333334,326.2,315.4,330.2,390.6,294.2,264.6666666666666,46.4,27.8,64.8,79.2,85.0,66.6,63.8,74.6,70.8,31.66666666666667,0.5859815190443993,0.6838432,1.7065384615384616,0.236370309286943,0.236370309286943,medium
3804,2013/2014,25,4,5,5.228583275042604,8.392244370919148,4,8,7.346148181325656,10.088291147925297,8,13,13.29996409762908,18.969358980707796,17,43,21.96033369378849,30.78320196817254,5.494623655913978,5.816326530612245,5.731182795698925,6.295918367346939,11.225806451612904,12.112244897959183,19.763440860215052,20.928571428571427,0,4.039854981353781,6.123141770284759,10.16299675163854,17.41211202747088,5.792164513639786,5.576756037306771,11.36892055094654,20.66292330757327,257.0,234.2,221.6,281.0,219.8,279.0,283.0,258.8,277.4,265.8,265.4,237.0,48.8,29.0,52.2,73.8,149.0,130.4,121.0,145.8,135.4,53.0,253.0,237.0,198.0,242.6,220.0,281.6666666666667,212.2,207.4,207.8,216.0,202.2,191.6666666666667,43.0,27.4,52.8,77.8,220.2,187.6,179.8,231.8,201.2,113.3333333333333,0.4334975369458128,0.09234121,2.306818181818182,-0.6022151039346403,-0.6022151039346403,hard
3805,2013/2014,25,7,1,8.62650206457971,2.66971557874279,7,0,7.393767874507132,3.0702835962058637,14,1,16.43243582420557,5.1907278837969875,23,19,28.64213563616498,16.668432854216377,7.293478260869565,4.170212765957447,7.195652173913044,4.946808510638298,14.48913043478261,9.117021276595745,22.47826086956522,22.425531914893618,0,6.812285114202797,7.612742579907827,14.42502769411063,27.23412432723381,4.210568511085095,3.359958847737325,7.57052735882242,14.93286814149403,278.0,267.8,251.8,247.6,251.6,320.0,382.8,364.6,406.2,396.6,375.6,285.6666666666666,42.2,29.4,49.8,81.2,81.4,69.4,73.2,71.2,76.2,27.0,271.2,248.0,229.8,228.6,244.2,310.3333333333334,347.2,330.6,335.2,367.8,330.2,330.6666666666666,42.2,26.8,47.2,74.0,61.4,49.0,45.6,66.2,55.2,22.66666666666667,0.8341511285574091,0.98390675,1.1988235294117648,0.9029643436860757,0.9029643436860757,easy
3806,2013/2014,25,4,8,6.121627004536229,7.660817564318981,3,11,6.9670649368287805,5.7783666821197714,7,19,13.652516819741527,13.770836320148952,9,20,22.61499929188491,20.93775378772923,4.811111111111111,5.155048076923077,5.222222222222222,5.608173076923078,10.033333333333333,10.763221153846153,18.72222222222222,19.295673076923077,0,6.134806833752521,7.035950808378677,13.17075764213119,23.74445608628141,3.628703656345816,5.751676380785232,9.380380037131054,14.57109475500766,250.0,230.8,217.0,263.8,222.0,296.6666666666666,297.2,274.8,266.4,307.6,263.8,268.0,43.6,32.8,53.0,78.2,149.2,122.2,134.6,144.6,151.0,62.66666666666666,261.2,220.6,188.6,242.8,196.8,292.3333333333333,355.0,313.8,322.0,350.8,317.8,268.0,47.0,25.6,54.2,73.4,78.2,67.8,65.6,75.0,70.0,43.66666666666666,0.5253859743451877,0.05856707,1.9033625730994155,-0.983575898275529,-0.983575898275529,hard
3807,2013/2014,25,8,2,6.915010656653397,4.721187520679335,6,5,11.616193426993156,3.138359254489663,14,7,17.958549797957755,8.11606493504997,23,10,32.6422945984182,15.400577054710116,7.117021276595745,5.1895504252733895,7.159574468085107,5.46172539489672,14.27659574468085,10.65127582017011,22.893617021276597,19.058323207776425,1,7.349051430222473,6.208035141404631,13.5570865716271,21.67748299734546,6.616220047438372,5.153380891524481,11.76960093896285,18.60515979061403,275.2,230.2,226.4,281.6,235.2,303.0,218.0,205.6,215.2,214.4,193.2,170.0,47.4,28.8,52.2,78.0,211.8,183.6,196.6,212.8,207.0,105.3333333333333,253.8,237.2,218.4,250.8,209.0,293.6666666666667,206.6,189.8,206.8,213.4,181.8,201.3333333333333,45.8,29.0,54.4,69.4,217.4,185.2,205.2,219.6,204.0,86.66666666666667,0.4437869822485207,0.9461825,2.2533333333333334,0.9032429862529673,0.9032429862529673,easy
3808,2013/2014,25,4,4,6.097326704142983,7.603814937281332,5,5,5.485735573109165,6.296371349444233,9,9,10.68020480842227,14.349560752785482,22,21,16.8910880456329,16.249656799855583,7.768421052631579,6.968085106382978,7.515789473684211,6.4361702127659575,15.284210526315789,13.404255319148936,21.810526315789474,22.180851063829788,1,7.027241329287587,5.985893894027761,13.01313522331535,24.30013403475868,5.938166255031441,5.471182770536843,11.40934902556829,15.93072364117206,291.0,263.8,237.2,286.2,245.4,307.0,272.8,262.6,290.2,317.4,266.2,186.3333333333333,42.2,29.6,64.2,81.2,78.6,71.2,70.8,75.2,77.4,36.33333333333334,251.8,237.4,220.2,271.0,218.8,306.6666666666667,353.8,323.8,345.8,376.6,337.4,264.6666666666666,47.6,30.2,47.6,73.6,78.4,71.0,72.8,61.0,73.4,26.33333333333333,0.4339106654512306,0.9148604,2.304621848739496,0.8496004651134141,0.8496004651134141,easy
3809,2013/2014,26,11,2,5.967865943395542,5.567836107264367,7,4,5.334414168314041,4.975010678848475,18,6,11.212608033252819,11.131288002711383,25,18,19.204501688440907,28.47858790898774,7.144444444444445,6.223529411764706,6.522222222222222,6.411764705882353,13.666666666666666,12.635294117647058,23.7,25.258823529411764,0,7.51479015289712,7.803693453720877,15.31848360661799,26.16525433457623,4.943963237806697,3.661133459844305,8.605096697650996,15.10726577690331,250.4,241.6,208.4,227.4,204.4,301.0,368.4,351.8,355.8,335.6,350.6,307.6666666666666,49.0,27.8,51.0,76.2,82.6,68.0,57.0,65.8,73.2,42.66666666666666,288.0,264.4,276.2,281.6,267.8,271.6666666666667,352.8,340.4,372.2,385.2,364.6,235.6666666666667,42.4,31.6,56.6,82.0,86.0,75.6,83.4,78.8,83.6,40.0,0.2171071327081557,0.063795656,4.606020942408377,-0.195826883443687,-0.195826883443687,medium
3810,2013/2014,26,4,6,5.392272009875898,4.269899730774003,6,9,5.629511195424632,7.11968939085876,10,15,10.404859330147882,10.931237284588095,19,28,25.59090218653369,15.440919816918992,5.155048076923077,4.959183673469388,5.45673076923077,5.510204081632653,10.611778846153847,10.46938775510204,18.960336538461537,18.163265306122447,0,7.377989245072505,7.739107577132885,15.1170968222054,27.90017746582136,5.53305286850417,4.086396945691529,9.619449814195697,17.12730706039682,280.0,261.8,245.2,264.4,248.6,328.6666666666667,360.2,359.4,390.4,380.8,367.0,251.6666666666667,39.2,32.2,53.4,78.6,80.2,71.4,67.6,59.0,77.0,27.66666666666667,267.4,261.8,253.8,272.8,248.2,329.6666666666666,372.6,352.6,401.4,411.4,373.0,242.6666666666666,42.2,29.4,49.8,81.2,75.2,66.4,69.8,68.2,77.8,26.0,0.2700520366050602,0.050866663,3.70299003322259,-0.3002753403539622,-0.3002753403539622,medium
3811,2013/2014,26,5,9,2.6497244066224805,5.892012986587786,7,6,4.3944425645917295,5.334866939468345,12,15,7.015782371886604,11.42472099451598,19,12,20.45174298276941,22.806344592932522,5.185493460166468,7.290322580645161,5.66587395957194,7.193548387096774,10.851367419738407,14.483870967741936,19.30321046373365,22.483870967741936,0,4.757893351734209,6.296114642172046,11.05400799390626,22.12384756560935,4.699211725339961,6.294775651511764,10.9939873768517,16.64282347684874,261.2,220.6,188.6,242.8,196.8,292.3333333333333,355.0,313.8,322.0,350.8,317.8,268.0,47.0,25.6,54.2,73.4,78.2,67.8,65.6,75.0,70.0,43.66666666666666,282.4,265.0,227.6,263.4,245.4,329.6666666666667,380.8,363.8,389.2,378.6,377.4,275.6666666666666,36.2,28.2,56.2,81.6,76.6,66.4,73.0,75.4,78.0,25.0,0.0975788701393984,0.020492177,10.248120300751879,-0.08542208101570123,-0.08542208101570123,medium
3812,2013/2014,26,3,7,4.623149012903003,4.373300094718141,3,4,5.743085876765255,5.913823667074727,6,11,10.760508548625902,9.581528530066736,11,18,23.13137674005035,18.514151117726787,4.136842105263158,7.126315789473685,4.894736842105263,7.147368421052631,9.031578947368422,14.273684210526316,22.389473684210525,22.894736842105264,0,7.026755033096276,6.229735339232322,13.25649037232859,25.77606366149317,7.36771861478717,5.140202481463457,12.50792109625062,20.23428418771096,275.4,254.6,248.4,256.2,253.0,307.6666666666667,365.8,349.4,350.8,355.0,335.0,338.3333333333333,42.2,26.8,47.2,74.0,58.2,45.2,45.6,69.8,54.8,29.0,267.4,261.2,232.2,283.4,249.8,306.6666666666666,354.4,333.6,368.2,362.8,341.8,289.6666666666666,44.4,30.0,55.6,80.0,77.8,64.2,64.4,67.8,72.4,24.0,0.1956521739130435,0.057481132,5.111111111111111,-0.1717802191505561,-0.1717802191505561,medium
3813,2013/2014,26,2,6,5.965522838529762,7.232144418015382,10,8,5.7415270275523245,5.515027970621722,12,14,12.013218970797693,12.561358060088075,17,19,22.302055664478146,16.548260355210395,5.3,6.463157894736842,5.477777777777778,6.157894736842105,10.777777777777779,12.621052631578948,18.244444444444444,19.08421052631579,0,5.747735697300117,6.508943414415354,12.25667911171547,21.20317848829863,7.165898202185828,5.344869233188589,12.51076743537442,19.52800884688764,267.4,248.0,231.0,271.8,232.6,316.3333333333334,220.0,209.8,235.8,224.2,219.6,165.6666666666667,52.8,28.6,50.6,79.8,215.2,190.6,221.6,251.6,216.8,115.6666666666667,291.0,263.8,237.2,286.2,245.4,307.0,267.8,255.4,293.8,305.4,267.6,174.3333333333333,42.2,29.6,64.2,81.2,78.6,71.2,70.8,75.2,77.4,36.33333333333334,0.6627290484606083,0.06493754,1.5089122807017543,-1.772437001381766,-1.772437001381766,hard
3814,2013/2014,26,7,7,4.852629845998563,9.453253166029953,4,5,7.953076273285895,9.489168238670947,11,12,12.229228887177012,20.089084832495683,32,22,30.61932679794956,27.92610341520726,6.094736842105263,5.4787234042553195,7.0,5.712765957446808,13.094736842105263,11.191489361702128,22.263157894736842,19.73404255319149,1,6.270600674300869,6.118133292380215,12.38873396668109,21.35800005803811,6.158744420913521,7.399041382661837,13.55778580357535,17.60696188479691,279.6,252.8,252.6,273.6,250.0,283.6666666666667,352.8,338.6,371.0,385.2,364.6,235.6666666666667,42.4,31.6,56.6,82.0,86.0,75.6,83.4,78.8,83.6,40.0,281.8,254.6,255.0,262.0,242.6,289.3333333333333,335.0,311.2,335.4,378.2,315.6,213.3333333333334,45.6,31.2,51.8,77.6,81.8,68.2,61.6,70.6,73.6,26.66666666666667,0.6727152024784244,0.8873374,1.4865131578947368,0.6557658215565324,0.6557658215565324,medium
3815,2013/2014,26,4,1,9.176991221022044,3.722869083429628,8,5,5.462978660567963,4.478656891997506,12,6,14.898933242712635,8.096179575668932,44,13,26.503616249555733,14.553759830017132,6.936842105263158,5.068509615384615,6.421052631578948,5.543269230769233,13.357894736842105,10.611778846153847,22.16842105263158,18.506009615384613,0,7.175326312480523,7.573338494429665,14.74866480691019,23.16409958410821,4.624747772394057,4.750857336673012,9.375605109067077,16.18940918045043,243.6,239.0,225.8,258.8,215.6,305.0,354.0,323.8,345.8,376.6,337.6,264.6666666666666,47.6,30.2,47.6,73.6,78.0,71.0,73.6,61.0,73.4,26.33333333333333,262.4,236.8,227.2,265.4,220.8,303.0,373.6,340.2,346.6,390.2,338.2,299.0,44.2,27.6,51.4,68.2,75.0,60.4,68.0,76.8,74.2,25.0,0.5574572127139364,0.036340445,1.793859649122807,-1.1775511109697228,-1.1775511109697228,hard
3816,2013/2014,26,5,6,6.5390045852296925,8.652515174140019,6,12,5.775049058916142,6.4816802598790595,11,18,12.727814856093685,14.51718174985971,14,16,20.367775044953177,21.342532003698803,4.716666666666667,6.206642066420664,5.283333333333333,5.8708487084870855,10.0,12.07749077490775,17.583333333333332,21.88929889298893,0,5.153083513149189,5.785282540504227,10.93836605365342,18.24252168847261,5.885745327949308,5.650708216499305,11.53645354444863,14.1807928375887,257.4,255.4,234.0,266.2,231.8,296.3333333333333,357.0,337.4,347.0,358.6,340.6,249.0,41.8,30.6,56.4,80.4,64.6,65.4,63.0,56.0,74.0,25.0,178.0,154.0,134.6,195.8,136.2,214.6666666666667,355.0,326.6,332.0,327.4,327.4,334.3333333333334,41.8,28.0,49.0,69.2,149.0,130.4,121.0,145.8,135.4,53.0,0.4539682539682539,0.035295866,2.202797202797203,-0.7667546818076177,-0.7667546818076177,hard
3817,2013/2014,26,3,1,11.32087607914706,4.442976564027308,12,9,11.949470458353257,3.0206399088777176,15,10,23.917007446294377,7.318199451033173,24,21,36.374941255683055,11.474637330930126,5.808080808080808,4.802197802197802,6.313131313131313,5.197802197802198,12.121212121212121,10.0,21.151515151515152,18.615384615384617,0,8.47891601409309,8.554469196571393,17.03338521066448,25.521398067586,3.061196024699659,3.682930879348154,6.744126904047818,14.82860918006517,236.8,225.6,210.4,250.4,205.8,301.6666666666667,279.6,250.4,266.0,277.2,238.0,279.6666666666667,45.8,29.0,54.4,69.4,144.2,120.6,130.0,142.8,136.8,48.33333333333333,253.2,238.8,204.0,239.2,204.2,305.6666666666667,368.4,351.8,355.8,335.6,350.6,307.6666666666666,49.0,27.8,51.0,76.2,82.6,68.0,57.0,65.8,73.2,42.66666666666666,0.4247885251930856,0.11722608,2.3541125541125547,-0.534694570409672,-0.534694570409672,hard
3818,2013/2014,26,8,6,6.522301162976834,5.191676676193873,2,4,8.129256359462962,5.119057596969126,10,10,14.773200201054513,9.5787126488928,28,12,25.296986618044595,14.970270102589893,6.133333333333334,7.729166666666667,6.1,7.489583333333333,12.233333333333333,15.21875,18.877777777777776,21.8125,0,5.635774172930608,5.601629363014407,11.23740353594501,21.79236515597663,7.09579865028492,5.693665847989283,12.7894644982742,24.9635378202908,266.4,246.6,230.8,270.8,216.6,303.3333333333334,345.4,325.4,352.8,370.0,324.2,256.0,46.4,27.8,64.8,79.2,85.0,66.6,63.8,74.6,70.8,31.66666666666667,266.4,232.4,210.4,276.8,224.4,296.0,281.4,265.4,286.4,290.0,259.4,216.6666666666667,47.4,28.8,52.2,78.0,148.4,123.8,125.4,137.2,140.8,58.66666666666667,0.5639796719414948,0.009261688,1.7731135531135533,-1.2722296635788413,-1.2722296635788413,hard
3819,2013/2014,27,6,2,10.10322004722033,4.642148484843192,2,2,8.380257096448698,4.814491724774228,8,4,18.492794907456258,9.397261169992872,16,12,25.6307419447651,14.135023845152503,7.186813186813187,4.760869565217392,6.527472527472527,5.239130434782608,13.714285714285714,10.0,23.714285714285715,18.641304347826086,1,8.440647952946415,8.814556712077142,17.25520466502356,27.75471270142798,2.942524871931205,3.81528738396017,6.757812255891375,12.15277505070635,253.0,237.0,198.0,242.6,220.0,281.6666666666667,352.0,347.6,356.0,372.8,342.0,290.6666666666667,43.0,27.4,52.8,77.8,70.2,59.0,63.8,75.8,68.2,28.33333333333333,234.4,212.2,206.4,253.2,197.6,292.3333333333333,361.2,340.2,336.0,378.2,326.0,331.0,41.6,27.6,49.0,73.4,68.4,57.6,56.4,80.2,69.0,34.0,0.5338278264778602,0.96343726,1.8732631578947367,0.9215681611227092,0.9215681611227092,easy
3820,2013/2014,27,13,2,4.621656914762187,6.14501515960885,10,4,5.273200006370513,9.17198017540948,23,6,9.305027599604085,15.777446782138103,38,9,19.848556965858318,23.91609682807083,5.142687277051129,5.183529411764705,5.46254458977408,5.6800000000000015,10.605231866825209,10.863529411764706,18.960760998810937,19.299999999999997,0,6.387577635592379,6.22916644836581,12.61674408395819,22.31213775055061,5.0065247533438,5.999837411946075,11.00636216528988,16.70242475284413,271.2,239.6,219.0,253.4,223.2,299.3333333333333,254.4,245.4,268.2,285.0,236.2,213.6666666666667,45.6,31.2,51.8,77.6,145.6,133.8,116.0,136.8,135.6,70.0,267.0,244.4,221.0,240.2,238.4,306.0,358.0,347.4,350.0,347.4,332.6,339.6666666666666,42.2,26.8,47.2,74.0,61.4,49.0,45.6,66.2,55.2,22.66666666666667,0.4765957446808511,0.004067759,2.0982142857142856,-0.9027973531510652,-0.9027973531510652,hard
3821,2013/2014,27,14,7,7.0779693025471495,6.227114938326006,11,1,8.370721477179018,4.978165652547731,25,8,15.700403513405055,11.002722016913324,25,17,19.651808667483532,17.755954356937984,6.458333333333333,6.90625,6.177083333333333,6.4375,12.635416666666666,13.34375,19.083333333333332,22.395833333333332,1,8.12274391691655,7.497216318426394,15.61996023534294,24.41166855000839,4.852951060080734,4.593537798338337,9.446488858419057,15.66241645841942,234.4,212.2,206.4,257.8,197.6,290.6666666666666,266.8,239.8,265.0,308.6,239.4,199.0,41.6,27.6,49.0,73.2,148.8,124.2,113.4,147.8,136.6,69.66666666666666,261.2,225.8,188.6,243.4,200.2,293.3333333333333,355.0,313.8,322.0,350.8,317.8,268.0,47.0,25.6,54.2,73.4,78.2,68.2,65.0,75.6,69.8,43.66666666666666,0.3987730061349692,0.92172885,2.5076923076923086,0.8698143107550486,0.8698143107550486,easy
3822,2013/2014,27,11,8,3.75391587413325,4.698713594324986,3,6,5.055659603209419,6.332416763549324,14,14,8.557266518987754,11.323916309275582,27,18,17.413396137988826,31.729841538592595,5.024970273483947,6.174418604651163,5.537455410225923,6.383720930232558,10.56242568370987,12.55813953488372,18.44708680142687,25.174418604651162,0,4.497797769569436,5.838503846740622,10.33630161631007,20.45861893431676,5.898839079015341,5.625693860144694,11.52453293916003,19.22207043618579,282.4,265.0,227.6,263.4,245.4,329.6666666666667,369.0,349.6,383.2,387.8,356.4,240.0,36.2,28.2,56.2,81.6,76.6,66.4,73.0,75.4,78.0,25.0,257.4,255.4,234.0,266.2,231.8,296.3333333333333,364.0,334.4,344.4,349.8,339.4,281.3333333333334,41.8,30.6,56.4,80.4,64.6,65.4,63.0,56.0,74.0,25.0,0.7609013754755634,0.02343913,1.3142307692307693,-3.0843433864081824,-3.0843433864081824,hard
3823,2013/2014,27,10,5,6.645630616705942,5.12120211029664,7,5,8.146100973052096,4.540419586515635,17,10,14.832661401625765,9.349093001847823,11,13,11.096598207068553,20.043652505271588,6.204379562043796,7.125,5.937956204379563,7.114583333333333,12.142335766423358,14.239583333333334,21.824817518248175,22.84375,1,7.30220604822012,7.989512355898692,15.2917184041188,21.85720122679791,4.999734101547764,4.261061351373003,9.260795452920778,15.48772463111985,267.4,261.2,232.2,283.4,247.8,306.6666666666666,367.0,349.4,367.4,364.0,356.4,305.0,44.4,30.0,55.6,80.0,77.8,64.2,64.4,67.8,72.4,24.0,283.6,258.2,249.8,259.6,248.6,323.3333333333334,360.4,359.8,390.6,380.0,367.2,253.3333333333333,39.2,32.2,53.4,78.6,80.2,71.4,67.2,59.0,76.6,27.66666666666667,0.3893129770992367,0.8354455,2.568627450980392,0.7305420443415642,0.7305420443415642,easy
3824,2013/2014,27,11,3,7.945343235769182,2.932636820545582,9,5,10.703285403004486,2.9154219508032044,20,8,18.748794081847592,5.796684217501655,27,14,29.572300416000218,14.27698779893619,5.78,4.125,6.37,4.875,12.15,9.0,21.18,22.270833333333332,1,8.622545818667438,7.979317305437541,16.60186312410498,26.49651810599679,3.72150213356035,3.966588572155346,7.688090705715704,17.7371934770338,259.2,233.0,211.8,278.4,213.0,293.0,276.4,254.0,268.6,266.8,260.2,220.6666666666667,41.8,28.0,49.0,69.2,149.0,130.4,121.0,145.8,135.4,53.0,268.4,246.6,230.8,272.4,216.6,303.3333333333334,349.2,325.8,355.4,369.6,324.8,256.0,46.4,27.8,64.8,79.2,85.0,66.6,63.8,74.6,70.8,31.66666666666667,0.3551797040169133,0.9595216,2.8154761904761907,0.9372252880549822,0.9372252880549822,easy
3825,2013/2014,27,8,5,8.027148584138878,2.375234122704983,13,6,7.025014532834353,4.471252247775894,21,11,15.109848735517144,6.079479872968558,32,18,27.707200935994344,8.921752163003383,6.153846153846154,4.96969696969697,6.054945054945055,5.545454545454546,12.208791208791208,10.515151515151516,18.978021978021978,18.262626262626263,1,6.631959983877204,8.116895705753677,14.74885568963088,25.13943344045926,5.128652230830771,4.522423100821125,9.651075331651892,17.36365259306204,285.6,276.4,265.8,257.4,254.4,324.6666666666666,373.0,352.6,401.8,411.4,373.4,242.6666666666666,42.2,29.4,49.8,81.2,75.2,66.4,69.8,68.2,77.8,26.0,244.6,239.0,225.8,258.6,216.2,305.0,282.8,269.8,272.0,294.4,265.2,257.3333333333333,49.8,28.8,58.0,68.0,154.0,130.8,135.6,140.0,146.2,50.33333333333333,0.7329742821632302,0.90879446,1.3643043478260868,0.6584391269198406,0.6584391269198406,medium
3826,2013/2014,27,7,4,5.085733670888622,7.438829861766147,6,4,6.934184543590543,5.729561498691707,13,8,11.5610000496381,12.98341908581911,15,22,22.75876113459138,28.198354995212924,5.494736842105263,7.711340206185567,5.705263157894737,7.453608247422681,11.2,15.164948453608247,19.757894736842104,21.711340206185568,1,5.920208939310085,6.534132070687638,12.45434100999772,21.69700329510511,5.596023128101685,4.123508139938121,9.719531268039821,22.21993522387439,271.8,243.2,245.2,266.2,232.0,302.0,286.2,274.8,259.2,303.8,260.8,265.6666666666667,44.2,27.6,51.4,68.2,149.2,122.2,134.6,144.6,151.0,62.66666666666666,274.0,255.4,242.4,289.2,250.0,289.0,352.8,338.6,371.0,385.2,364.6,235.6666666666667,48.6,30.6,59.4,77.0,72.4,65.0,65.2,85.0,74.8,25.33333333333333,0.2331555986427533,0.9279867,4.288981288981288,0.9060913551546982,0.9060913551546982,easy
3827,2013/2014,27,11,2,8.430999074528257,3.8964727755636988,4,4,8.343858406852657,3.188515292044538,15,6,17.461989926410034,6.613983107975079,27,11,31.636056259539785,13.310550889075307,5.263736263736264,4.721311475409836,5.527472527472527,5.295081967213115,10.791208791208792,10.01639344262295,18.23076923076923,17.524590163934427,0,7.123002034122134,7.905801879843374,15.02880391396552,20.62298988130043,5.380800545354314,5.440620168784106,10.82142071413842,15.85455592026358,275.2,230.2,226.4,281.6,235.2,302.6666666666667,358.6,322.8,352.2,356.0,330.8,246.6666666666667,47.4,28.8,52.2,78.0,75.6,61.0,59.4,75.0,69.0,24.0,257.6,246.6,219.2,238.4,238.8,286.6666666666667,352.0,347.6,356.0,372.8,342.0,290.6666666666667,43.0,27.4,52.8,77.8,70.2,59.0,63.8,75.8,68.2,28.33333333333333,0.4055587067498582,0.10296031,2.4657342657342656,-0.5090467441855496,-0.5090467441855496,medium
3828,2013/2014,27,2,6,2.081891965291536,10.514841267941652,4,14,3.2139044747538157,7.7026150535332985,6,20,5.092004238535051,19.184958597856298,25,30,20.469010120317787,29.477498690778187,6.104166666666667,7.308510638297872,6.96875,7.180851063829787,13.072916666666666,14.48936170212766,22.364583333333332,22.372340425531913,1,6.183004774964048,5.935820781165107,12.11882555612916,18.55981091731389,6.106891472225271,7.146325250012933,13.25321672223821,19.30057698251515,286.0,249.8,223.0,295.4,240.2,305.0,211.8,202.6,222.6,245.0,210.4,140.3333333333333,42.2,29.6,64.2,81.2,143.0,127.0,124.2,137.6,139.8,46.0,166.4,164.2,143.8,178.4,140.2,227.3333333333333,421.2,374.2,398.0,423.6,360.6,387.0,45.8,29.0,54.4,69.4,70.2,63.0,65.6,74.6,72.6,24.33333333333333,0.61906165672691,0.9197065,1.615347985347985,0.7892218570289415,0.7892218570289415,easy
3829,2013/2014,28,3,5,5.236329281759094,5.252099422674959,4,2,6.749594771331084,5.856037885293907,7,7,11.384864541000743,10.866394342916141,24,11,28.86714979817519,16.181789387885953,4.97,5.510416666666667,5.55,5.708333333333333,10.52,11.21875,18.26,19.708333333333332,1,5.815493160891616,5.87079678593906,11.68628994683068,21.61309195313751,5.747920903462054,6.202273765702587,11.95019466916464,16.62137625281992,273.0,246.2,222.0,261.8,216.6,305.6666666666667,367.8,351.8,355.4,335.4,349.2,307.6666666666666,49.0,27.8,51.0,75.8,82.6,68.0,57.0,65.8,73.2,42.66666666666666,256.8,239.0,216.8,273.6,220.8,315.6666666666667,280.2,262.4,303.2,310.2,281.2,219.0,52.8,28.6,50.6,79.8,155.0,138.0,154.2,165.6,154.4,62.33333333333333,0.108359133126935,0.08099098,9.228571428571428,-0.030694147571921356,-0.030694147571921356,medium
3830,2013/2014,28,5,1,11.628885125238252,3.483929729188615,14,6,9.940874272539684,3.8263707804078892,19,7,21.363353841294867,7.470062124525504,23,15,35.27964346333706,19.59639296936655,6.907216494845361,6.061855670103093,6.381443298969073,6.938144329896907,13.288659793814434,13.0,22.34020618556701,22.391752577319586,1,7.64560193704914,8.895199806660397,16.54080174370954,25.39937097356201,4.098098354404645,3.572424789054768,7.670523143459416,10.52656007219174,276.6,253.8,233.4,259.8,241.4,332.6666666666667,361.4,358.6,403.0,372.2,373.6,241.6666666666667,39.2,32.2,53.4,78.6,80.2,71.4,67.2,59.0,76.6,27.66666666666667,273.0,246.2,222.0,261.8,216.6,305.6666666666667,356.2,346.2,357.2,377.2,346.0,290.6666666666666,49.0,27.8,51.0,75.8,82.6,68.0,57.0,65.8,73.2,42.66666666666666,0.696594427244582,0.96508205,1.4355555555555557,0.8849132851678498,0.8849132851678498,easy
3831,2013/2014,28,3,8,4.452318130024802,10.519851617490183,4,5,6.2788274578117695,8.840434284789685,7,13,10.8811427192739,19.742254680318503,26,16,16.057036700991436,23.412439107328836,4.67741935483871,6.536082474226804,5.274193548387097,6.22680412371134,9.951612903225806,12.762886597938145,17.419354838709676,19.144329896907216,0,6.324954212306121,6.506752581294055,12.83170679360017,22.41109524608475,6.030834094810488,4.370912105049154,10.40174619985965,21.90437550721066,261.2,225.8,188.6,243.4,200.2,293.3333333333333,355.0,313.8,322.0,350.8,317.8,268.0,47.0,25.6,54.2,73.4,78.2,68.2,65.0,75.6,69.8,43.66666666666666,199.6,177.6,152.0,170.6,160.4,226.6666666666667,344.0,329.6,333.4,372.0,302.6,325.0,45.6,31.2,51.8,77.6,151.6,129.0,118.4,139.8,146.2,72.0,0.4539682539682539,0.034853008,2.202797202797203,-0.7675657344245632,-0.7675657344245632,hard
3832,2013/2014,28,5,7,5.134915128079379,8.808066576123228,7,6,6.324142831931713,6.573024607292963,12,13,11.501966097922779,16.174117753896603,31,17,17.835004396065287,20.199651693782407,5.150174621653084,6.173913043478261,5.662398137369035,6.130434782608695,10.81257275902212,12.304347826086957,19.192083818393478,19.119565217391305,0,5.352159282310767,6.664329288092196,12.01648857040296,22.50930827110025,4.27523898375259,5.20288183064597,9.478120814398563,20.46091635069419,267.0,244.4,221.0,240.2,238.4,306.0,358.0,347.4,350.0,347.4,332.6,339.6666666666666,42.2,26.8,47.2,74.0,74.0,61.6,70.4,73.0,72.2,30.0,276.8,250.4,229.4,265.0,239.8,293.3333333333334,367.8,335.0,345.0,364.0,323.2,260.0,47.4,28.8,52.2,78.0,71.2,66.4,59.6,71.2,69.4,28.66666666666667,0.4521801543154494,0.020018842,2.211507936507937,-0.7888748964463785,-0.7888748964463785,hard
3833,2013/2014,28,7,5,4.822072230619437,6.0263058789558475,2,5,6.97617793514492,7.153560770491997,9,10,12.434018403167915,13.008471200285321,27,17,31.459709561481322,22.803810683638773,6.195402298850575,5.8316831683168315,6.379310344827586,6.396039603960396,12.574712643678161,12.227722772277227,25.091954022988507,21.237623762376238,0,6.577131445001585,6.331383337214426,12.90851478221602,22.39728234799273,6.362244969978207,4.760192195088969,11.12243716506717,18.65498041699964,257.2,239.4,216.4,273.6,220.8,317.0,282.0,262.4,303.2,311.2,280.8,219.0,52.8,28.6,50.6,79.8,155.0,138.0,154.2,165.6,154.4,62.33333333333333,267.4,261.8,253.8,272.8,248.2,329.6666666666666,373.0,352.2,401.8,411.4,373.0,242.6666666666666,42.2,29.4,49.8,81.2,75.2,66.4,69.8,68.2,77.8,26.0,0.3988847583643123,0.025158556,2.5069897483690586,-0.6217213691412095,-0.6217213691412095,hard
3834,2013/2014,28,7,3,7.491553854964368,4.209693625260213,7,6,6.7696514803160195,5.1236079769425364,14,9,14.269061980607969,8.312753931695358,21,11,22.913058585088898,13.988798224617682,7.294736842105263,6.245487364620939,7.252631578947368,5.949458483754514,14.547368421052632,12.194945848375452,22.45263157894737,21.707581227436823,0,4.664166988392466,5.598211337368989,10.26237832576146,17.97910716853465,6.314932403152056,6.840699779691955,13.15563218284403,15.35816196457173,280.2,253.0,246.2,290.6,249.0,280.0,333.6,308.0,338.2,355.4,328.8,226.0,42.4,31.6,56.8,82.4,58.4,46.8,50.8,67.6,52.6,23.33333333333333,196.4,162.6,142.8,195.6,150.8,224.3333333333333,352.2,318.4,329.8,352.0,322.4,302.0,46.2,33.2,46.8,67.0,138.4,125.8,124.0,144.0,132.4,51.66666666666667,0.7151112395261485,0.038666148,1.3983838383838383,-2.3744183658994364,-2.3744183658994364,hard
3835,2013/2014,28,6,6,4.5581561359779315,6.95400426941228,4,4,3.589524128816898,4.526387775665347,10,10,8.203384697488012,11.190159820165018,18,22,22.601892671664796,16.026378280164256,4.11340206185567,7.173913043478261,4.876288659793815,6.478260869565218,8.989690721649485,13.652173913043478,22.185567010309278,23.630434782608695,1,4.799027039402963,5.6216658287175,10.42069286812046,23.10271682999318,6.826786851374207,5.21328540523393,12.04007225660813,20.06513793861013,244.6,239.0,225.8,258.6,216.2,305.0,354.6,332.2,350.2,369.2,336.0,298.0,49.8,28.8,58.0,67.4,78.0,71.2,73.6,61.0,73.4,26.33333333333333,262.4,234.8,240.2,284.4,224.2,293.6666666666667,331.2,310.6,347.8,373.4,313.8,264.0,41.6,27.6,49.0,73.2,68.4,57.6,56.4,80.2,69.0,34.0,0.6727152024784244,0.9060145,1.4865131578947368,0.7128326807012422,0.7128326807012422,medium
3836,2013/2014,28,4,8,5.109324645371739,7.529180181432847,3,5,5.3309235154423344,5.368096401066175,7,13,10.669058708160982,12.66735179577844,16,17,21.094636961102097,18.077988597747467,4.731182795698925,5.326086956521739,5.204301075268817,5.510869565217392,9.935483870967742,10.83695652173913,18.56989247311828,18.32608695652174,1,8.433903075500465,8.809741609116877,17.24364468461735,27.39179889362954,5.316184848645844,4.044994206299925,9.36117905494577,17.9153811505665,257.4,255.4,234.0,266.2,231.8,296.3333333333333,357.0,336.8,346.0,358.6,339.0,249.0,41.8,30.6,56.4,80.4,64.6,65.4,63.0,56.0,74.0,25.0,186.2,170.2,161.6,185.6,170.0,232.6666666666667,340.6,327.6,314.2,372.0,315.0,331.0,43.6,32.8,53.0,78.2,145.4,120.2,118.8,135.0,138.8,60.0,0.4637985309548793,0.91185856,2.156108597285068,0.8356187992133273,0.8356187992133273,easy
3837,2013/2014,28,4,4,5.974444669750566,3.7061596650590314,2,3,6.52307091975128,4.13324625365103,6,7,12.062272173415618,7.826090656314165,16,24,28.28330629746252,11.132707610840377,7.103092783505154,5.088235294117647,7.092783505154639,5.510588235294119,14.195876288659793,10.598823529411765,22.742268041237114,18.537647058823527,0,8.034375419317323,7.556715745976723,15.59109116529405,23.36926318342717,4.711701983696122,4.978816826335788,9.690518810031914,15.57951407107192,253.8,237.2,218.4,250.8,209.0,293.6666666666667,346.0,326.0,349.8,361.4,323.2,266.0,45.8,29.0,54.4,69.4,74.0,57.6,64.4,68.2,64.2,24.0,267.4,261.2,232.2,283.4,247.6,306.6666666666666,359.0,340.8,362.8,365.6,339.8,279.0,44.4,30.0,55.6,80.0,77.8,64.2,64.4,67.8,72.4,24.0,0.2049427183437505,0.13820234,4.87941219908433,-0.0839441214873288,-0.0839441214873288,medium
3838,2013/2014,28,8,5,7.0596103002740405,4.969529658450282,6,3,8.478493891352212,4.189842013568278,14,8,14.594568360029847,9.410439346917418,27,21,24.01104500725017,16.02016727147342,7.673469387755102,5.225882352941176,7.418367346938775,5.510588235294119,15.091836734693878,10.736470588235294,21.714285714285715,19.16235294117647,1,7.281690053567125,6.484916814348489,13.76660686791563,24.88308946566725,5.186696451877094,5.404474942509354,10.59117139438645,18.39555389306778,268.4,246.6,230.8,272.4,216.6,303.3333333333334,337.0,319.8,349.0,388.4,311.0,246.0,46.4,27.8,64.8,79.2,85.0,66.6,63.8,74.6,70.8,31.66666666666667,282.4,265.0,227.6,263.4,245.4,329.6666666666667,366.6,346.6,373.0,405.6,350.0,258.0,36.2,28.2,56.2,81.6,81.0,68.6,69.0,73.2,75.2,40.66666666666666,0.1952694291303575,0.6764871,5.121129326047358,0.5979860545785388,0.5979860545785388,medium
3839,2013/2014,29,5,2,6.730247349864478,3.767230003489625,5,4,5.044287497426323,2.929745110753744,10,6,11.55059757982438,6.0899131077657085,39,11,20.510826422550537,14.03231553556795,7.161290322580645,7.071428571428571,6.451612903225806,7.040816326530612,13.612903225806452,14.112244897959183,23.612903225806452,22.6734693877551,0,7.8163575978162,6.738321869705326,14.55467946752153,26.89591007724632,5.198900002107687,4.214857318067867,9.413757320175563,15.80779870436155,257.6,246.6,219.2,238.4,238.8,286.6666666666667,356.2,346.0,363.4,365.6,338.4,280.3333333333334,43.0,27.4,52.8,77.8,68.6,59.0,63.4,75.8,65.6,28.33333333333333,286.0,249.8,223.0,295.4,240.2,305.0,211.8,202.6,222.6,245.0,210.4,140.3333333333333,42.2,29.6,64.2,81.2,144.4,127.2,125.2,137.8,139.8,46.0,0.3160923780712757,0.040721174,3.1636321195144728,-0.4026438567647946,-0.4026438567647946,medium
3840,2013/2014,29,10,8,8.684921832249398,4.9972831231060475,7,4,6.233743589533397,6.379967140669344,17,12,15.323752570474312,11.056248838026015,28,26,32.508264298193964,19.12822561186913,5.223515715948777,4.650793650793651,5.484284051222353,5.253968253968254,10.70779976717113,9.904761904761905,19.18160651920838,17.555555555555557,1,6.190875548089642,7.71139347886851,13.90226902695815,25.5726789270764,4.744478769800319,4.758457964826841,9.502936734627156,14.14740073040422,273.6,242.4,231.4,251.4,222.6,291.3333333333333,204.8,205.8,209.0,227.2,177.4,180.0,45.6,31.2,51.8,77.6,200.2,178.4,196.2,223.4,200.0,91.66666666666669,251.8,237.4,220.4,271.0,219.4,307.3333333333334,368.2,342.8,360.8,374.4,333.2,316.3333333333333,47.6,30.2,47.6,73.6,78.0,71.2,73.6,61.0,73.4,26.33333333333333,0.2763157894736842,0.9406842,3.6190476190476195,0.9180363481695002,0.9180363481695002,easy
3841,2013/2014,29,2,3,7.839429784344885,5.109487737256563,5,2,8.392387870315632,2.78653439363873,7,5,16.459397106539356,7.578410542493808,16,15,21.450595749711418,14.316463900209838,6.551020408163265,7.6767676767676765,6.214285714285714,7.404040404040404,12.76530612244898,15.080808080808081,19.112244897959183,21.767676767676768,1,8.912357043809402,7.922093828375631,16.83445087218502,29.46060062750589,4.479405295128005,4.29802817122029,8.777433466348292,17.59468574016858,262.4,234.8,240.2,284.4,224.2,293.6666666666667,331.2,310.6,347.8,373.4,313.8,264.0,41.6,27.6,49.0,73.2,68.4,57.6,56.4,80.2,69.0,34.0,257.4,255.4,234.0,266.2,231.8,296.3333333333333,357.0,336.8,346.0,358.6,339.0,249.0,41.8,30.6,56.4,80.8,64.6,65.4,63.0,56.0,74.0,25.0,0.3941533913614715,0.96944594,2.5370833333333334,0.9495679999987715,0.9495679999987715,easy
3842,2013/2014,29,3,6,2.821163918406972,6.075570001277574,3,3,3.226006107725464,6.490174847929786,6,9,6.197926148474177,12.788773769652973,29,19,22.55006741495713,20.974601110060895,5.076833527357391,7.291666666666667,5.484284051222353,7.25,10.561117578579744,14.541666666666666,18.59487776484284,22.4375,0,4.514101926857212,5.301145991965715,9.815247918822934,18.42750517057251,6.263020513173364,6.724854438014987,12.98787495118835,19.74955977067913,282.4,265.0,227.6,263.4,245.4,329.6666666666667,353.6,338.8,377.4,402.0,342.6,270.0,47.8,31.8,51.6,76.4,78.0,71.4,75.4,81.2,76.2,31.33333333333333,233.4,227.2,216.4,251.2,202.8,296.3333333333334,351.6,331.0,351.6,363.2,331.8,263.0,45.8,29.0,54.4,69.4,74.0,57.6,64.4,68.2,64.2,24.0,0.794066317626527,0.022484988,1.2593406593406593,-3.7467465112775065,-3.7467465112775065,hard
3843,2013/2014,29,7,5,9.653385952980916,4.934955521352757,11,5,8.944961288840604,4.871666487991012,18,10,18.479016591212368,9.6225936398636,16,21,14.689420206293114,13.674591827800224,6.210714285714285,4.723404255319149,5.950000000000001,5.180851063829787,12.160714285714286,9.904255319148936,21.59285714285714,18.54255319148936,1,7.29368420426727,10.55369969166424,17.84738389593151,22.45240611984425,2.510507763168265,3.324983595868079,5.835491359036346,9.208841879455788,267.4,261.2,232.2,283.4,247.6,306.6666666666666,218.6,211.2,218.0,203.4,208.4,208.3333333333333,44.4,30.0,55.6,80.0,227.6,195.8,207.8,225.8,213.6,117.6666666666667,266.0,239.2,214.6,275.4,233.8,312.6666666666667,351.0,338.0,382.6,382.2,363.8,222.3333333333333,42.4,31.6,56.6,82.0,86.0,75.6,83.4,78.8,83.6,40.0,0.3901639344262295,0.96082497,2.563025210084034,0.9357613696846911,0.9357613696846911,easy
3844,2013/2014,29,9,1,6.990824387356142,2.1730811298246775,5,3,10.535090773944304,3.436958314591112,14,4,17.473503774671613,5.291274729712741,30,8,29.940475586312502,11.181410901194976,5.823529411764706,4.9504950495049505,6.382352941176471,5.534653465346534,12.205882352941176,10.485148514851485,21.19607843137255,18.316831683168317,1,9.981225780937502,7.694900620408553,17.67612640134607,25.8867390281831,3.953141119618365,4.038109475129855,7.991250594748238,14.41303681263759,257.0,234.2,221.6,281.0,219.8,279.0,277.6,261.8,272.4,248.8,264.8,225.0,41.8,28.0,49.0,69.2,149.0,130.4,121.0,145.8,135.4,53.0,269.8,253.8,236.6,266.0,237.2,327.6666666666667,357.8,356.6,403.2,377.6,378.8,230.0,39.2,32.2,53.4,78.6,80.2,71.4,67.2,59.0,76.6,27.66666666666667,0.2105263157894737,0.93752176,4.75,0.9208608905474345,0.9208608905474345,easy
3845,2013/2014,29,11,3,7.634736004215134,5.727522897720671,7,2,7.366441536484972,5.660532786347126,18,5,15.34347095516263,11.056379414313255,25,12,24.344232907198833,20.1080598838246,6.182795698924731,6.887755102040816,6.129032258064516,6.459183673469388,12.311827956989248,13.346938775510203,19.096774193548388,22.346938775510203,0,5.675951853782903,6.716917701678284,12.39286955546119,24.21209814277551,4.605660521434041,4.330204110453226,8.935864631887279,18.07446511325174,267.4,261.8,253.8,272.8,248.2,329.6666666666666,234.2,215.8,225.6,233.8,223.2,176.0,42.2,29.4,49.8,81.2,215.0,199.0,237.8,236.4,228.6,91.99999999999999,255.6,232.0,207.4,248.0,221.0,283.0,218.2,204.0,213.6,221.4,197.2,172.0,43.0,27.4,52.8,77.8,206.6,201.0,213.2,220.0,206.8,136.6666666666667,0.7809330628803246,0.06870659,1.2805194805194804,-3.251182021918122,-3.251182021918122,hard
3846,2013/2014,29,5,3,7.958239428596704,4.979942625096907,6,2,6.968412114205515,4.3535950260875,11,5,15.050452780292048,9.103170775552512,22,16,20.582024804175187,23.917085940135024,5.505154639175258,4.13265306122449,5.670103092783505,4.86734693877551,11.175257731958762,9.0,19.61855670103093,22.142857142857142,0,6.438994357745711,7.51464758069736,13.95364193844308,23.41913945852421,4.506870528545658,3.483035445490602,7.989905974036264,19.02278158124243,184.6,169.2,167.0,194.2,169.0,221.3333333333333,360.4,336.6,325.8,371.6,337.6,303.3333333333333,43.6,32.8,53.0,78.2,145.4,120.2,118.8,135.0,138.8,60.0,277.0,239.0,229.0,268.8,220.6,303.6666666666667,340.8,317.8,365.8,379.0,318.2,245.0,46.4,27.8,64.8,79.2,85.0,66.6,63.8,74.6,70.8,31.66666666666667,0.3560609204465286,0.07832801,2.808508158508159,-0.4313030779542263,-0.4313030779542263,medium
3847,2013/2014,29,6,5,6.836524790026292,4.674859246189852,9,5,4.793813696225042,3.3984605324533677,15,10,12.117388901135023,7.734228487864673,28,34,21.02627875910607,22.98784886879039,5.354838709677419,6.204545454545454,5.505376344086022,6.329545454545454,10.86021505376344,12.534090909090908,18.311827956989248,25.113636363636363,0,4.274006437970748,6.048193437392197,10.32219987536294,20.36307956704729,6.911743549853528,4.935433716508931,11.84717726636245,21.47430558101753,276.8,250.4,229.4,265.0,239.8,293.3333333333334,367.8,335.0,345.0,364.0,323.2,260.0,47.4,28.8,52.2,78.0,75.6,61.0,59.4,75.0,69.0,24.0,258.0,239.8,216.4,273.6,220.8,317.0,276.6,270.2,284.6,303.6,257.6,266.6666666666667,52.8,28.6,50.6,79.8,141.0,132.6,163.4,168.2,150.0,70.0,0.1099991729385493,0.03503993,9.090977443609026,-0.08422379216045793,-0.08422379216045793,medium
3848,2013/2014,29,3,3,4.6993566539495495,6.452701889382234,4,4,6.55859164364412,9.198600405359855,7,7,11.222602436360946,15.751966385749748,19,25,22.539243844489825,22.548813220430024,6.010204081632653,5.148617511520737,6.928571428571429,5.676267281105992,12.938775510204081,10.824884792626728,22.316326530612244,19.314516129032256,1,6.540509141987813,6.863416435332701,13.40392557732052,22.38720947524114,5.791955311133208,6.451363790882661,12.24331910201587,17.30044651215299,268.6,241.2,219.8,285.6,227.4,292.3333333333333,288.4,270.4,288.0,312.2,287.6,162.6666666666666,42.2,29.6,64.2,81.2,67.8,59.4,59.8,70.6,62.6,23.66666666666667,271.2,248.0,229.8,225.0,244.2,309.0,346.2,330.8,339.2,359.6,338.6,287.6666666666666,42.2,26.8,47.2,74.0,74.0,61.6,70.4,73.0,72.2,30.0,0.6297577854671281,0.97327155,1.5879120879120876,0.9278082017586611,0.9278082017586611,easy
3859,2013/2014,30,7,7,4.838769973898653,4.7351228233542155,5,4,4.9916554408430525,4.216620182070192,12,11,9.400513821573753,8.874551039327763,28,19,22.823876637772873,18.27590752740793,7.02020202020202,5.361702127659575,7.01010101010101,5.542553191489362,14.030303030303031,10.904255319148936,22.555555555555557,18.414893617021278,0,9.121784432932547,8.441793731312996,17.56357816424555,24.04609014348178,5.115612952588179,3.005848075009161,8.121461027597343,13.82173886739704,267.2,245.6,214.4,261.4,214.2,301.3333333333334,358.0,345.6,353.6,357.0,348.0,278.3333333333333,49.0,27.8,51.0,75.8,82.6,68.0,57.0,65.8,73.2,42.66666666666666,261.2,225.8,188.6,243.4,200.2,293.3333333333333,355.0,313.8,322.0,350.8,317.8,268.0,47.0,25.6,54.2,73.4,78.2,68.2,65.0,75.6,69.8,43.66666666666666,0.4283464566929133,0.07957836,2.334558823529412,-0.6101039833396917,-0.6101039833396917,hard
3860,2013/2014,30,5,7,2.606582093776723,7.433508734745421,7,6,4.626921111207359,6.027061762040536,12,13,6.460556946008159,13.199771547782142,23,19,17.451222046011246,15.096567462898532,4.911764705882353,6.505050505050505,5.509803921568627,6.202020202020202,10.42156862745098,12.707070707070708,18.215686274509803,19.08080808080808,1,5.520915065151287,5.463265547188314,10.98418061233961,22.20167641140394,6.438445457391949,5.141709041010429,11.58015449840237,18.69859129484455,269.8,253.8,236.6,266.0,237.2,327.6666666666667,357.8,356.8,403.4,372.4,378.8,230.0,39.2,32.2,53.4,78.6,80.2,71.4,67.2,59.0,76.6,27.66666666666667,261.0,240.4,240.2,270.6,239.6,300.3333333333333,214.0,210.2,191.6,225.8,186.0,219.6666666666667,43.6,32.8,53.0,78.2,231.4,204.2,205.0,231.6,219.0,139.3333333333333,0.7561436672967865,0.015537096,1.3224999999999998,-3.0370610955987116,-3.0370610955987116,hard
3861,2013/2014,30,12,5,8.724102902255265,6.147403247969832,6,4,7.9529012969984825,4.675012459709588,18,9,16.288673386604565,11.290872574010372,34,18,28.160350411586265,17.45370920381096,6.848484848484849,5.273041474654377,6.414141414141414,5.500000000000002,13.262626262626263,10.773041474654377,22.242424242424242,19.273041474654377,1,7.216673401901581,8.149511745919867,15.36618514782145,23.54966953648243,4.947893305701139,3.69016228432144,8.638055590022583,15.47984872053151,261.2,225.8,188.6,243.4,200.2,293.3333333333333,361.4,320.8,337.0,356.2,331.2,247.0,47.0,25.6,54.2,73.4,78.2,68.2,65.0,75.6,69.8,43.66666666666666,285.6,276.4,265.8,257.4,254.4,324.6666666666666,319.8,294.2,313.0,295.2,297.6,265.0,42.2,29.4,49.8,81.0,150.6,133.8,149.2,156.2,158.0,49.33333333333333,0.1297297297297297,0.9429091,7.708333333333335,0.9343986799998314,0.9343986799998314,easy
3862,2013/2014,30,5,5,5.281972770681238,9.990317105296908,5,6,4.914417939025065,5.9539351338166915,10,11,10.393755269951054,15.528530533819492,30,33,22.208499289410717,22.199010302030707,4.703125,6.23404255319149,5.234375,6.138297872340425,9.9375,12.372340425531915,17.6875,19.159574468085108,1,6.556206434655756,6.884851955496956,13.44105839015271,24.08627789816745,5.548739306937863,4.704784819057352,10.25352412599521,18.36917198787662,195.8,172.4,155.6,162.6,173.4,228.6666666666667,429.4,420.4,415.8,415.8,403.4,440.6666666666666,42.2,26.8,47.2,74.0,74.0,61.6,70.4,73.0,72.2,30.0,178.0,154.0,134.6,195.8,136.2,214.6666666666667,355.0,326.6,332.0,327.4,328.4,334.3333333333334,41.8,28.0,49.0,69.2,149.0,130.4,121.0,145.8,135.4,53.0,0.425,0.10118277,2.3529411764705883,-0.56316040456295,-0.56316040456295,hard
3863,2013/2014,30,7,1,2.895939391333783,6.573568441327339,6,4,4.998709748598747,7.322300983817767,13,5,7.365062509082877,13.783677140000325,39,9,18.349908803016046,21.498181332160385,5.126567844925883,5.854368932038835,5.659064994298747,6.368932038834951,10.785632839224629,12.223300970873787,19.37286202964652,21.281553398058254,0,4.73563848617481,6.486472696154225,11.22211118232904,21.41927421684365,4.93500148694042,5.604805730867081,10.5398072178075,14.35718940237721,258.0,240.6,216.4,273.8,220.6,317.0,214.8,217.6,217.0,217.2,196.4,213.3333333333333,52.8,28.6,50.6,79.8,205.4,186.4,232.2,256.2,213.4,123.3333333333333,292.6,268.0,240.4,293.2,244.0,324.6666666666667,376.0,351.8,374.4,359.4,356.6,292.6666666666666,47.8,31.8,51.4,75.4,80.0,68.6,68.6,72.8,75.2,40.66666666666666,0.5828476269775187,0.0028929738,1.715714285714286,-1.3902705396858306,-1.3902705396858306,hard
3864,2013/2014,30,6,7,7.468638719032191,5.741960758200841,8,7,6.502053586292158,6.5042720916330925,14,14,14.489911821942759,12.04383514770045,21,12,32.85763054224748,12.98937741725545,6.191011235955056,6.219081272084805,6.314606741573034,6.0035335689045946,12.50561797752809,12.222614840989399,25.213483146067414,21.53356890459364,0,6.063206267654818,6.035103672654492,12.09830994030931,18.64453711567621,6.193227612273787,6.810323860195104,13.0035514724689,17.29912310194772,262.4,255.2,229.0,257.6,242.4,327.6666666666666,276.0,272.8,300.4,307.8,277.6,187.0,42.4,31.6,56.8,82.4,165.0,136.8,152.2,160.2,160.0,70.33333333333333,276.8,250.4,229.4,265.0,239.8,293.3333333333334,367.8,335.0,345.0,364.0,323.2,260.0,47.4,28.8,52.2,78.0,71.2,64.0,59.6,70.0,69.4,28.66666666666667,0.7131622220633446,0.2568458,1.4022055137844611,-1.5908518118611124,-1.5908518118611124,hard
3865,2013/2014,30,4,2,7.136235431798575,2.491888993642199,8,1,7.09482008132568,3.264163071115825,12,3,13.783128360989895,4.7313395764152935,17,15,31.386221139120227,16.589074300518618,7.278350515463917,5.5,7.206185567010309,5.673469387755102,14.484536082474227,11.173469387755102,22.4020618556701,19.642857142857142,1,5.312972441233858,7.414375872826648,12.7273483140605,21.43218882861301,4.64042099613131,5.24279236730472,9.883213363436038,15.3297971260972,251.8,237.4,220.4,271.0,219.4,307.3333333333334,370.2,339.8,349.0,357.6,345.4,280.6666666666666,47.6,30.2,47.6,73.6,61.8,49.6,44.8,57.6,54.0,28.0,272.6,256.6,228.4,282.0,244.2,305.3333333333333,360.4,333.4,356.8,363.0,332.6,276.0,44.4,30.0,55.6,80.0,77.8,64.2,64.4,67.8,72.4,24.0,0.3475935828877006,0.9596643,2.8769230769230765,0.9381739453214114,0.9381739453214114,easy
3866,2013/2014,30,7,3,7.235102501306495,3.090079044525934,3,4,9.129552879045164,3.9845278712538996,10,7,16.136877716664586,6.696544348397135,12,25,27.84025346584651,17.87201849197947,4.121212121212121,5.97979797979798,4.838383838383838,6.898989898989899,8.95959595959596,12.878787878787879,22.08080808080808,22.282828282828284,1,6.004888083641347,6.113082044484543,12.11797012812589,22.83353864648043,6.247244704772082,6.194115474007677,12.44136017877975,18.93756334462245,257.0,249.2,224.2,266.2,219.2,294.6666666666666,357.0,336.8,346.0,358.6,339.0,249.0,41.8,30.6,56.4,80.8,64.6,65.4,63.0,56.0,74.0,25.0,273.6,246.0,207.6,269.8,218.2,308.0,211.8,202.6,222.6,245.0,210.4,140.3333333333333,42.2,29.6,64.2,81.2,144.4,127.2,125.2,137.8,139.8,46.0,0.3043478260869565,0.73425186,3.285714285714286,0.6179870441555977,0.6179870441555977,medium
3867,2013/2014,30,6,6,5.203362859654211,6.136780509365894,11,5,4.588061403185782,5.557610846654091,17,11,9.466234059787359,11.534683898275652,29,6,22.14295901684458,19.852271506736436,4.726315789473684,5.055299539170506,5.178947368421053,5.458525345622121,9.905263157894737,10.513824884792626,18.568421052631578,18.702764976958523,0,6.777945596659482,6.236107689597077,13.01405328625657,25.22309633438255,5.481147304550893,6.093502113545695,11.5746494180966,18.73491402427411,233.4,227.2,216.4,251.2,202.8,296.3333333333334,213.6,203.0,208.6,209.6,192.2,204.0,45.8,29.0,55.0,70.8,212.0,185.8,207.6,223.0,204.4,82.66666666666667,262.0,234.8,239.6,285.0,224.2,294.3333333333333,340.8,308.6,343.4,368.8,309.8,288.3333333333333,41.6,27.6,49.0,73.2,68.4,57.6,56.4,80.2,69.0,34.0,0.5127043318187702,0.017962711,1.9504418783679758,-1.0152801713348087,-1.0152801713348087,hard
3868,2013/2014,30,8,2,5.0256377801173615,4.317817280569409,7,4,3.9207398651389602,3.2363950998472557,15,6,8.205849437301962,6.686178829521658,39,9,19.400020568295552,19.400895106442697,7.63,7.138297872340425,7.35,6.4361702127659575,14.98,13.574468085106384,21.7,23.77659574468085,0,4.937791716225211,4.801537966086396,9.739329682311617,19.63725111498368,7.885412669621278,6.032584645546524,13.91799731516781,18.51158251421352,277.0,239.0,229.0,268.8,220.6,303.6666666666667,340.8,317.8,365.8,379.0,318.2,245.0,46.4,27.8,64.8,79.2,85.0,66.6,63.8,74.6,70.8,31.66666666666667,273.6,242.4,231.6,251.4,222.6,291.0,205.0,205.8,209.0,227.2,177.4,180.3333333333333,45.6,31.0,54.2,77.6,200.2,178.4,196.2,223.4,200.0,92.33333333333336,0.5758157389635316,0.0041020596,1.736666666666667,-1.3477956083354563,-1.3477956083354563,hard
3869,2013/2014,31,4,1,5.549796753255338,4.46431719964138,3,4,5.75294933337134,2.0604507480845147,7,5,11.276222025248362,6.42283077166728,25,9,21.122063170931796,11.557244232737942,4.912621359223301,4.15,5.524271844660194,4.82,10.436893203883495,8.97,18.262135922330096,21.98,0,6.966962258608405,6.415131076285643,13.38209333489406,23.59553987503676,5.566117159864259,4.511205801658882,10.07732296152314,20.08333653576623,266.4,241.4,230.2,248.8,233.2,283.6666666666666,356.2,346.0,363.4,365.6,338.4,280.3333333333334,43.0,27.4,52.8,77.8,62.4,54.4,63.0,72.2,58.2,24.0,253.2,238.8,204.0,239.2,204.2,305.6666666666667,358.0,345.6,353.6,357.0,348.0,278.3333333333333,49.0,27.8,51.0,75.8,82.6,68.0,57.0,65.8,73.2,42.66666666666666,0.5127043318187702,0.068510406,1.9504418783679758,-0.911549088744095,-0.911549088744095,hard
3870,2013/2014,31,3,6,6.305250558315379,7.849730180626633,5,7,5.735819745799581,8.62176894890332,8,13,11.988226275314922,16.56525363897603,27,16,21.548575284890948,20.052388289429864,5.270239452679588,6.2272727272727275,5.484606613454962,6.013986013986015,10.754846066134549,12.241258741258742,19.259977194982895,21.433566433566433,0,5.000315143011196,6.216317937852288,11.21663308086348,22.20957631181004,5.615552982971422,5.422854867255442,11.03840785022686,7.84079380856989,269.8,253.8,236.6,266.0,237.2,327.6666666666667,356.0,354.2,395.8,374.2,374.2,236.6666666666667,39.2,32.2,53.4,78.6,80.2,71.4,67.2,59.0,76.6,27.66666666666667,262.6,237.0,214.0,221.6,224.2,263.6666666666667,279.2,279.2,282.0,288.8,271.2,242.6666666666667,43.0,27.4,52.8,77.6,135.2,122.8,137.0,156.2,129.0,72.0,0.7609013754755634,0.025151977,1.3142307692307693,-3.0771795810614058,-3.0771795810614058,hard
3871,2013/2014,31,9,8,7.60301855568899,4.466220901317686,4,3,7.632602159437649,2.820360265426732,13,11,15.578266353227052,7.038824558931897,22,10,23.95492786477713,18.238944178845518,6.51,7.08421052631579,6.2,6.410526315789474,12.71,13.494736842105263,19.08,23.621052631578948,1,7.257040288175585,7.409274091466147,14.66631437964172,25.2226725093054,4.745333935066558,4.164785800054276,8.91011973512084,16.7734770167984,273.2,242.2,212.2,242.6,228.0,296.6666666666666,259.0,249.2,273.4,302.0,238.4,222.3333333333334,45.6,31.0,54.2,77.6,141.8,121.2,126.4,149.0,135.4,66.66666666666669,195.4,174.6,155.8,206.6,156.4,226.3333333333333,355.0,326.6,332.0,327.4,328.4,334.3333333333334,41.8,28.0,49.0,69.2,149.0,130.4,121.0,145.8,135.4,53.0,0.3900114372855509,0.9444849,2.5640273704789833,0.9089899157360197,0.9089899157360197,easy
3872,2013/2014,31,3,11,6.9141959827661115,4.447706612962669,2,4,5.235797700724799,4.637957549031206,5,15,11.76093402972639,8.984590426702962,13,31,24.70631902780063,16.55700184274913,6.9,7.02,6.41,6.99,13.31,14.01,22.36,22.61,1,7.689281040093772,7.227339014226285,14.91662005432006,24.3173254653388,6.131698719552679,3.860008984873403,9.991707704426087,16.90371736734295,284.0,265.0,227.4,262.8,247.0,334.3333333333334,368.4,349.2,382.8,384.8,356.4,240.0,47.8,31.8,51.4,75.4,79.8,68.4,68.2,72.4,75.2,40.66666666666666,255.8,237.4,204.2,251.4,213.2,290.6666666666667,372.6,340.2,346.0,361.0,330.0,308.3333333333334,47.4,28.8,52.2,78.0,77.2,57.4,65.8,66.0,71.4,30.0,0.8126195028680689,0.9544443,1.2305882352941175,0.7568812577091917,0.7568812577091917,easy
3873,2013/2014,31,3,7,4.995566351680977,5.662524587954817,5,8,5.514633019218442,4.812738016223264,8,15,10.734029293069737,10.450641690465488,21,30,28.797174785816665,15.628403830287313,5.145598194130925,5.378947368421053,5.66252821670429,5.526315789473684,10.808126410835214,10.905263157894737,19.572234762979683,18.42105263157895,1,7.793896455390705,7.87789701389799,15.6717934692887,25.47113854929447,4.588168180799539,4.250100712073236,8.838268892872778,14.81472687502347,261.2,225.8,188.6,243.4,200.2,293.3333333333333,355.0,313.8,322.0,350.8,317.8,268.0,47.0,25.6,54.2,73.4,74.4,68.8,71.4,68.0,74.2,44.0,258.0,240.6,216.4,273.8,220.6,317.0,278.8,271.0,285.4,303.6,258.8,266.6666666666667,52.8,28.6,50.6,79.8,155.8,138.0,154.6,166.2,156.0,62.33333333333333,0.108359133126935,0.9476404,9.228571428571428,0.9412772754828136,0.9412772754828136,easy
3874,2013/2014,31,10,1,8.77622244420354,3.4747688098725638,7,4,8.851501176246748,2.9570380837804118,17,5,17.316508606101642,6.251114422713376,37,9,33.670339172498785,16.5407718700454,5.8076923076923075,4.707692307692308,6.346153846153846,5.230769230769231,12.153846153846153,9.938461538461539,21.16346153846154,17.876923076923077,1,10.2274714890449,9.436048534390586,19.66352002343549,26.75310310535543,3.082673851428595,3.115927510638873,6.198601362067474,13.10082289305231,197.0,173.0,146.0,189.2,157.4,229.3333333333333,441.0,423.4,417.8,450.4,418.0,392.0,44.4,30.0,55.6,80.0,77.8,64.2,64.4,67.8,72.4,24.0,267.4,261.8,253.8,272.8,248.2,329.6666666666666,319.8,294.2,313.0,295.2,297.6,265.0,42.2,29.4,49.8,81.0,150.6,133.8,149.2,156.2,158.0,49.33333333333333,0.1958041958041958,0.95654327,5.107142857142857,0.9459624969440958,0.9459624969440958,easy
3875,2013/2014,31,10,3,7.594131548697018,3.4178117266509043,11,5,7.160234690810606,3.9473219893782243,21,8,14.879495460047345,7.027687811359749,26,14,32.06222189536574,16.748605726966012,6.221052631578948,5.064994298745724,6.136842105263158,5.453819840364882,12.357894736842105,10.518814139110605,19.305263157894736,18.572405929304445,1,5.990213337103603,6.779982058150029,12.77019539525363,24.63812756311753,5.161123188741067,4.680879330625796,9.842002519366861,17.49401809359017,262.4,255.2,229.0,257.6,242.4,327.6666666666666,351.2,340.6,382.6,379.0,362.4,233.0,42.4,31.6,56.8,82.4,72.4,65.0,65.2,85.0,74.8,25.33333333333333,233.4,227.2,216.4,251.2,202.8,296.3333333333334,351.6,331.2,351.8,363.4,332.4,262.6666666666667,45.8,29.0,55.0,70.8,74.0,57.6,64.4,69.2,64.2,24.0,0.7160647571606475,0.6484833,1.3965217391304348,-0.23801723279451079,-0.23801723279451079,medium
3876,2013/2014,31,7,6,7.213836871182472,4.272377460821389,4,3,7.335102569080965,5.789980162174537,11,9,13.657478311388065,9.541312837195054,25,18,19.38604919138497,22.540019212667524,5.4646464646464645,4.739583333333333,5.626262626262626,5.239583333333333,11.090909090909092,9.979166666666666,19.595959595959595,18.677083333333332,1,6.266838401417453,8.482556914812418,14.74939531622988,20.50398314505411,3.846236869370485,4.207378652208964,8.053615521579436,13.23962015513255,261.0,237.6,240.2,267.8,239.6,300.3333333333333,297.2,272.8,266.2,306.2,263.2,268.0,43.6,32.8,53.0,78.2,148.4,125.2,116.0,137.4,138.6,57.66666666666667,239.6,219.2,221.6,275.6,203.8,283.0,337.0,319.6,348.0,369.4,318.8,259.3333333333333,41.6,27.6,49.0,73.2,68.4,57.6,56.4,80.2,69.0,34.0,0.4741767764298094,0.9444862,2.1089181286549707,0.8944249764900106,0.8944249764900106,easy
3877,2013/2014,31,4,4,3.5836609819883085,3.9411389309131084,8,6,3.45134694064532,5.157160957441877,12,10,7.046967327443921,8.57225695516654,30,14,24.11845813445258,14.434289717110468,7.633663366336633,7.244897959183674,7.346534653465347,7.214285714285714,14.98019801980198,14.459183673469388,21.871287128712872,22.346938775510203,1,5.999359599526938,5.307142002123314,11.30650160165025,19.65936859364785,7.209830446059351,6.440877174524187,13.65070762058353,15.7922289820604,251.8,259.0,243.6,269.8,222.2,290.6666666666666,347.2,326.2,349.0,364.4,327.8,253.6666666666667,41.8,30.6,56.4,80.8,75.8,63.4,69.6,75.6,71.2,25.66666666666667,258.8,238.4,232.0,220.6,231.0,298.3333333333334,357.2,353.8,352.4,352.8,337.4,364.6666666666666,42.2,26.8,47.2,74.0,68.4,53.8,59.0,73.6,69.0,23.33333333333333,0.4261518849025678,0.11214794,2.346581196581197,-0.5471899982001506,-0.5471899982001506,hard
3878,2013/2014,31,5,5,4.317515587242012,7.384951979107332,4,6,4.964013730544643,7.711152500609401,9,11,9.401199769054749,15.019012891549423,45,22,21.95366383767012,29.373251325550196,5.95,6.188888888888889,6.87,6.333333333333333,12.82,12.522222222222222,22.31,25.166666666666668,0,5.737785223975469,7.179999749525626,12.9177849735011,22.67944072347208,6.855335286404259,5.330237735480117,12.18557302188438,22.76021308784778,276.0,234.0,217.0,278.2,207.0,299.3333333333333,340.8,317.8,365.8,379.0,318.2,245.0,46.4,27.8,64.8,79.2,85.0,66.6,63.8,74.6,70.8,31.66666666666667,251.8,237.4,220.4,271.0,219.4,307.3333333333334,364.6,340.4,340.6,367.6,334.2,330.6666666666666,47.6,30.2,47.6,73.6,61.8,49.6,44.8,57.6,54.0,28.0,0.3893129770992367,0.09866568,2.568627450980392,-0.4759349681437017,-0.4759349681437017,medium
3879,2013/2014,32,3,8,5.588738292669997,5.095959141728054,3,8,4.497088696660022,4.88540501457248,6,16,10.30336704912677,9.285104525656235,27,21,22.294838565173535,18.90458351506016,7.09375,5.847619047619047,6.375,6.352380952380952,13.46875,12.2,23.479166666666668,21.314285714285713,0,7.103624606496175,6.221251913232557,13.32487651972874,24.55634268471183,5.526929947527096,4.802388423376636,10.32931837090373,15.97022158041821,253.2,238.8,204.0,239.2,204.2,305.6666666666667,367.8,351.8,355.4,335.4,349.2,307.6666666666666,49.0,27.8,51.0,75.8,82.6,68.0,57.0,65.8,73.2,42.66666666666666,273.6,246.0,207.6,269.8,218.2,308.0,287.2,267.8,299.6,313.4,283.0,194.3333333333333,42.2,29.6,64.2,81.2,144.4,127.2,125.2,137.8,139.8,46.0,0.226158261841536,0.038451098,4.421682373472951,-0.24256532018759291,-0.24256532018759291,medium
3880,2013/2014,32,5,11,4.503051237003187,7.729877359155933,10,12,5.032864583842898,7.279407887598818,15,23,9.612990969799661,15.214232318925673,15,42,20.62147139069716,16.517424969733923,5.044018058690744,6.534653465346534,5.449209932279911,6.178217821782178,10.493227990970654,12.712871287128714,18.525959367945823,19.10891089108911,1,4.135303635263788,5.537723121078642,9.673026756342434,20.40177080250777,6.377131353695876,5.721908349173546,12.09903970286943,21.30047409723188,239.6,219.2,221.6,275.6,203.8,283.0,329.6,314.4,351.6,366.0,321.2,256.0,41.6,27.6,49.0,73.2,68.4,57.6,56.4,80.2,69.0,34.0,292.6,268.0,240.4,293.2,244.0,324.6666666666667,357.8,335.2,381.6,382.2,345.6,268.6666666666667,47.8,31.8,51.4,75.4,76.6,66.4,73.0,75.4,78.0,25.0,0.1213626685592619,0.19821066,8.239766081871345,0.08746269403058607,0.08746269403058607,medium
3881,2013/2014,32,12,9,6.289305055860801,7.303149015965543,9,3,5.7068797470278945,4.382517224897928,21,12,12.412493202902532,10.779600033545034,29,15,22.219895153678305,23.733164583327696,4.651515151515151,6.861386138613861,5.212121212121212,6.366336633663367,9.863636363636363,13.227722772277227,17.742424242424242,22.26732673267327,0,5.84880725396904,6.479264790815886,12.32807204478493,23.14640113823597,4.793391040962645,3.947406589005443,8.740797629968071,16.27000731280576,272.6,232.2,210.8,229.0,221.2,292.0,342.0,318.4,322.6,359.0,330.8,280.0,42.2,26.8,47.2,74.0,74.0,61.6,70.4,73.0,72.2,30.0,261.2,225.8,188.6,243.4,200.2,293.3333333333333,341.4,292.4,321.4,371.2,315.0,213.6666666666667,39.2,23.2,51.0,72.4,74.4,68.8,71.4,68.0,74.2,44.0,0.371648526679055,0.02683349,2.6907142857142854,-0.5487614135085959,-0.5487614135085959,hard
3882,2013/2014,32,2,6,5.601743262455416,6.036020545337803,6,9,7.3254940065968,5.176827460589546,8,15,12.931534519061172,11.293674643584922,20,15,10.831740083085446,18.927053335367848,6.224913494809688,7.598039215686274,6.024221453287198,7.352941176470588,12.249134948096886,14.950980392156863,21.377162629757784,21.95098039215686,1,9.144414513476619,10.49871040322604,19.64312491670266,25.73087958718514,3.284081710641605,2.420590729868954,5.704672440510551,14.21747933924061,180.2,155.6,122.2,182.6,140.4,210.0,370.4,335.8,344.2,340.6,336.8,343.6666666666666,48.8,29.0,52.2,73.8,136.0,120.4,137.2,148.8,129.8,60.66666666666666,282.8,270.0,240.6,279.6,253.4,319.3333333333333,360.6,356.8,364.0,364.8,350.0,289.3333333333333,44.4,30.0,55.6,80.0,77.8,64.2,64.4,67.8,72.4,24.0,0.2432432432432433,0.23062718,4.11111111111111,-0.01667122755731867,-0.01667122755731867,medium
3883,2013/2014,32,4,2,6.45166415755345,3.4562250553739147,1,8,7.22896955946911,3.744026068063496,5,10,13.939253924055205,7.3498310330971925,15,23,32.871959908465115,17.36722814580657,6.175824175824176,4.903846153846154,6.329670329670329,5.5,12.505494505494505,10.403846153846153,25.13186813186813,18.326923076923077,1,8.846922288811067,8.436173739719495,17.28309602853056,26.95658394927855,5.342064849561474,4.162053177066845,9.504118026628323,17.72721774137391,268.2,248.8,230.4,271.6,232.0,317.0,288.0,271.8,291.4,307.2,271.2,253.0,52.8,28.6,50.6,79.8,155.8,138.0,154.6,166.2,156.0,62.33333333333333,329.4,296.4,298.0,328.6,293.6,383.3333333333334,297.2,272.8,266.2,306.2,263.2,268.0,43.6,32.8,53.0,78.2,70.4,58.8,50.8,57.6,64.6,35.0,0.7958533997224717,0.9745626,1.2565128205128204,0.8753963347341193,0.8753963347341193,easy
3884,2013/2014,32,7,5,6.167555269954486,5.187439328467368,12,1,6.323070774351937,4.799222083756234,19,6,12.504483877162698,9.642764853071485,20,19,22.798776086408317,21.591066592007753,7.212121212121212,6.260416666666667,7.202020202020202,6.1875,14.414141414141413,12.447916666666666,22.262626262626263,19.375,1,5.918422689520694,6.869443915791711,12.78786660531241,22.30073384148599,4.677261185746705,5.109764490082332,9.787025675829035,17.18908041906401,285.6,276.4,265.8,257.4,254.4,324.6666666666666,383.6,355.6,398.6,393.6,378.0,248.3333333333333,42.2,29.4,49.8,81.0,75.2,66.4,69.8,68.2,77.8,26.0,248.4,235.2,202.2,244.6,208.0,302.3333333333334,367.8,351.8,355.4,335.4,349.2,307.6666666666666,49.0,27.8,51.0,75.8,82.6,68.0,57.0,65.8,73.2,42.66666666666666,0.8341511285574091,0.5070677,1.1988235294117648,-1.9721777142857642,-1.9721777142857642,hard
3885,2013/2014,32,8,4,4.578929852283744,4.0763619085514975,6,3,4.551445033573671,4.383324487188579,14,7,9.065744804428789,7.753394829012478,20,12,17.239177340944398,18.87187820658543,4.118811881188119,5.124022346368714,4.811881188118812,5.6558659217877105,8.930693069306932,10.779888268156425,21.85148514851485,19.58659217877095,1,6.410954950523452,7.598265940005904,14.00922089052936,26.69943459731764,5.81410760501357,5.533214511881278,11.34732211689484,17.51059326979782,259.0,232.4,205.8,259.4,222.0,294.3333333333334,362.2,328.8,348.8,365.4,316.8,259.6666666666667,47.4,28.8,52.2,78.0,77.2,57.4,65.8,66.0,71.4,30.0,276.8,259.2,247.0,298.8,245.0,321.3333333333334,354.6,362.6,398.4,371.4,373.4,247.3333333333333,41.6,31.6,52.6,75.0,80.2,71.4,67.2,59.0,76.6,27.66666666666667,0.2166076105376676,0.28283694,4.61664295874822,0.0845417031906581,0.0845417031906581,medium
3886,2013/2014,32,10,5,7.504134624678625,4.372000573334763,13,2,9.386087106897106,4.339974813847014,23,7,16.589173498376088,8.453579115735005,29,12,24.139268036785502,21.566162583637137,4.752577319587629,5.9405940594059405,5.216494845360825,6.841584158415841,9.969072164948454,12.782178217821782,18.670103092783506,22.534653465346533,0,4.308335958788165,6.138454956436448,10.44679091522461,20.6634479914289,4.760302723932599,5.686917133714076,10.44721985764667,16.15998120004608,251.8,237.4,220.4,271.0,219.4,307.3333333333334,364.6,340.4,340.6,367.6,334.2,330.6666666666666,47.6,30.2,47.6,73.6,78.0,71.2,73.6,61.0,73.4,26.33333333333333,245.4,247.4,220.2,256.0,226.2,326.0,340.8,310.4,368.2,394.8,355.2,180.3333333333333,42.4,31.6,56.8,82.4,76.0,69.4,82.8,75.2,84.4,25.33333333333333,0.371648526679055,0.023642475,2.6907142857142854,-0.5538397928433085,-0.5538397928433085,hard
3887,2013/2014,32,6,6,6.337524918373616,3.7696652374103934,5,0,5.962105748601724,2.845712354192509,11,6,11.885355320992211,6.147809766378218,25,20,27.645170534178842,14.407244537777661,7.0594059405940595,5.48,6.96039603960396,5.61,14.01980198019802,11.09,22.693069306930692,19.65,1,7.10711223135862,6.672604465345088,13.77971669670372,21.71332779459299,4.810006198555732,5.87169421220239,10.68170041075812,15.48020358197677,271.2,243.2,215.4,281.6,229.6,307.0,301.0,279.6,299.2,293.6,287.0,251.3333333333333,42.2,29.6,64.2,81.2,144.4,127.2,125.2,137.8,139.8,46.0,271.4,239.6,219.0,253.4,223.2,299.3333333333333,284.8,258.4,276.6,300.8,256.2,217.6666666666667,45.6,31.0,53.8,76.6,130.6,114.8,107.0,143.0,117.4,55.33333333333334,0.6521739130434783,0.709262,1.5333333333333332,0.16412828862667075,0.16412828862667075,medium
3888,2013/2014,32,5,5,8.732365729978303,4.366905025552642,5,1,8.472772617787665,2.829548244461667,10,6,17.662873777920517,7.009570350572825,22,13,32.151740460444614,19.881332702369345,5.395833333333333,5.2471783295711045,5.552083333333333,5.479683972911965,10.947916666666666,10.72686230248307,18.541666666666668,19.33860045146727,0,7.334111195068785,7.459434327626072,14.79354552269485,24.09831234537864,5.997564578350816,4.495698821918984,10.4932634002698,16.3658877078682,255.0,240.6,215.4,239.4,228.0,264.0,352.0,347.6,356.0,372.8,342.0,290.6666666666667,43.0,27.4,52.8,77.6,62.4,54.4,63.0,72.2,58.2,24.0,257.0,249.2,224.2,266.2,219.2,294.6666666666666,357.0,336.8,346.0,358.6,339.0,249.0,51.0,31.2,47.6,71.8,78.2,70.2,63.8,70.6,71.0,50.33333333333334,0.4665629860031104,0.09218277,2.1433333333333335,-0.7018264814038316,-0.7018264814038316,hard
3889,2013/2014,33,4,10,6.563898471264463,4.1619946004123936,4,3,5.751555369969555,3.2577154924730403,8,13,12.400510258887381,6.849857895770418,19,23,28.0461694802109,12.389545887842882,4.876190476190477,4.7611940298507465,5.523809523809524,5.268656716417911,10.4,10.029850746268657,18.37142857142857,17.91044776119403,0,7.419337250453453,7.822204975535379,15.24154222598884,23.83866990997418,4.637401958265286,4.29903636253592,8.936438320801203,11.2662637920341,291.2,245.4,214.2,263.6,218.8,290.0,205.2,201.6,207.0,223.6,176.0,176.3333333333333,45.8,30.6,51.4,75.6,214.4,178.4,177.8,216.2,201.4,84.66666666666667,288.8,262.2,255.8,286.4,250.4,313.0,298.4,285.8,295.2,311.6,270.6,244.0,43.6,33.6,53.0,78.2,155.2,129.0,133.2,161.0,152.2,38.66666666666667,0.4549295774647887,0.9480251,2.198142414860681,0.9046455458461161,0.9046455458461161,easy
3890,2013/2014,33,6,7,6.461810740472296,5.510889142258801,8,2,6.6180888572228005,5.910540548513571,14,9,13.337397747952062,11.303792625171859,38,9,31.160129516043398,20.709814799279577,5.244692737430166,5.043575418994413,5.434636871508381,5.494972067039107,10.679329608938547,10.53854748603352,19.27486033519553,18.490502793296088,0,6.491835088536,6.44529651878565,12.93713160732165,24.25410856202391,5.369386468255078,4.990280520683657,10.35966698893873,17.72778726619068,281.2,268.0,243.0,280.6,250.4,310.6666666666666,360.0,338.0,353.0,367.6,351.4,243.0,43.4,30.2,55.0,80.0,71.8,61.4,64.6,68.4,66.8,11.0,283.8,272.2,252.0,266.6,262.8,333.6666666666667,368.8,344.8,381.0,402.0,368.0,232.6666666666667,36.4,25.8,56.4,81.6,76.8,72.4,76.4,85.4,77.0,31.33333333333333,0.287595030595216,0.012720097,3.477111540941328,-0.385840838188417,-0.385840838188417,medium
3891,2013/2014,33,8,3,9.219050895981457,3.8862850196221705,8,1,8.01978776097959,2.699183233128538,16,4,17.412889216050196,6.984419377279833,21,7,26.15450088250587,7.753822451034524,6.578431372549019,4.1568627450980395,6.235294117647059,4.823529411764706,12.813725490196079,8.980392156862745,19.333333333333332,21.833333333333332,1,8.35389371481492,8.275523234943059,16.62941694975799,28.10912798925187,4.216886526614026,3.891193460116046,8.108079986730068,18.6078893191713,262.4,251.4,224.6,256.8,234.2,307.6666666666666,349.2,334.2,348.6,361.4,350.6,266.3333333333333,38.4,22.4,56.8,74.0,71.4,63.6,78.2,65.4,84.4,11.66666666666667,254.4,239.0,211.2,244.8,227.6,287.6666666666667,288.0,272.0,280.0,277.2,249.8,247.6666666666667,46.4,29.4,50.2,71.6,149.2,125.6,123.0,135.0,147.2,60.00000000000001,0.4521801543154494,0.95247227,2.211507936507937,0.9132420432751116,0.9132420432751116,easy
3892,2013/2014,33,11,8,7.400615473928379,7.242079960734035,2,6,3.934553066718366,4.546433945054371,13,14,11.41208072909722,12.211349943723365,14,23,22.2600703765532,21.843634236823032,6.882352941176471,7.051546391752577,6.333333333333333,6.34020618556701,13.215686274509803,13.391752577319588,22.19607843137255,23.515463917525775,1,6.628738615435168,7.715940526350465,14.34467914178563,23.26939940426728,5.626623517417919,4.251412555955845,9.878036073373778,17.59183965819492,268.6,237.0,224.8,276.8,226.6,286.3333333333333,289.6,269.6,281.8,266.6,262.8,239.3333333333334,46.4,24.8,52.2,73.6,139.2,112.8,129.0,145.2,128.2,71.0,232.2,211.0,204.8,259.8,194.6,290.3333333333333,349.8,330.2,342.2,367.6,318.8,297.3333333333333,48.6,30.4,56.6,65.2,67.2,57.8,56.6,79.8,68.8,34.0,0.3987730061349692,0.9513208,2.5076923076923086,0.9190336204304987,0.9190336204304987,easy
3893,2013/2014,33,3,4,4.24273243144669,5.569486403110686,5,9,4.927830696222332,4.779159759812195,8,13,8.843880946689803,10.807936398755237,25,21,23.089536324368794,20.061750961948533,5.112831858407079,7.049019607843137,5.629424778761063,6.9411764705882355,10.742256637168142,13.990196078431373,19.511061946902654,22.715686274509803,1,5.641572682353264,6.607663145428576,12.24923582778184,26.78893822929904,5.266531606909654,5.479505225133623,10.74603683204327,16.70451536605303,264.2,263.2,245.6,272.0,241.0,336.0,371.4,357.6,392.0,389.4,365.8,260.3333333333334,40.8,30.4,56.0,81.2,76.0,70.0,82.8,76.0,84.6,25.33333333333333,252.8,217.4,189.0,259.0,187.8,273.3333333333333,335.2,284.0,318.6,348.4,294.2,231.6666666666667,43.0,22.0,54.2,71.8,76.4,68.8,71.6,69.6,74.4,44.0,0.7996572897329717,0.87655824,1.250535714285714,0.383847030884694,0.383847030884694,medium
3894,2013/2014,33,4,1,4.732797524678534,4.16034754429868,7,3,6.327571587720469,5.688143524434832,11,4,11.429213924538566,9.877378510375308,16,22,28.170067970577982,17.695142082564768,5.867924528301887,7.21,6.367924528301887,7.25,12.235849056603774,14.46,21.31132075471698,22.24,1,8.510963859904242,7.291848233466926,15.80281209337116,21.34924568473748,3.895970838724394,5.28431930149518,9.180290140219572,18.05557918857384,245.6,229.8,212.8,268.0,216.4,301.0,377.4,332.8,335.0,369.8,349.4,228.3333333333333,48.2,29.6,47.8,73.6,78.6,68.4,65.2,62.4,71.6,24.0,266.8,239.4,215.0,240.2,211.2,299.0,355.6,342.2,342.4,362.8,343.2,292.0,45.2,30.6,54.0,72.4,72.4,57.8,61.2,76.0,69.8,20.66666666666667,0.5253859743451877,0.9721762,1.9033625730994155,0.9413759301136683,0.9413759301136683,easy
3895,2013/2014,33,6,0,8.439492658286717,3.883673781022286,8,6,7.372885215509421,4.7008487447789,14,6,16.602082652280192,8.277983778287846,30,20,31.03354003800414,19.779724869405406,6.247422680412371,6.1521739130434785,6.134020618556701,6.271739130434782,12.381443298969073,12.423913043478262,19.371134020618555,25.02173913043478,0,4.639682756287206,5.828492291371315,10.46817504765852,24.93579324474621,5.77948097542645,4.886819396613366,10.66630037203982,19.80762454609554,256.8,245.4,216.0,242.6,223.8,305.6666666666667,366.8,337.8,343.4,347.0,335.4,291.0,42.0,32.6,65.4,79.8,80.4,66.8,57.8,70.0,68.2,35.66666666666666,293.0,272.8,262.4,269.2,252.2,320.6666666666667,315.4,290.2,307.4,302.6,296.0,257.3333333333333,43.8,31.6,65.0,82.0,158.0,133.0,152.6,148.0,153.2,58.33333333333334,0.1629629629629629,0.04186447,6.136363636363639,-0.1446751940303143,-0.1446751940303143,medium
3896,2013/2014,33,4,5,5.672416543827392,5.546867451935084,8,2,4.114080879965595,4.377718264866986,12,7,9.770623081218659,9.442675382538738,30,7,23.333512263835267,23.238230779380658,5.485148514851486,5.391752577319588,5.554455445544554,5.546391752577319,11.03960396039604,10.938144329896907,19.653465346534652,18.577319587628867,0,7.19956050954225,8.707554709707054,15.90711521924931,21.86524185927754,4.52220138765189,3.333819459642708,7.856020847294594,17.12170191325291,263.2,240.4,218.8,263.4,202.8,298.3333333333334,336.8,322.8,329.6,381.0,315.4,257.3333333333333,45.0,23.4,65.8,79.8,84.0,66.8,64.0,75.4,70.4,31.66666666666667,258.4,244.8,216.2,274.6,214.6,319.6666666666666,358.2,332.0,378.2,378.2,345.8,271.3333333333334,50.8,28.2,61.6,77.8,74.0,61.4,71.0,80.0,72.0,17.0,0.2784810126582278,0.033907022,3.5909090909090917,-0.3389709791201247,-0.3389709791201247,medium
3897,2013/2014,33,14,4,7.427164587353915,3.026516783690533,8,3,7.146832435471261,5.087395739665439,22,7,13.968361700438814,7.927556770642903,23,11,23.22011504249357,14.513001650002728,7.58252427184466,4.8061224489795915,7.368932038834951,5.295918367346939,14.951456310679612,10.10204081632653,21.883495145631066,18.775510204081634,1,6.821863484133749,8.370271430485069,15.19213491461882,26.52019056634674,5.174435930556729,4.725162714300995,9.899598644857726,10.82513610539181,290.8,265.8,242.6,286.0,236.0,313.6666666666666,369.8,320.4,368.2,381.6,352.0,256.6666666666666,40.0,24.8,62.8,83.0,79.0,68.4,72.2,76.8,77.0,39.66666666666666,266.8,243.8,223.6,257.6,216.4,294.0,299.4,257.2,270.0,291.6,256.2,185.0,46.4,31.2,47.8,77.0,150.2,128.4,127.0,139.0,141.8,54.33333333333333,0.6727152024784244,0.8934468,1.4865131578947368,0.6744327945754366,0.6744327945754366,medium
3898,2013/2014,33,2,7,3.5965901493454706,7.19766246914733,6,7,5.259563440579061,9.296361204519812,8,14,8.206299176330548,16.033620230658347,25,13,21.94816252135012,17.576607433039417,5.931372549019608,6.181506849315069,6.794117647058823,6.023972602739727,12.72549019607843,12.205479452054796,22.431372549019606,21.363013698630134,0,5.373515394313246,5.07159409349342,10.44510948780667,18.07460177307227,5.824262678435407,6.579229505500783,12.40349218393619,14.69759650411175,265.6,255.6,233.0,266.4,238.6,329.3333333333334,345.4,346.2,367.4,383.4,335.6,275.0,39.2,37.4,53.4,77.8,77.8,70.0,68.8,60.2,77.2,26.66666666666667,257.4,244.0,218.0,242.8,226.0,305.6666666666667,374.0,339.6,342.2,345.4,342.2,276.3333333333333,41.8,30.6,64.0,80.4,80.4,66.8,57.8,66.4,68.2,35.66666666666666,0.7168214090660842,0.05281932,1.3950476190476189,-2.3448174282793492,-2.3448174282793492,hard
3899,2013/2014,34,6,3,8.937988408598015,3.1494205325348537,2,7,8.719976320077912,2.444937831792784,8,10,17.17765880244924,5.902892633118976,17,26,28.49774058759866,19.486577262516946,7.061224489795919,5.893203883495145,6.336734693877551,6.786407766990291,13.39795918367347,12.679611650485437,23.510204081632654,22.45631067961165,1,8.082425233607696,6.845173778513354,14.92759901212105,22.6737540725609,4.9187604969125,5.474144134457974,10.39290463137048,17.16097396487168,234.2,215.8,209.0,257.4,198.4,293.0,351.8,342.0,347.6,376.4,335.2,289.3333333333333,41.6,27.6,58.4,72.6,68.6,58.4,56.6,80.2,69.6,34.0,288.2,258.0,237.4,279.8,236.2,316.0,371.8,325.8,373.4,382.4,353.8,265.3333333333333,42.2,29.6,63.4,81.8,79.4,69.4,71.0,76.2,76.6,36.33333333333334,0.2171071327081557,0.95278543,4.606020942408377,0.9396921729219371,0.9396921729219371,easy
3900,2013/2014,34,3,5,5.597508663828053,3.622289239360886,9,2,4.815086677910122,6.592794419135215,12,7,10.337313179912735,10.857367795356655,21,22,19.33063604177749,19.781597992415747,5.063053097345132,4.867924528301887,5.460176991150444,5.509433962264151,10.523230088495575,10.377358490566039,18.396017699115042,18.37735849056604,1,5.928373668259302,8.30798091342206,14.23635458168136,23.45705630886913,5.733110822776063,4.920724668298641,10.65383549107472,17.67739186270499,281.4,264.2,230.4,261.2,250.0,336.3333333333334,363.4,336.8,379.0,396.6,359.4,253.3333333333333,36.2,28.2,56.2,81.6,76.2,71.6,76.4,85.4,77.0,31.33333333333333,270.2,256.6,236.0,255.4,245.8,315.0,348.0,333.8,345.0,353.0,346.8,282.6666666666667,42.2,26.8,56.8,74.0,72.0,54.8,59.4,74.6,72.2,23.33333333333333,0.7493890849850665,0.3093429,1.3344202898550726,-1.7558940571862975,-1.7558940571862975,hard
3901,2013/2014,34,5,7,6.496819171418312,6.2541213506514755,8,8,6.0066292591523585,3.7142138560908045,13,15,12.937122713440193,9.346692800127975,26,30,26.710455239688773,20.563429902195317,4.838235294117647,5.470588235294118,5.235294117647059,5.578431372549019,10.073529411764707,11.049019607843137,17.985294117647058,19.754901960784313,1,6.407525793101636,7.018723003105924,13.42624879620756,23.77986998848401,5.427300774415857,4.519941182750516,9.947241957166359,15.64062258846358,254.2,220.6,189.4,253.4,191.4,283.3333333333333,211.0,196.8,203.4,209.0,200.2,173.0,45.8,25.6,54.2,74.0,225.2,195.8,208.8,221.8,209.0,123.3333333333333,265.4,243.8,225.6,269.4,213.2,299.6666666666667,345.4,323.8,318.6,369.6,306.0,262.6666666666666,46.4,27.8,64.8,80.2,68.8,60.4,65.6,73.4,62.0,29.0,0.2789425706472197,0.9126378,3.5849673202614376,0.8788415919965799,0.8788415919965799,easy
3902,2013/2014,34,1,6,4.734233115191017,5.474204673925847,5,3,6.206480920466355,7.365635712701907,6,9,10.921251407356507,12.503338092235856,14,23,15.19130094609301,17.399485258262104,6.189830508474576,5.850467289719626,6.033898305084747,6.373831775700935,12.223728813559323,12.22429906542056,21.277966101694915,21.261682242990656,1,5.693889659104195,7.796659116081771,13.49054877518597,18.42801314595928,4.778517884278356,4.689910806137036,9.4684286904154,13.97400179186685,283.0,242.4,226.2,256.4,222.8,329.6666666666667,363.4,341.8,374.2,375.8,349.0,268.3333333333333,52.8,31.4,60.6,79.8,74.0,61.8,71.0,80.2,72.4,24.66666666666667,249.4,231.2,212.0,265.4,215.2,300.3333333333333,380.6,333.2,333.6,370.2,348.2,229.6666666666667,47.6,30.2,47.6,73.2,78.6,70.4,69.0,61.8,72.2,26.33333333333333,0.6074766355140188,0.9610267,1.646153846153846,0.9007109502951304,0.9007109502951304,easy
3903,2013/2014,34,9,1,6.065321175465643,3.2780820564404527,6,0,7.180141489730171,4.378236709641833,15,1,13.288172688499177,7.275994792627593,22,10,28.705531507840703,21.0444047719494,6.086021505376344,5.092004381161006,6.268817204301075,5.623220153340637,12.35483870967742,10.715224534501644,24.967741935483872,19.565169769989044,1,7.411981341457983,8.203673476316924,15.61565481777491,23.20638986084789,5.396968408319571,5.048041033832548,10.44500944215211,16.53538269304988,285.8,265.8,261.2,270.8,245.2,328.0,370.8,348.0,394.2,412.6,374.0,235.0,46.2,32.4,65.0,81.6,80.2,66.8,71.6,68.8,74.4,27.0,252.0,252.0,223.0,256.4,229.6,337.6666666666667,378.8,364.2,384.4,379.2,376.2,268.6666666666667,42.4,31.6,56.4,81.6,78.0,61.4,68.4,78.8,76.8,30.33333333333333,0.4428364688856729,0.9416818,2.258169934640523,0.8953301957675388,0.8953301957675388,easy
3904,2013/2014,34,9,3,8.060687163045033,2.8360343508919397,12,2,7.997959550311128,2.2163717147595565,21,5,15.857332999698599,4.691904455934609,33,12,24.85487051881013,18.347951935956402,7.148514851485149,5.25221238938053,7.207920792079208,5.460176991150444,14.356435643564357,10.712389380530974,22.237623762376238,19.461283185840706,0,5.842019327140212,7.344306275781666,13.18632560292188,26.74310440836477,4.579040564666955,4.098046634544824,8.677087199211774,13.55441728546526,288.8,260.6,254.8,283.0,250.4,310.6666666666666,225.2,219.4,217.4,228.0,195.8,213.6666666666667,43.6,32.8,53.0,78.2,230.6,193.8,213.8,240.4,226.8,78.66666666666667,256.0,232.8,221.0,281.0,218.8,276.3333333333334,288.0,263.8,283.4,278.0,264.2,243.6666666666667,48.8,29.0,52.2,73.8,141.2,115.6,130.8,146.4,130.0,71.0,0.526711813393529,0.49466646,1.8985714285714284,-0.06770791480575354,-0.06770791480575354,medium
3905,2013/2014,34,2,7,4.290015896354696,7.318928051355181,6,6,4.6405725374752755,5.193210579144201,8,13,9.162095248164643,11.992225355527552,24,25,17.93442699835949,18.42315573267532,4.145631067961165,6.244897959183674,4.786407766990291,6.153061224489796,8.932038834951456,12.39795918367347,21.689320388349515,19.479591836734695,1,7.189399774273717,8.118362451124547,15.30776222539827,27.32649538577427,6.306268399487521,4.51735511540677,10.82362351489429,18.03994817951496,265.2,244.0,220.0,256.8,225.4,299.6666666666667,286.2,259.0,276.2,291.2,251.4,190.3333333333333,51.4,33.4,51.8,77.0,150.2,128.4,126.2,139.4,143.0,58.66666666666667,289.0,256.8,249.8,258.0,246.0,279.3333333333333,356.2,313.6,333.2,384.8,315.2,233.6666666666667,45.6,31.2,51.8,77.6,81.8,68.2,61.6,69.8,73.0,26.66666666666667,0.407185628742515,0.36922684,2.455882352941176,-0.06403150733071149,-0.06403150733071149,medium
3906,2013/2014,34,14,9,8.117561922168449,9.026832961708237,8,11,7.253191563505714,4.151244868816828,22,20,16.554584225620466,13.251239793578199,20,22,21.629656531471156,12.29420175051661,4.797979797979798,6.922330097087379,5.2727272727272725,6.29126213592233,10.070707070707071,13.21359223300971,18.696969696969695,22.116504854368934,0,5.410963303659237,5.852068259694205,11.26303156335345,22.14942361635741,5.375153169917088,5.429645778090965,10.80479894800806,17.99262943989912,254.4,238.2,212.2,244.0,227.6,286.0,348.8,338.6,349.2,383.0,334.4,259.3333333333333,49.2,31.8,50.2,71.6,78.4,62.0,71.2,69.4,77.0,24.0,263.4,229.8,216.6,261.8,207.2,286.6666666666667,281.8,281.8,301.0,300.4,268.6,226.3333333333334,46.2,31.8,50.8,74.8,146.0,124.4,118.8,147.8,142.8,47.0,0.478231748158071,0.04932235,2.0910364145658265,-0.822030446859165,-0.822030446859165,hard
3907,2013/2014,34,5,8,5.501193236245164,6.864714337303102,3,11,6.633335584250895,5.687946649899561,8,19,12.231550445619481,12.48514965929582,15,28,20.906499955305527,19.877742465115034,7.019417475728155,6.592233009708738,6.961165048543689,6.252427184466019,13.980582524271844,12.844660194174757,22.699029126213592,19.349514563106798,0,6.909251470049162,5.817568192141877,12.72681966219104,22.9584631176573,6.373241305757303,4.331578135147711,10.70481944090501,17.83865892218661,268.8,237.4,221.6,250.0,221.8,298.6666666666667,354.4,343.2,344.6,356.2,343.0,292.0,45.0,33.2,54.6,72.4,72.4,56.8,61.2,75.2,69.8,25.33333333333333,281.6,270.2,243.4,279.0,252.8,316.3333333333333,286.2,271.2,291.0,284.6,286.8,234.0,44.4,32.8,55.6,80.0,71.8,64.2,64.6,67.8,66.2,25.0,0.2962962962962963,0.097909026,3.375,-0.2819187496053545,-0.2819187496053545,medium
3908,2013/2014,34,2,9,3.7412986296036443,5.887690389754075,1,6,4.726286410485802,4.775535866182647,3,15,7.7501169114686475,11.103203682186388,13,35,19.74143825000219,19.78137038304699,5.387755102040816,7.644230769230769,5.510204081632653,7.375,10.89795918367347,15.01923076923077,18.459183673469386,21.89423076923077,0,8.636443062133111,7.263020700534931,15.89946376266804,26.07484684974947,5.747124965410021,4.19968667404846,9.946811639458492,20.34633405245467,198.8,177.6,151.2,167.0,159.4,225.3333333333333,364.6,335.0,330.2,371.4,298.8,313.6666666666667,45.6,31.2,51.8,77.6,138.2,127.4,113.2,132.4,128.0,56.33333333333334,285.8,265.8,261.2,270.8,245.2,328.0,306.0,293.8,321.2,310.4,297.8,254.6666666666667,46.2,32.4,49.8,81.6,156.2,133.2,141.4,137.0,152.2,53.0,0.149527200163269,0.060829796,6.68774643615408,-0.10429187263966146,-0.10429187263966146,medium
3909,2013/2014,35,4,4,1.3473414101796386,5.296748060792404,4,2,2.9021719428330046,5.936341704899947,8,6,4.0092923411134604,11.36033891454968,20,15,17.926296766340773,18.69336523586041,4.869158878504673,7.166666666666667,5.4766355140186915,7.254901960784314,10.345794392523365,14.42156862745098,18.411214953271028,22.34313725490196,0,4.977825268956511,6.185573724416711,11.16339899337322,17.97704409753193,5.433314686217072,6.187994078429235,11.62130876464631,13.97643483676483,281.6,270.2,243.8,279.0,252.8,316.3333333333333,356.4,339.6,363.2,354.8,355.2,303.0,44.4,32.8,55.6,80.0,76.8,62.6,63.2,66.8,71.2,24.0,288.8,260.6,254.8,283.0,250.4,310.6666666666666,227.4,212.2,195.6,228.8,188.0,224.6666666666667,43.6,32.8,53.0,78.2,226.6,197.4,212.8,240.6,224.8,98.33333333333333,0.5925925925925927,0.03300568,1.6874999999999998,-1.3735315484756778,-1.3735315484756778,hard
3910,2013/2014,35,5,6,6.423600097419713,5.211741851280848,5,8,5.331161393791254,3.9882848541163507,10,14,11.751353971613845,8.891344068011053,20,21,26.5593566765372,16.286597597626955,5.230010952902518,4.125,5.42606790799562,4.798076923076923,10.656078860898138,8.923076923076923,19.387732749178532,21.71153846153846,0,6.786051655851773,6.990530208306639,13.77658186415842,25.23918244945412,5.385334327404745,3.418064801317978,8.803399128722731,18.23485204766926,270.2,256.6,236.0,255.4,245.8,315.0,282.4,272.8,273.0,279.8,273.8,231.3333333333333,42.2,26.8,47.2,74.0,143.4,119.0,137.6,139.8,156.6,48.33333333333333,234.2,216.4,209.0,258.6,198.4,294.3333333333333,281.0,269.8,274.8,298.6,263.6,241.0,41.6,27.6,49.0,72.6,145.4,122.6,127.4,156.6,141.6,59.66666666666667,0.4637985309548793,0.085715875,2.156108597285068,-0.7051130420949359,-0.7051130420949359,hard
3911,2013/2014,35,23,1,10.596407253412927,5.473902376242721,10,4,10.381151177270711,4.134387809152704,33,5,21.21309918239477,10.007793117975773,37,17,25.177199724393134,11.502727719954937,6.605769230769231,4.89,6.298076923076923,5.3,12.903846153846153,10.19,19.432692307692307,18.71,0,6.939940620591047,8.910393413573882,15.85033403416493,24.05004241370693,3.255083112130365,3.355404766022641,6.610487878153016,11.43904107598254,259.2,226.2,198.6,248.4,211.0,285.6666666666666,288.4,265.0,285.4,273.2,268.2,254.6666666666667,48.8,29.0,52.2,73.8,141.2,115.6,130.8,146.4,131.4,71.0,257.8,232.4,216.4,258.8,219.0,301.3333333333333,213.8,211.8,206.2,196.8,207.8,179.3333333333333,45.0,33.2,45.6,72.4,213.0,188.2,199.6,234.6,205.0,138.0,0.4094292803970224,0.08521686,2.442424242424242,-0.5489815241273713,-0.5489815241273713,hard
3912,2013/2014,35,8,7,7.285722544974105,7.110515596602616,8,3,4.972785419177119,5.15356257896563,16,10,12.330457147126026,12.585817300229522,13,27,22.568563343183236,22.93369365366712,6.9423076923076925,6.117021276595745,6.336538461538462,6.26595744680851,13.278846153846153,12.382978723404255,22.115384615384617,24.93617021276596,1,6.173358655661337,7.108490803743058,13.28184945940441,22.69944799213894,5.500260148555883,4.083477327564509,9.58373747612039,14.88417682988721,266.6,247.8,225.4,270.8,243.8,318.6666666666667,368.0,350.8,393.8,391.6,366.4,224.6666666666667,42.4,31.6,56.4,81.6,72.6,65.0,65.0,85.0,74.8,25.33333333333333,254.4,238.2,212.2,244.0,227.6,286.0,353.4,337.6,344.2,375.6,315.6,275.0,49.2,31.8,50.2,71.6,71.2,63.6,51.8,63.8,69.6,41.33333333333334,0.7493890849850665,0.956387,1.3344202898550726,0.8259731959289228,0.8259731959289228,easy
3913,2013/2014,35,6,5,5.455888335830188,5.754368008937655,6,4,4.946646007400611,4.506440867518271,12,9,10.715179809011458,10.236964358932012,30,8,23.5837217133624,17.391689785956377,5.052060737527114,7.05050505050505,5.56832971800434,6.292929292929293,10.620390455531453,13.343434343434344,19.471800433839476,23.444444444444443,0,5.112359133499363,6.406975719385523,11.51933485288487,24.25379443926313,5.505982176286214,5.34514419958901,10.85112637587522,17.97530291999811,250.8,231.2,212.0,266.0,215.2,301.3333333333333,301.2,273.2,283.0,297.2,270.2,251.3333333333333,47.6,30.2,47.6,73.2,156.2,137.0,134.8,133.6,149.2,47.66666666666666,251.4,221.4,197.8,271.6,196.4,283.3333333333333,200.4,189.4,197.0,204.4,195.2,173.6666666666667,45.8,25.6,54.2,74.0,201.0,166.8,191.0,223.6,203.8,97.0,0.6698774080560421,0.016203297,1.4928104575163397,-1.9800950781311304,-1.9800950781311304,hard
3914,2013/2014,35,8,4,6.7708832345229855,2.891164608771798,8,5,7.478655859300398,2.4730762780811917,16,9,14.242013368140988,4.700034762812937,19,15,29.96506173733443,16.085530477651943,5.851851851851852,5.353535353535354,6.342592592592593,5.4646464646464645,12.194444444444445,10.818181818181818,21.27777777777778,18.404040404040405,1,8.502623911280839,9.385838888456467,17.8884627997373,25.42338046871262,4.339673812185061,3.759397211770641,8.099071023955707,13.28662106960826,257.4,244.0,218.0,241.8,226.0,305.6666666666667,374.0,339.6,341.4,343.8,342.2,276.3333333333333,41.8,30.6,56.4,80.4,80.4,66.8,57.8,68.6,68.2,35.66666666666666,258.0,233.2,202.6,258.8,221.0,293.0,374.8,341.0,351.4,356.6,336.2,260.3333333333334,51.4,33.4,51.8,77.6,72.4,70.2,60.2,72.4,69.8,28.66666666666667,0.4982901807523206,0.97756505,2.0068627450980387,0.9552830161695471,0.9552830161695471,easy
3915,2013/2014,35,5,4,6.858318938552507,3.174328138789783,7,4,7.016032333617228,5.199823342708614,12,8,13.985042686832312,8.247626450842937,21,29,28.84303646917536,18.78409954898197,6.252525252525253,7.0,6.151515151515151,6.923076923076923,12.404040404040405,13.923076923076923,19.535353535353536,22.625,0,5.472457840225797,5.765388210841801,11.23784605106759,24.70033074626982,6.537840650167299,5.432710155749534,11.97055080591684,24.19223640773817,261.2,259.4,231.6,251.8,221.4,292.6666666666667,346.4,346.6,371.6,366.4,333.8,292.3333333333334,46.2,31.8,50.8,74.8,79.8,57.6,63.2,65.2,65.0,28.0,206.2,176.2,160.0,194.6,161.0,245.3333333333333,300.4,289.0,291.4,290.0,272.4,293.3333333333333,52.8,31.4,50.6,79.8,225.0,193.8,225.8,244.0,219.4,93.66666666666666,0.1771306438685546,0.019345453,5.64555052790347,-0.19174998805604193,-0.19174998805604193,medium
3916,2013/2014,35,7,4,5.463822886498015,4.540028668301542,3,7,6.315684500654628,5.538955478923138,10,11,11.74736202872014,9.05438136303195,33,6,23.084274848310933,13.016360257674593,5.485436893203883,6.1375838926174495,5.601941747572815,6.023489932885907,11.087378640776699,12.161073825503356,19.854368932038835,21.20469798657718,0,4.589408480443039,5.605612036399084,10.19502051684213,14.90464771603931,6.460552487453461,6.284638318327274,12.74519080578074,16.93017840725441,266.0,236.4,208.0,275.2,195.8,293.0,284.8,259.8,271.0,298.0,237.4,213.3333333333333,46.4,27.8,64.8,80.2,135.6,124.8,129.4,148.6,135.8,89.33333333333331,265.6,256.4,233.4,266.4,238.6,329.3333333333334,345.8,346.2,367.8,384.2,336.2,275.0,39.2,37.4,53.4,77.8,78.2,70.6,69.2,60.2,77.2,26.66666666666667,0.3043478260869565,0.013999216,3.285714285714286,-0.41737612336874,-0.41737612336874,medium
3917,2013/2014,35,4,4,9.581229462140751,3.2830614911387173,7,4,7.515939170150171,3.3051006082795116,11,8,17.984715297278512,6.204654758737137,24,13,33.15442607882281,13.019932297618478,7.6571428571428575,4.840579710144928,7.3619047619047615,5.27536231884058,15.019047619047619,10.115942028985508,22.01904761904762,18.10144927536232,1,7.745414762044589,7.796075791328859,15.54149055337345,23.81496268180644,6.623269815749003,5.718132200598783,12.34140201634779,17.2414691577657,288.2,258.0,237.4,279.8,236.2,316.0,371.8,325.8,373.4,382.4,353.8,265.3333333333333,42.2,29.6,63.4,81.8,79.4,69.4,71.0,76.2,76.6,36.33333333333334,285.2,272.8,251.2,262.0,263.2,335.3333333333334,362.8,348.8,385.6,376.4,364.8,281.3333333333333,36.2,28.2,56.2,81.6,77.0,66.4,73.0,73.8,79.6,25.0,0.3628865979381443,0.9587536,2.7556818181818183,0.9352604825905613,0.9352604825905613,easy
3918,2013/2014,35,7,8,4.493248776097199,5.793182636926749,6,5,6.380948140978902,6.434707440912501,13,13,10.770353770181885,12.068494817972642,43,20,34.14303831326632,15.705527215070381,5.865384615384615,5.042716319824753,6.788461538461538,5.495071193866376,12.653846153846153,10.537787513691129,22.490384615384617,18.42168674698795,0,7.766153293571916,7.107268637734117,14.87342193130604,24.49480071221041,4.961757536422583,5.009783769159479,9.971541305582061,15.26011287860839,234.2,216.4,208.4,263.4,198.4,295.3333333333333,214.4,206.6,198.2,227.0,193.0,189.0,41.6,27.6,49.0,72.6,212.0,185.8,204.0,228.2,212.2,111.6666666666667,279.8,255.0,251.2,270.6,248.6,308.3333333333333,310.0,285.6,278.4,300.6,284.2,266.3333333333333,43.6,32.8,53.0,78.2,154.4,128.4,133.4,158.0,152.2,47.66666666666667,0.3982618552805592,0.030819893,2.5109108159392792,-0.6106343192994312,-0.6106343192994312,hard
3919,2013/2014,36,5,4,5.312675431075191,7.514935499441299,9,4,4.829249674955254,5.548325852333886,14,8,9.778540667764803,13.295777619995084,31,16,23.617363184925615,19.59266347294327,7.03,6.24,6.27,6.16,13.3,12.4,23.29,19.55,1,10.3049584747678,7.7929073998559,18.0978658746237,25.31758408972195,5.065057844752883,4.395528380170736,9.460586224923622,15.77260996669037,256.2,241.4,197.6,225.8,221.6,311.0,350.4,336.8,358.2,343.2,348.6,267.0,42.2,26.8,47.2,74.0,71.4,64.2,78.2,65.2,84.4,25.0,257.4,243.4,218.0,241.8,226.0,304.0,352.6,330.6,346.0,361.6,330.2,266.3333333333333,41.8,30.6,56.4,80.4,77.6,67.6,65.0,70.6,71.0,39.33333333333334,0.4074074074074074,0.38115108,2.4545454545454546,-0.0443075522780418,-0.0443075522780418,medium
3920,2013/2014,36,2,5,2.650321964286686,7.209279661443945,1,5,4.505600499879911,7.009217048141064,3,10,7.098643733018042,14.45576089034227,20,23,20.272069817586882,26.18309605282389,5.071583514099782,5.871559633027523,5.490238611713667,6.3577981651376145,10.56182212581345,12.229357798165138,18.437093275488067,21.256880733944953,0,3.982121472988875,6.363013811162125,10.345135284151,19.66091929840169,5.978762086324001,6.922721721643566,12.90148380796757,20.37800453020633,259.2,226.2,198.6,248.4,211.0,285.6666666666666,295.2,269.2,283.0,271.8,274.0,264.0,48.8,29.0,52.2,73.8,141.2,115.6,130.8,146.4,131.4,71.0,289.0,256.8,249.8,258.0,246.0,279.3333333333333,204.8,204.2,209.2,227.2,177.6,178.0,45.6,31.2,51.8,77.6,212.0,185.4,177.4,208.0,200.2,94.0,0.39871625448367,0.023298081,2.5080492424242427,-0.6243610854063246,-0.6243610854063246,hard
3921,2013/2014,36,3,2,7.142609626900477,4.2578470400765855,5,3,7.612351182505464,4.055973791402946,8,5,15.698888518869797,7.345186086416458,26,13,23.8178678709356,19.03842061705891,4.828571428571428,5.061224489795917,5.257142857142857,5.5725026852846415,10.085714285714285,10.633727175080558,18.02857142857143,19.573576799140707,0,5.951629698868732,7.31959681167235,13.27122651054108,24.09026666958047,4.797645950691155,4.481398097755502,9.279044048446657,19.11998581535404,206.2,176.2,160.0,194.6,161.0,245.3333333333333,363.0,329.6,361.4,384.2,342.8,297.3333333333333,52.8,31.4,50.6,79.8,152.8,136.0,153.2,164.8,151.6,62.33333333333333,256.2,225.8,200.0,258.4,203.8,282.6666666666666,265.6,234.8,252.6,289.4,251.6,189.0,45.8,25.6,54.2,74.0,154.4,137.2,137.4,145.8,145.0,87.66666666666666,0.8126195028680689,0.04334943,1.2305882352941175,-4.105390222401037,-4.105390222401037,hard
3922,2013/2014,36,18,7,5.06654409512115,9.380012756463115,9,2,7.601632317790669,7.662086319812465,27,9,12.649727842655423,17.39201925955802,57,9,10.719176304140067,23.951978231780068,6.116279069767442,6.761904761904762,6.033222591362127,6.333333333333333,12.149501661129568,13.095238095238095,21.0531561461794,19.6,0,4.502593640273572,8.268838998592479,12.77143263886605,16.47791536664145,3.988684490547231,4.747063391238675,8.735747881785917,12.21646365561378,295.4,273.8,272.0,265.4,259.2,331.0,379.2,365.8,402.2,399.4,380.2,266.6666666666666,46.2,32.4,49.8,81.0,80.2,66.8,71.6,68.8,74.4,27.0,282.0,270.2,243.8,279.6,252.8,316.3333333333333,282.4,264.0,286.6,298.4,282.0,225.6666666666667,44.4,32.8,55.6,80.0,76.8,62.6,63.2,66.8,71.2,24.0,0.5878012163159367,0.038339876,1.7012554112554115,-1.3330009101554667,-1.3330009101554667,hard
3923,2013/2014,36,12,4,5.7378351594312775,4.54087956489581,7,6,5.783738994314575,4.010770604879445,19,10,11.186122906638825,8.477998098890305,20,19,27.480769795858617,21.227460932102744,6.126315789473685,5.5,6.231578947368421,5.576923076923077,12.357894736842105,11.076923076923077,24.957894736842107,19.98076923076923,1,8.173637693129628,8.173848032961057,16.3474857260907,24.43399291717855,5.109019729922931,4.691748858423964,9.800768588346898,16.63889954809585,272.4,241.6,212.6,263.2,230.2,300.0,375.0,341.0,351.6,357.2,336.4,260.3333333333334,51.4,33.4,51.8,77.6,71.2,64.2,60.0,71.2,69.6,28.66666666666667,285.2,272.8,251.2,262.0,263.2,335.3333333333334,364.2,350.6,392.4,398.4,377.2,233.3333333333333,36.2,28.2,56.2,81.6,81.0,68.6,69.0,73.2,75.6,40.66666666666666,0.1506626365961404,0.86341715,6.637345679012347,0.8391889285754087,0.8391889285754087,easy
3924,2013/2014,36,9,4,9.11389152292644,4.480751186210053,4,3,8.103964339994349,3.568351391785823,13,7,17.768724369763223,7.938842570409761,22,24,24.151525764868573,14.191691885673551,7.135922330097087,6.9523809523809526,7.203883495145631,6.352380952380952,14.339805825242719,13.304761904761905,22.271844660194176,22.02857142857143,1,5.8578237708783,6.743152902970913,12.60097667384922,22.99256153133532,5.038866082032742,4.710199202072982,9.749065284105736,17.81866350366294,260.0,237.4,224.4,254.8,219.6,296.6666666666666,378.8,339.8,348.8,369.0,347.2,272.6666666666666,47.6,30.2,47.6,73.2,78.6,70.4,69.0,61.8,72.2,26.33333333333333,268.4,240.4,219.8,265.8,209.4,297.3333333333334,346.0,324.8,319.6,369.8,306.6,262.6666666666666,46.4,27.8,64.8,80.2,83.6,66.6,64.0,74.6,70.4,31.66666666666667,0.4645476772616137,0.9242012,2.1526315789473682,0.8584396662233084,0.8584396662233084,easy
3925,2013/2014,36,7,9,2.3449277741507464,6.55602876392628,10,4,2.95841425587706,5.764847319068929,17,13,4.887710168758798,12.531810003473415,23,22,16.22456846286292,20.192620427844965,4.142857142857143,7.622641509433962,4.828571428571428,7.3584905660377355,8.971428571428572,14.981132075471699,21.704761904761906,22.037735849056602,0,8.471612753667452,7.094556598929355,15.56616935259681,30.12076023903158,5.683484095061027,4.39536694981897,10.07885104488,19.23387340898184,250.8,234.2,229.4,267.4,212.8,284.3333333333334,353.0,350.0,364.8,369.8,329.4,304.6666666666667,46.2,31.8,50.8,74.8,79.8,57.6,63.2,65.2,65.0,28.0,268.8,256.2,247.2,274.0,250.6,298.3333333333334,347.8,335.4,379.0,376.4,347.8,200.3333333333333,42.4,31.6,56.4,81.6,76.0,70.0,82.8,75.6,84.8,25.33333333333333,0.1629629629629629,0.03785524,6.136363636363639,-0.14946497195457978,-0.14946497195457978,medium
3926,2013/2014,36,7,2,8.433908970789458,9.049718955173535,9,4,8.413207216861412,5.332192882711873,16,6,17.479021117609236,15.313584113065533,21,20,26.04811387111232,17.71159503819998,4.851485148514851,5.227765726681127,5.287128712871287,5.421908893709329,10.138613861386139,10.649674620390456,18.693069306930692,19.393709327548805,1,6.026411097643582,7.887298127673047,13.91370922531662,26.67576877432383,4.021702178108966,4.655495222627699,8.677197400736661,13.29909113888425,288.2,258.0,237.4,279.8,236.2,314.3333333333333,371.8,325.8,373.4,382.4,353.8,265.3333333333333,42.2,29.6,63.4,81.8,76.0,61.8,65.6,82.6,71.2,24.33333333333333,266.2,236.0,217.0,251.8,215.2,302.3333333333333,359.8,343.2,354.8,349.8,347.8,290.6666666666666,45.0,33.2,45.6,72.4,73.4,64.4,66.6,72.2,68.2,33.0,0.6790850222857623,0.8717067,1.4725696594427247,0.6002265872820369,0.6002265872820369,medium
3927,2013/2014,36,5,3,5.875739377900451,2.505414485166847,3,4,5.003563381718214,3.54307933194143,8,7,10.387848699802804,6.099380526812295,25,28,23.725368328599775,14.64841822764574,6.9714285714285715,4.861111111111111,6.895238095238096,5.462962962962963,13.866666666666667,10.324074074074074,22.685714285714287,18.425925925925927,1,7.899934253253596,8.127488023056879,16.02742227631047,22.21620458251736,5.149168188622002,4.424414991930604,9.573583180552617,14.73847590697862,254.4,237.2,212.2,244.0,227.6,286.0,348.2,325.0,324.8,363.4,303.8,272.0,49.2,31.8,50.2,71.6,78.4,62.0,71.2,69.4,77.0,24.0,244.0,247.8,227.4,260.4,223.8,321.0,359.2,370.2,393.6,377.4,362.6,297.0,39.2,37.4,53.4,77.8,78.2,70.6,69.2,60.2,77.2,26.66666666666667,0.1990049751243781,0.8601876,5.025,0.8254515876681168,0.8254515876681168,easy
3928,2013/2014,36,10,6,7.921307671256905,2.466685845541432,8,5,7.8784053309943385,3.21600493164034,18,11,15.313395929777723,5.748618868171656,26,38,22.946526913351434,25.302529132931593,5.34,5.876190476190477,5.46,6.780952380952381,10.8,12.657142857142857,18.37,22.685714285714287,1,7.031310172519465,6.702122402264415,13.73343257478387,20.43613696427977,5.500001282548365,5.282248613632357,10.78224989618072,17.64371003124182,265.6,256.6,233.4,266.2,238.6,329.6666666666667,357.2,366.0,404.2,390.6,364.4,259.3333333333333,39.2,37.4,53.4,77.8,78.2,70.6,69.2,60.2,77.2,26.66666666666667,272.4,241.6,212.6,263.2,230.2,300.0,375.0,341.0,351.6,357.2,336.4,260.3333333333334,51.4,33.4,51.8,77.6,75.8,58.8,59.4,75.0,69.0,24.0,0.7561436672967865,0.9537679,1.3224999999999998,0.8104125335235003,0.8104125335235003,easy
3929,2013/2014,37,5,2,6.566386600929774,5.848071454718395,8,9,4.845102128097574,4.1348655223042226,13,11,11.537465604200625,10.534422220525823,27,25,25.842481829677105,15.509867701945963,7.00990099009901,5.3861386138613865,6.297029702970297,5.485148514851486,13.306930693069306,10.871287128712872,23.366336633663366,18.445544554455445,1,10.0948764498505,9.809500209405538,19.90437665925606,29.80700511161677,4.61525475280288,3.304974934278994,7.920229687081878,13.4763630698645,280.8,244.6,226.2,247.0,225.6,281.3333333333333,204.8,204.2,209.2,227.2,177.6,178.0,45.6,31.2,51.8,77.6,212.0,185.4,177.4,208.0,200.2,94.0,295.6,253.6,239.4,285.8,238.0,317.0,373.6,338.6,361.0,367.8,348.8,298.0,42.2,29.6,63.4,81.8,79.4,69.4,71.0,76.2,76.4,36.33333333333334,0.2442553191489361,0.6947543,4.094076655052266,0.5960994430624688,0.5960994430624688,medium
3930,2013/2014,37,5,5,4.189036886845659,2.682699090404056,5,4,5.496306396512333,1.8423394664544723,10,9,9.095205049352227,3.788528840488892,20,23,21.467484105107577,13.114293361362055,4.844036697247707,5.03191489361702,5.4495412844036695,5.547872340425533,10.293577981651376,10.579787234042554,18.513761467889907,19.51063829787234,1,5.880390268809263,7.288473499234815,13.16886376804408,21.03158044209015,5.717002814167637,5.47834350764156,11.19534632180919,16.65310633502955,279.0,259.4,244.6,256.0,252.4,323.6666666666667,358.2,351.2,397.6,405.4,374.0,213.6666666666667,36.2,28.2,56.2,81.6,76.2,71.6,76.2,85.4,77.0,31.33333333333333,234.2,216.4,208.4,263.4,198.4,295.3333333333333,361.2,332.8,341.6,362.2,318.0,321.0,41.6,27.6,49.0,72.6,76.8,64.2,70.8,76.4,72.0,25.66666666666667,0.7839195979899497,0.9285428,1.2756410256410258,0.6693026922469916,0.6693026922469916,medium
3931,2013/2014,37,13,2,10.121662227146594,5.415236760555885,12,3,8.720950800714363,3.2819146074534773,25,5,19.523730295163993,9.008772281015903,32,12,24.480210949076007,23.245182875532876,6.764150943396227,5.485714285714286,6.2924528301886795,5.580952380952381,13.056603773584905,11.066666666666666,19.5,19.97142857142857,0,6.289921711715847,8.408390338181679,14.69831204989752,22.86805952589317,3.550907817143004,4.548921056554614,8.099828873697623,14.33797089564557,256.2,225.8,200.0,258.4,203.8,282.6666666666666,271.8,242.0,262.4,281.6,238.4,210.6666666666666,45.8,25.6,54.2,74.0,135.2,101.6,121.6,154.0,122.0,52.0,261.6,246.6,225.8,249.6,233.8,306.0,362.4,347.8,363.6,341.0,368.2,279.3333333333333,42.4,27.4,43.0,79.2,72.0,54.8,59.4,74.6,72.2,23.33333333333333,0.3551797040169133,0.09998494,2.8154761904761907,-0.3957610617162751,-0.3957610617162751,medium
3932,2013/2014,37,4,11,4.636584856144232,7.360619838874463,4,11,4.010294461805051,7.321540126645189,8,22,8.190158406572788,15.145249437379938,21,14,17.882436809541804,24.19739603016411,5.0418904403866796,6.233552631578947,5.4468313641245985,6.062500000000001,10.488721804511279,12.296052631578949,18.45220193340494,21.407894736842103,0,3.417857981061164,4.654261434544827,8.072119415605997,15.25693624218847,6.983433291218326,7.51336065588398,14.49679394710232,17.2346409521632,282.0,270.2,244.0,279.6,253.6,317.0,356.4,339.6,363.6,354.8,355.6,308.0,44.4,32.8,55.6,80.0,76.8,62.6,63.2,66.8,71.2,24.0,259.2,226.2,198.6,248.4,211.0,285.6666666666666,288.4,265.0,285.4,273.2,268.2,254.6666666666667,48.8,29.0,52.2,73.8,141.2,115.6,130.8,146.4,131.4,71.0,0.6741573033707866,0.023543723,1.4833333333333332,-1.9967106588441759,-1.9967106588441759,hard
3933,2013/2014,37,1,7,4.754406661954256,8.053467170098905,4,7,3.827802209342451,5.725165172120624,5,14,8.289416624794283,13.52038830444722,15,13,19.55968168205247,21.207053728089345,6.9245283018867925,5.863636363636363,6.320754716981132,6.345454545454546,13.245283018867925,12.209090909090909,22.047169811320753,21.272727272727273,0,5.031784720535717,5.711679086631202,10.74346380716692,21.55630757760485,5.241015362771784,5.999913554502013,11.24092891727381,20.41617948894779,261.2,247.8,238.8,283.6,251.8,289.3333333333334,359.6,343.0,376.4,370.2,363.6,231.3333333333333,42.4,31.6,56.6,82.0,76.0,70.0,82.8,75.6,84.8,25.33333333333333,251.6,231.2,212.0,267.2,215.2,302.0,376.8,331.8,342.0,376.2,338.0,275.3333333333333,47.6,30.2,47.6,73.2,77.6,66.6,65.8,71.8,77.0,21.33333333333333,0.623392789508307,0.0753552,1.6041250666192932,-1.4551967961838537,-1.4551967961838537,hard
3934,2013/2014,37,4,1,10.384951902652244,4.467620881308184,12,6,6.872135047809596,5.690756479626463,16,7,17.626741143332875,10.076654721067442,45,10,27.75186905684385,17.031316221789183,6.1875,4.872549019607843,6.239583333333333,5.323529411764706,12.427083333333334,10.196078431372548,24.90625,18.715686274509803,0,8.096126045334849,8.777163627619377,16.87328967295424,25.47853173166121,4.3189631191127,4.074794491431146,8.39375761054385,15.37530339010373,273.0,257.0,237.2,272.2,238.8,306.0,388.2,353.0,343.4,380.8,359.6,289.0,43.6,32.8,53.0,78.2,76.0,65.4,80.2,82.4,74.6,31.0,206.2,176.2,160.0,194.6,161.0,245.3333333333333,377.2,339.4,357.2,368.6,349.2,322.3333333333333,52.8,31.4,50.6,79.8,152.8,136.0,153.2,164.8,151.6,62.33333333333333,0.2167851284855112,0.35127887,4.612862547288777,0.17172011687285407,0.17172011687285407,medium
3935,2013/2014,37,10,5,8.718215432032059,2.429191129981199,11,9,9.118990023509582,4.819407694238611,21,14,17.605647366230066,6.818183649379717,27,23,29.654533996392175,20.383339807017016,6.217821782178218,5.196562835660579,6.138613861386139,5.408163265306124,12.356435643564357,10.604726100966703,19.514851485148515,19.39957035445757,1,6.714212286502953,7.321173979305392,14.03538626580834,26.6971491517805,4.902229512416418,3.22471689157954,8.126946403995957,16.24448935705055,246.0,231.8,204.6,245.0,212.8,309.3333333333333,287.0,281.4,272.8,276.2,273.2,216.3333333333333,41.8,30.6,56.4,80.4,140.0,116.0,147.0,158.6,134.8,59.66666666666666,254.4,237.2,212.2,244.0,227.6,286.0,348.2,325.0,324.8,363.4,303.8,272.0,49.2,31.8,50.2,71.6,71.2,63.6,51.8,63.8,69.6,41.33333333333334,0.4247885251930856,0.9483175,2.3541125541125547,0.9101504846607023,0.9101504846607023,easy
3936,2013/2014,37,10,4,6.613659742200994,5.26502252840589,7,3,6.134824049163097,4.033419155788652,17,7,13.439939659718359,9.162597531900504,20,21,24.468061719288947,17.448824431298082,4.169811320754717,4.802816901408451,4.877358490566038,5.253521126760563,9.047169811320755,10.056338028169014,21.71698113207547,18.140845070422536,1,8.04936054529285,8.812179123401002,16.86153966869385,25.82689686099752,4.637435040250916,4.591519644821124,9.228954685072031,15.22836831415612,268.4,240.4,219.8,265.8,209.4,297.3333333333334,341.0,315.8,344.0,389.4,319.4,240.6666666666666,46.4,27.8,64.8,80.2,83.6,66.6,64.0,74.6,70.4,31.66666666666667,256.0,221.8,218.4,261.0,210.6,288.6666666666667,225.4,216.4,215.0,208.0,203.2,207.3333333333333,46.2,31.8,50.8,74.8,209.0,200.6,204.8,235.8,206.2,117.0,0.6045105789351314,0.7427291,1.6542307692307692,0.3494873468417549,0.3494873468417549,medium
3937,2013/2014,37,8,9,3.9694086618281204,4.403547719301418,5,6,3.3698011667172585,4.989553736584548,13,15,7.6628995168640515,9.403383124825648,13,30,23.524506748359354,21.6902339440313,6.952830188679245,7.153846153846154,6.8584905660377355,7.173076923076923,13.81132075471698,14.326923076923077,22.70754716981132,22.26923076923077,0,7.498899190469992,7.022032564780586,14.52093175525058,20.79574114663018,3.97879696770432,4.776087129264151,8.754884096968476,12.95427255873149,266.2,236.0,217.0,251.8,216.2,302.3333333333333,359.2,344.0,355.6,349.6,346.0,290.6666666666666,45.0,33.2,45.6,72.4,73.4,64.4,66.6,72.2,68.2,33.0,278.2,256.6,234.8,285.4,248.2,325.6666666666667,294.0,287.2,325.8,320.8,298.2,214.6666666666667,46.2,32.4,49.8,81.0,156.2,134.2,151.0,156.8,153.8,50.33333333333333,0.1777285138825056,0.035489336,5.626559172497719,-0.1729832339758115,-0.1729832339758115,medium
3938,2013/2014,37,9,6,2.6641083380964177,9.034131817755405,7,4,4.971519512149788,6.9335238055492745,16,10,7.610562459219645,16.282761862128183,27,21,28.55869865793999,24.100950110790528,5.877358490566038,7.635514018691588,6.764150943396227,7.327102803738318,12.641509433962264,14.962616822429906,22.830188679245282,22.037383177570092,1,6.569230660851697,5.422449970082502,11.9916806309342,23.02728410148137,6.403367352804762,5.573907057112971,11.97727440991774,21.32564528120219,280.8,244.6,226.2,247.0,225.6,281.3333333333333,275.8,245.2,268.6,308.0,239.2,197.0,45.6,31.2,51.8,77.6,155.6,127.0,125.8,145.8,146.2,64.33333333333333,282.0,270.2,244.0,279.6,253.6,317.0,357.0,340.2,367.4,359.4,353.6,300.0,44.4,32.8,55.6,80.0,76.8,62.6,63.2,67.2,71.6,24.0,0.2875,0.1728053,3.4782608695652177,-0.16097501939848843,-0.16097501939848843,medium
3939,2013/2014,38,5,12,5.169393447711992,10.864607070890074,4,13,5.969331879905354,9.068035798860256,9,25,11.153863624550056,20.230503640855083,13,31,28.518689232861263,25.036226273994405,5.194680851063828,6.822429906542056,5.442553191489363,6.345794392523365,10.637234042553192,13.16822429906542,19.43404255319149,19.61682242990654,0,4.162973976204709,5.757447787183111,9.920421763387822,20.05034729553901,5.195621154543272,5.602186357198559,10.79780751174183,16.53906930839371,283.0,264.2,230.4,261.2,250.0,336.3333333333334,364.0,352.4,392.8,401.8,377.2,234.0,36.2,28.2,56.2,81.6,77.0,66.4,73.0,73.8,79.6,25.0,250.6,249.0,230.0,272.2,235.0,329.6666666666667,376.0,360.2,395.6,385.0,367.8,294.3333333333333,46.2,32.4,49.8,81.0,75.4,67.4,79.4,88.0,79.4,23.33333333333333,0.4092071611253196,0.21625046,2.4437500000000005,-0.3266063466087562,-0.3266063466087562,medium
3940,2013/2014,38,6,7,7.211339886453393,5.427984388136798,7,4,7.144724839821486,4.626134171817763,13,11,14.764698848296723,9.885581695800585,23,11,33.303372243501244,16.546242643644064,4.791666666666667,5.03191489361702,5.222222222222222,5.432978723404257,10.01388888888889,10.464893617021277,18.180555555555557,18.47659574468085,0,7.226144463445419,6.660004980719139,13.88614944416456,25.26751067258393,5.415522511439766,4.946161261926941,10.36168377336671,18.76366496872612,254.2,222.0,195.4,244.4,201.4,281.6666666666667,340.6,313.2,323.8,346.6,324.2,272.3333333333334,45.8,25.6,54.2,73.2,76.2,68.8,71.0,69.6,74.2,44.0,265.6,257.0,233.4,266.2,239.0,329.6666666666667,359.4,365.0,398.8,381.2,367.8,258.3333333333333,39.2,37.4,53.4,77.8,78.2,71.2,69.4,60.2,77.4,26.66666666666667,0.08858780614903597,0.078471735,11.288235294117646,-0.011099338386657252,-0.011099338386657252,medium
3941,2013/2014,38,7,3,7.267094021802999,6.063359157948067,6,5,5.876009676117624,5.862693799567996,13,8,13.469191400318728,11.888058504566478,16,13,23.580537510777052,14.774117294625185,5.0316122233930445,6.869158878504673,5.533192834562699,6.299065420560748,10.564805057955743,13.16822429906542,19.543730242360375,21.981308411214954,0,3.680495030603878,6.276141456058518,9.956636486662404,18.15708009290677,5.403931723905986,5.716867347632698,11.12079907153869,22.77995027443709,206.2,176.8,160.0,194.6,161.0,244.6666666666667,372.4,351.4,352.8,360.4,338.4,371.6666666666666,52.8,31.4,50.6,79.8,152.8,137.2,153.2,164.8,151.6,62.33333333333333,254.6,238.2,212.6,244.6,227.6,286.0,366.4,337.8,345.2,363.6,327.6,272.0,49.2,31.8,50.2,71.6,71.2,63.6,51.8,63.8,69.6,41.33333333333334,0.674237047551455,0.018073969,1.483157894736842,-2.014234795598293,-2.014234795598293,hard
3942,2013/2014,38,9,3,7.88136244443313,6.193254286578108,5,4,10.130123290883123,4.428291572692379,14,7,19.524193756010558,9.822094262550998,20,11,25.29433043227931,17.174211491686044,6.280130293159609,6.254901960784314,6.110749185667753,6.186274509803922,12.390879478827362,12.441176470588236,21.335504885993483,19.58823529411765,1,8.522299008379095,8.251855505911383,16.77415451429048,21.50295600765084,3.289212649336044,3.951565276488121,7.240777925824168,12.15327886303254,259.2,244.6,212.6,275.4,236.6,323.6666666666667,365.2,350.8,390.8,390.0,364.4,202.0,42.4,31.6,56.6,82.0,76.0,70.0,82.8,75.6,84.8,25.33333333333333,257.4,243.4,218.0,241.8,226.0,304.0,354.6,338.0,338.0,359.0,339.0,264.6666666666667,41.8,30.6,56.4,80.4,64.6,65.6,63.2,56.4,74.2,25.0,0.733822548365577,0.98523915,1.3627272727272728,0.944545070330302,0.944545070330302,easy
3943,2013/2014,38,14,0,8.796586830534995,1.6217393518860406,11,3,9.568006700612838,3.0435129149039133,25,3,17.589661120512346,4.339443309848708,24,16,25.1235436939346,24.97943982368757,5.873873873873874,5.906542056074766,6.351351351351352,6.766355140186916,12.225225225225225,12.672897196261681,21.1981981981982,22.869158878504674,1,8.055863528215095,7.628307713932132,15.68417124214722,22.24549162456724,3.689808529995479,5.361124048274234,9.050932578269705,16.99960262502528,272.4,241.6,213.4,262.6,230.2,299.0,375.4,342.2,351.6,358.0,336.8,263.0,51.4,33.4,51.8,77.6,75.8,58.8,59.4,75.0,69.0,24.0,234.2,216.4,208.4,263.4,198.4,295.3333333333333,356.4,332.8,353.8,375.2,332.4,265.3333333333333,41.6,27.6,49.0,72.0,68.6,58.4,56.6,80.2,69.6,34.0,0.4428364688856729,0.97971034,2.258169934640523,0.9635840137283523,0.9635840137283523,easy
3944,2013/2014,38,5,8,5.844797431356802,5.5893790211658345,4,5,6.001108031462367,4.314389128822173,9,13,12.222575207932918,9.782514838613146,19,17,28.501175777231843,16.551681168208503,5.452830188679245,6.990196078431373,5.556603773584905,6.313725490196078,11.00943396226415,13.303921568627452,19.89622641509434,23.401960784313726,0,3.763490402766168,5.605109492695087,9.368599895461248,13.48674425762862,6.571894369988911,5.606970867728007,12.17886523771692,23.89962225354425,251.6,231.2,212.0,267.8,215.2,303.3333333333334,368.4,330.6,343.0,373.6,327.2,272.0,47.6,30.2,47.6,73.6,78.6,70.4,70.8,61.8,72.2,26.33333333333333,271.4,258.0,219.0,255.8,232.6,306.3333333333333,362.4,347.8,363.6,342.2,370.2,282.3333333333333,42.4,27.4,43.0,79.2,72.0,54.8,59.4,74.6,72.2,23.33333333333333,0.6045105789351314,0.04962505,1.6542307692307692,-1.4030350898400712,-1.4030350898400712,hard
3945,2013/2014,38,5,0,6.234919552829922,2.859966606626181,4,6,7.5004757988475115,3.190807919918275,9,6,13.944437735047739,5.699990648365498,17,17,23.61046509024859,20.750934537795217,7.171428571428572,6.164948453608248,7.161904761904762,6.298969072164948,14.333333333333334,12.463917525773196,22.34285714285714,25.11340206185567,0,5.904191702859469,6.573436615422258,12.47762831828173,26.18953036599434,4.493627062407945,2.856863437373455,7.350490499781397,13.52210011444779,253.0,236.2,213.8,241.4,219.2,295.3333333333334,280.6,276.2,286.2,288.8,259.0,239.6666666666667,46.2,31.8,50.8,74.8,155.6,119.0,116.4,137.4,135.2,50.66666666666667,259.2,247.6,239.0,271.4,238.2,292.3333333333333,232.4,219.0,211.0,223.0,206.2,221.6666666666667,43.6,32.8,53.0,78.2,227.0,197.4,212.8,240.6,224.8,98.33333333333333,0.335407327253053,0.07105146,2.9814494757460537,-0.3977712508891706,-0.3977712508891706,medium
3947,2013/2014,38,8,2,6.2866297235354285,2.7258965927540357,4,3,5.962196197456686,3.9485248581535815,12,5,12.02255061527768,6.96464501407433,17,13,26.28730691709312,12.812462429828571,7.62037037037037,4.845454545454546,7.296296296296297,5.445454545454545,14.916666666666666,10.290909090909091,22.02777777777778,18.527272727272727,1,8.03370691321509,8.365978519312112,16.3996854325272,29.41662444067668,4.258125236284036,4.173424132512034,8.431549368796063,12.33600153633002,295.6,253.6,239.4,285.8,238.0,317.0,361.6,335.8,352.0,389.2,341.8,268.3333333333333,42.2,29.6,63.4,81.8,79.4,69.4,71.0,76.2,76.4,36.33333333333334,319.4,278.0,240.8,322.8,260.2,350.0,278.8,257.6,274.4,252.6,267.8,222.3333333333333,41.8,28.0,49.0,69.2,73.8,68.4,55.0,72.8,62.4,25.0,0.674237047551455,0.9907862,1.483157894736842,0.971716227614542,0.971716227614542,easy
3948,2013/2014,38,11,7,6.410509093060794,4.793973189295405,7,7,5.715211578649258,4.7925069880369815,18,14,12.214715583197162,10.215150073511044,24,12,22.742615975056616,17.57365360062525,5.352941176470588,4.224299065420561,5.519607843137255,4.897196261682243,10.872549019607844,9.121495327102803,18.50980392156863,21.700934579439252,0,6.456041924247735,6.788156641626021,13.24419856587375,20.91906245315276,5.979952131802615,5.206272998074561,11.18622512987718,17.74239540637799,266.4,245.2,229.2,270.4,210.8,303.3333333333334,341.4,315.8,344.0,389.4,319.4,240.6666666666666,46.4,27.8,64.8,80.2,68.8,60.4,65.6,73.4,62.0,29.0,266.2,236.6,217.0,252.2,216.2,302.3333333333333,359.2,344.8,356.0,350.4,346.0,290.6666666666666,45.0,33.2,45.6,72.4,73.4,64.4,66.6,72.8,68.2,33.0,0.5574572127139364,0.041413512,1.793859649122807,-1.1660877320689063,-1.1660877320689063,hard
4009,2014/2015,1,7,3,7.448827892784409,4.192279700581851,5,0,6.293157808216721,4.447010687924059,12,3,13.864783807520494,8.80347881945787,32,9,27.96135031163133,13.767350800851494,6.743243243243243,4.827272727272726,5.972972972972973,5.327272727272726,12.716216216216216,10.154545454545454,23.58108108108108,19.440909090909088,1,10.3483447055334,7.29364554424127,17.64199024977467,34.34529213516891,3.618620249135685,2.983072380823496,6.60169262995919,12.68128613509524,275.2,262.6,253.0,295.4,246.4,316.3333333333333,362.8,367.0,401.0,386.8,366.4,272.0,39.2,32.2,53.4,78.6,68.2,54.4,51.0,64.2,59.8,25.0,256.4,218.6,204.8,236.4,220.6,303.3333333333334,361.4,320.8,337.0,356.2,331.2,247.0,47.0,25.6,54.2,73.4,68.4,57.6,56.4,80.2,69.0,34.0,0.7839195979899497,0.66988426,1.2756410256410258,-0.5277449155962739,-0.5277449155962739,hard
4010,2014/2015,1,1,3,5.5864247328773065,10.599125365785927,4,4,5.699472198916569,8.634268713983738,5,7,11.52047976341467,19.72729236475919,21,15,26.048209361522424,24.30970565821112,5.038167938931298,7.293333333333333,5.338931297709922,6.746666666666667,10.377099236641222,14.04,19.912977099236635,21.586666666666666,0,3.788952142176357,3.512252959767153,7.301205101943518,21.87048376649762,7.264522059610893,6.974916894867227,14.23943895447811,21.76750312522724,258.6,212.2,202.0,263.0,202.0,273.0,351.2,313.4,324.0,347.4,322.0,272.3333333333334,45.4,25.2,60.8,69.8,72.6,59.2,53.2,68.4,60.6,30.0,282.4,265.0,227.6,263.4,245.4,329.6666666666667,366.0,348.4,398.6,395.6,376.6,242.3333333333333,47.4,25.0,56.6,82.4,75.6,73.8,66.0,74.2,75.8,33.66666666666666,0.108359133126935,0.032304943,9.228571428571428,-0.08529688728352389,-0.08529688728352389,medium
4011,2014/2015,1,2,7,8.09124134482177,6.822217233681785,6,4,5.895826562825834,5.6679315051872905,8,11,14.340946097889052,12.130949611988097,18,12,23.714847732255873,17.803719403534068,5.038167938931298,7.25,5.338931297709922,6.421052631578948,10.377099236641222,13.671052631578947,19.912977099236635,23.13157894736842,0,5.543178135631268,5.828594745073619,11.37177288070489,21.44227213758815,6.064356290790889,6.029403977485666,12.09376026827656,21.82682599532033,256.2,216.6,197.2,264.0,192.8,273.6666666666666,262.4,229.0,253.0,295.0,246.6,170.6666666666667,41.8,26.4,51.6,75.6,142.6,112.0,122.2,138.0,132.2,53.33333333333333,269.0,254.8,226.8,269.4,236.6,314.0,359.6,357.8,367.4,369.4,347.0,275.6666666666667,44.4,30.0,55.6,80.0,77.8,64.2,64.4,67.8,72.4,24.0,0.3053892215568862,0.018508375,3.274509803921569,-0.41300949505690865,-0.41300949505690865,medium
4012,2014/2015,1,4,5,6.747550034104383,4.85962366286051,5,4,6.521781646450723,4.010023674578109,9,9,14.533132703148736,8.25908898994367,13,31,17.230498546586553,16.846173701905478,6.526315789473684,6.92,6.381578947368421,6.72,12.907894736842104,13.64,22.736842105263158,22.866666666666667,1,8.503006147275057,7.726777757821359,16.22978390509643,22.63463481781839,4.274923549034454,4.597167813578427,8.872091362612878,17.00526861594376,265.0,237.4,223.4,262.2,226.6,308.3333333333333,351.6,333.2,372.6,383.0,340.2,300.3333333333334,52.8,28.6,50.6,79.8,76.0,63.2,71.6,80.8,74.4,24.66666666666667,255.4,231.8,217.8,284.2,218.0,296.6666666666667,367.0,341.8,366.8,372.8,332.6,308.6666666666666,44.6,26.8,43.4,74.0,76.2,60.4,56.0,57.4,73.6,29.66666666666667,0.7329742821632302,0.95975095,1.3643043478260868,0.8492690142746941,0.8492690142746941,easy
4013,2014/2015,1,8,3,5.271907211614852,4.283420707236472,5,1,6.384198090266526,4.018580184691722,13,4,11.856312384437228,8.031796277948345,28,5,30.831500193821157,17.92477714695271,5.773333333333333,7.12,6.266666666666667,6.76,12.04,13.88,25.946666666666665,23.106666666666666,0,4.902854074522642,5.821465501817471,10.72431957634012,20.90536355064113,5.261207274312642,5.69931674934815,10.9605240236608,22.31971328124945,192.4,163.8,155.6,191.2,160.8,215.6666666666667,324.8,329.4,366.6,385.2,337.0,217.6666666666667,42.4,31.6,56.8,82.4,158.4,140.6,148.6,163.8,158.4,65.33333333333333,275.0,238.2,229.2,266.8,215.8,303.6666666666667,354.4,319.8,354.0,367.8,323.0,249.3333333333333,41.6,31.6,52.6,75.0,85.0,66.6,63.8,74.6,70.8,31.66666666666667,0.7165190203230849,0.06645907,1.3956363636363638,-2.2931343021199972,-2.2931343021199972,hard
4014,2014/2015,1,5,7,3.6943868751409856,4.977330303087035,8,4,5.898353072398702,7.351436487962013,13,11,8.421008483050375,12.183092622794579,22,13,22.0548722221193,18.933491775225697,6.144736842105263,6.328947368421052,6.223684210526316,6.9868421052631575,12.368421052631579,13.31578947368421,20.289473684210527,23.93421052631579,0,6.231705084113508,5.707554558480829,11.93925964259434,23.91404337484752,5.755271566739805,5.850842656439519,11.60611422317932,20.7718013543254,258.2,236.8,235.6,265.0,234.8,295.0,348.8,337.4,349.4,386.0,327.2,320.6666666666667,43.6,30.0,53.0,78.2,71.0,55.6,52.4,76.6,68.4,32.66666666666666,276.4,262.0,257.2,264.6,253.6,324.6666666666666,380.4,353.6,397.6,393.6,365.6,263.6666666666666,42.2,29.4,49.8,81.0,75.2,66.4,69.8,68.2,77.8,26.0,0.1867000937231321,0.029321063,5.356183706490021,-0.1935067582229774,-0.1935067582229774,medium
4015,2014/2015,1,11,5,5.248794653783596,4.373870329049821,4,2,6.36769390149375,4.684740269142422,15,7,11.3771566661418,8.706276215681443,32,22,23.665801512585233,17.167479607052822,5.038167938931298,4.829596412556053,5.338931297709922,5.497757847533631,10.377099236641222,10.327354260089686,19.912977099236635,21.008968609865466,0,6.081449629081976,8.744782593502716,14.8262322225847,23.47703095677594,4.42082345071202,4.256896301331107,8.67771975204312,18.5288625908752,174.4,164.6,139.6,167.6,148.4,236.0,346.6,337.2,338.2,361.4,319.2,349.0,39.8,28.2,46.6,75.6,151.8,127.4,120.6,152.8,135.2,47.66666666666667,178.0,154.0,134.6,195.8,136.2,214.6666666666667,399.0,380.0,415.6,414.6,382.4,332.6666666666667,48.8,27.4,52.2,73.8,70.6,64.0,64.6,66.8,65.6,25.0,0.3900114372855509,0.26502287,2.5640273704789833,-0.2049031261354685,-0.2049031261354685,medium
4016,2014/2015,1,5,2,6.213605808802048,3.965290312832596,6,5,5.622838472241819,3.450647946933265,11,7,12.427638944734042,7.327357264954339,21,26,18.65930457786356,17.017964166014323,4.631578947368421,4.7631578947368425,4.815789473684211,5.355263157894737,9.447368421052632,10.118421052631579,21.63157894736842,18.776315789473685,0,6.363965839289575,6.576196796380137,12.94016263566972,25.79724629282354,5.790297148649839,5.692854875770349,11.48315202442019,17.58994610330044,262.4,244.2,223.8,260.4,224.6,295.0,343.0,328.4,352.0,365.4,335.8,246.3333333333334,41.8,30.6,56.4,80.8,75.6,63.2,50.0,79.4,73.6,25.0,271.4,246.2,218.4,239.4,213.4,302.3333333333333,350.8,321.8,354.6,389.6,324.2,279.6666666666667,45.6,31.0,53.8,76.6,67.8,63.0,62.0,73.0,62.4,32.33333333333334,0.5023923444976077,0.1314439,1.9904761904761903,-0.7454636801893896,-0.7454636801893896,hard
4017,2014/2015,1,4,0,8.803116336078615,4.810153474718108,5,3,8.471614961115232,5.893457637332102,9,3,17.733238549433885,10.829727350138874,20,12,27.298982143563812,18.61393552587878,5.32,4.850746268656716,5.573333333333333,5.223880597014926,10.893333333333333,10.074626865671641,19.826666666666668,19.582089552238806,0,5.694071517932355,6.525923433962573,12.21999495189493,27.21079289222027,5.043621412060774,5.392099561537187,10.43572097359796,20.30170904631917,256.0,240.2,214.6,255.0,219.6,289.3333333333333,359.2,335.4,350.4,352.0,325.8,276.0,43.0,27.4,52.8,77.6,71.2,63.0,51.8,63.8,69.6,41.33333333333334,242.6,228.8,212.8,262.2,206.2,298.0,291.4,271.4,287.8,285.6,273.4,242.0,45.8,29.0,55.0,70.8,149.8,119.0,117.6,141.4,134.4,46.66666666666667,0.4339106654512306,0.04296359,2.304621848739496,-0.6906102313427628,-0.6906102313427628,hard
4018,2014/2015,1,6,4,4.109665183626085,8.98266326056213,7,2,5.417696019272557,6.134180463005596,13,6,10.221952337270537,14.991875213071218,27,14,26.23667316827164,21.696098701955467,5.573333333333333,7.552631578947368,5.946666666666666,6.894736842105263,11.52,14.447368421052632,23.786666666666665,22.842105263157894,0,4.182652519409465,5.705844367507157,9.888496886916634,23.60190029110604,6.308753611950283,6.197970380417018,12.5067239923673,22.1962729384313,267.2,238.4,221.4,258.6,212.4,298.0,366.8,340.6,336.8,337.4,338.2,276.3333333333333,49.0,27.8,51.0,75.8,71.6,62.0,56.0,60.4,68.0,19.33333333333333,288.0,256.2,231.2,271.2,236.2,297.3333333333333,339.4,319.0,360.8,383.2,337.6,222.3333333333333,42.2,29.6,64.2,81.2,76.6,67.8,65.4,67.2,77.2,22.33333333333333,0.2558058925476603,0.022457696,3.909214092140922,-0.31355823433129903,-0.31355823433129903,medium
4119,2014/2015,2,4,4,3.699804660326853,6.32129681717927,5,7,5.304631678433186,4.262906129797751,9,11,8.923258585599328,10.539353141976175,26,25,25.817683043247143,17.140769880723248,4.7272727272727275,6.12987012987013,5.35064935064935,6.246753246753247,10.077922077922079,12.376623376623376,18.87012987012987,20.31168831168831,0,7.121816442325697,7.460105787635027,14.58192222996072,23.78162016312942,5.833796507501385,4.288460353081874,10.12225686058326,14.75769361239122,260.4,256.6,246.4,258.8,237.6,314.0,359.8,350.4,379.6,392.2,353.8,252.3333333333333,39.2,32.2,53.4,78.4,79.0,61.2,68.4,81.4,76.4,30.33333333333333,255.0,226.8,220.8,255.8,221.0,283.3333333333333,268.0,247.4,269.2,270.6,255.0,225.3333333333333,43.4,25.2,60.8,72.2,140.4,111.6,113.2,154.2,126.0,59.0,0.780278670953912,0.44591346,1.2815934065934067,-1.521769560691786,-1.521769560691786,hard
4120,2014/2015,2,14,5,10.777622903179568,3.3325402501908754,10,1,9.777753750716435,2.7574648424253225,24,6,20.8566006369989,5.343114404829077,28,26,27.795889876047813,15.43861346325681,7.2368421052631575,4.996987951807228,6.7105263157894735,5.347891566265059,13.947368421052632,10.34487951807229,21.5,19.88704819277108,1,9.40452082140996,9.476995981553213,18.88151680296318,26.37453623146207,3.836324784415388,3.8974879650108,7.733812749426198,16.10461330480722,276.2,241.8,212.0,248.4,224.4,302.3333333333333,208.0,200.8,204.8,211.4,180.8,174.6666666666666,45.6,31.0,53.8,76.6,218.8,193.4,199.8,223.4,202.8,105.6666666666667,289.2,263.0,235.0,284.6,245.6,306.6666666666666,285.8,260.8,282.6,285.8,276.8,197.6666666666667,41.2,29.6,64.2,81.0,76.6,67.8,65.2,67.2,77.2,22.33333333333333,0.2612752721617418,0.97188514,3.827380952380953,0.9619413643134268,0.9619413643134268,easy
4121,2014/2015,2,7,7,7.1790539811527445,5.311645344563654,2,4,5.878208525786941,6.022952175653039,9,11,12.95721021090591,12.13301164523578,17,18,20.9884521274819,28.487964412551534,4.802690582959641,5.578947368421052,5.2556053811659185,5.9605263157894735,10.058295964125561,11.539473684210526,19.30044843049327,23.82894736842105,0,4.283150634850308,6.143866285320025,10.42701692017034,22.94764753870678,6.675424744846377,7.429925769356899,14.10535051420327,25.06594125076104,282.4,267.2,236.4,260.2,249.2,336.0,357.0,342.0,399.0,393.4,364.0,263.0,47.4,25.0,57.0,82.8,77.4,73.2,65.8,74.8,76.2,33.66666666666666,254.4,236.8,217.6,256.6,214.6,293.3333333333333,373.8,333.2,327.8,368.4,334.8,280.0,40.6,28.2,46.6,75.2,74.4,61.6,56.0,70.6,62.0,25.0,0.8379691571016125,0.07845015,1.1933613445378153,-4.687496522087754,-4.687496522087754,hard
4122,2014/2015,2,2,4,6.4046801934976045,6.842319869431422,4,6,4.600270230738441,4.60424552604353,6,10,10.793244968492129,11.145335702046058,9,17,19.13058180605141,17.729363467351256,7.246753246753247,6.746666666666667,6.3896103896103895,5.96,13.636363636363637,12.706666666666667,22.98701298701299,23.69333333333333,0,7.548479922844146,6.53067945837646,14.07915938122061,24.90803088336265,5.598100268623271,4.142979820972873,9.741080089596137,19.23868532006498,255.4,220.8,198.4,229.0,216.0,300.3333333333334,356.4,325.6,330.4,362.8,324.6,243.0,40.2,22.4,53.8,74.4,67.8,57.2,55.6,79.4,68.2,30.66666666666667,252.0,232.8,228.6,273.2,224.4,296.6666666666667,213.0,204.8,214.6,200.6,199.6,182.6666666666667,41.4,31.0,42.6,73.4,216.2,181.2,177.8,218.2,195.6,70.66666666666667,0.4645476772616137,0.0717354,2.1526315789473682,-0.7336083354607021,-0.7336083354607021,hard
4123,2014/2015,2,5,4,5.792219309968592,5.1749917473721645,2,10,5.294607200214806,5.560167690799147,7,14,11.201692540467924,11.34743255610433,14,24,25.064379164142885,11.7678985686637,4.831858407079645,4.636363636363637,5.451327433628317,4.8311688311688314,10.283185840707965,9.467532467532468,21.022123893805304,21.623376623376622,0,6.522885010012316,6.734080041322684,13.25696505133501,22.44143443573893,6.192442616453302,5.035761142401415,11.22820375885471,21.5845952687294,288.8,267.4,238.2,278.4,253.0,318.3333333333333,364.4,348.6,359.8,359.8,343.2,293.0,44.4,28.8,55.6,80.4,76.2,71.4,75.2,78.4,76.0,31.33333333333333,258.0,240.0,223.2,261.0,209.8,303.3333333333334,357.4,315.2,360.2,363.2,334.2,235.6666666666667,41.6,31.6,52.6,75.0,85.4,66.6,63.8,73.2,70.6,31.66666666666667,0.5574572127139364,0.0902447,1.793859649122807,-1.0557453855048886,-1.0557453855048886,hard
4124,2014/2015,2,1,6,6.752014317833547,4.411621626322378,4,5,6.400021312360639,4.880126790429356,5,11,12.865708962553514,8.45416721155907,12,22,20.596918909394162,11.746778546494246,6.337662337662338,6.4935064935064934,6.9480519480519485,6.363636363636363,13.285714285714286,12.857142857142858,23.792207792207794,22.61038961038961,1,7.727965256846885,8.211420401500316,15.9393856583472,25.92846452569298,4.778517784630126,4.72951256604658,9.5080303506767,14.37793462733006,180.2,166.8,136.2,194.2,148.2,213.6666666666667,437.6,398.8,432.0,423.2,414.6,357.6666666666667,46.2,31.2,46.8,67.0,67.6,57.8,62.2,80.6,64.2,24.33333333333333,270.2,241.2,233.2,279.0,226.4,308.0,228.8,212.6,207.6,218.0,197.0,221.0,44.6,26.8,44.8,74.6,225.0,193.0,194.0,214.4,212.0,90.00000000000001,0.2558058925476603,0.9590509,3.909214092140922,0.9449752345438275,0.9449752345438275,easy
4125,2014/2015,2,3,3,6.4052960036652795,2.593931414086128,5,4,6.912271629398159,3.6024469968852,8,7,13.38794645620268,5.989473554125614,20,20,26.84615583288668,14.186956627360308,6.894736842105263,5.302631578947368,6.684210526315789,5.565789473684211,13.578947368421053,10.868421052631579,22.973684210526315,19.82894736842105,0,8.898419662994117,7.186243984271646,16.08466364726576,29.25525180512733,3.966040917515584,3.190526351313608,7.156567268829198,17.28009124525357,264.4,232.0,203.8,234.0,201.2,278.3333333333333,284.2,263.2,265.8,271.8,261.8,259.3333333333334,41.8,26.4,52.8,76.0,137.8,121.2,116.6,150.0,126.8,58.33333333333333,258.2,235.2,209.2,256.4,216.4,297.0,363.4,347.8,367.8,360.4,353.6,283.0,43.0,27.4,52.8,77.6,62.6,55.4,63.0,72.2,58.6,24.0,0.4247885251930857,0.15526614,2.3541125541125543,-0.46856223911885403,-0.46856223911885403,medium
4126,2014/2015,2,4,4,4.542360372136146,6.489038827391429,6,4,6.077308725146803,6.770609091497526,10,8,10.154575439611468,12.666674949117539,17,18,15.03774701217596,24.23324891247966,4.779411764705882,5.802631578947368,5.1911764705882355,6.25,9.970588235294118,12.052631578947368,19.470588235294116,25.973684210526315,0,3.925556232986701,8.246310381994654,12.17186661498134,21.28338846209939,5.589343357391305,6.122740430504821,11.71208378789612,22.23693065733693,264.4,260.0,247.4,269.4,246.8,329.0,385.4,354.8,378.4,382.6,363.8,282.0,42.2,29.4,51.4,81.0,75.0,67.4,78.8,87.6,79.4,23.33333333333333,267.2,251.4,247.6,293.2,238.4,282.0,368.6,348.8,373.2,377.8,351.6,263.6666666666667,42.4,31.6,56.8,82.4,75.0,69.4,82.2,74.8,84.8,25.33333333333333,0.5127043318187702,0.0352642,1.9504418783679758,-0.9797750428573107,-0.9797750428573107,hard
4127,2014/2015,2,6,7,7.027955598236542,4.252778853705224,2,6,5.350724633123415,3.610186684554491,8,13,12.139078398578446,7.93020692684786,16,22,21.4528651042062,21.465070928161623,7.065789473684211,4.983433734939759,6.684210526315789,5.320783132530119,13.75,10.30421686746988,22.86842105263158,19.92771084337349,1,7.434040203110598,6.97931199921176,14.41335220232237,26.83012180452614,4.293700447947912,4.257600237238724,8.551300685186641,17.35852871623847,259.6,237.8,238.2,265.4,237.6,296.6666666666667,345.0,313.6,324.4,362.4,304.0,248.6666666666667,43.6,30.0,53.0,78.2,75.0,59.8,67.6,76.0,74.8,25.0,280.2,247.6,227.0,284.6,237.8,316.6666666666667,222.6,218.8,222.8,218.2,208.8,203.0,48.2,28.6,51.6,79.2,206.2,180.6,224.2,244.0,206.8,109.6666666666667,0.2555366269165247,0.5079904,3.9133333333333336,0.33910841295320876,0.33910841295320876,medium
4128,2014/2015,2,6,1,7.770951042609443,4.634977663042147,8,7,6.312586712504951,3.9247210850957157,14,8,14.034596705221645,8.72995595834805,26,22,25.13249596008601,15.970113666801588,7.5064935064935066,5.118975903614458,6.8311688311688314,5.320783132530119,14.337662337662337,10.439759036144578,22.727272727272727,20.07680722891566,1,6.484028181045111,6.189798256342398,12.67382643738751,24.45228235838569,6.500728607396137,6.16500894642957,12.66573755382571,16.3668160163323,262.6,260.8,233.2,265.8,229.8,300.0,371.2,337.0,309.8,362.6,341.0,262.3333333333334,41.8,30.6,56.4,80.6,61.2,56.0,78.2,81.6,65.2,22.33333333333333,271.8,240.6,224.6,258.8,213.0,296.6666666666667,351.8,348.2,341.4,349.8,331.2,308.6666666666666,49.0,27.8,51.0,75.8,78.4,59.0,66.6,78.8,67.2,44.33333333333334,0.4111321948134093,0.8817391,2.432307692307692,0.799172379596661,0.799172379596661,easy
4229,2014/2015,3,2,2,4.4750663457760975,3.105655003492729,6,5,5.364235620533033,2.125549528308981,8,7,9.641258552214165,4.71585219208195,12,31,24.833117446157516,15.81032924921875,4.717948717948718,4.834061135371178,5.346153846153846,5.4061135371179025,10.064102564102564,10.240174672489083,18.96153846153846,20.930131004366807,1,7.496085614734983,8.49374784339562,15.98983345813061,24.37571914205225,5.350708443077273,4.295361058216057,9.646069501293335,12.97919027496624,255.0,226.8,220.8,255.8,221.0,283.3333333333333,268.0,247.4,270.0,270.6,255.6,225.3333333333333,43.4,25.2,60.8,72.2,139.4,118.4,113.8,150.8,130.0,65.33333333333334,180.2,166.8,136.4,194.2,148.2,213.6666666666667,361.2,334.8,351.6,343.6,340.2,327.3333333333334,41.8,28.0,49.0,69.2,132.6,112.4,134.0,161.6,128.4,59.99999999999999,0.3893129770992367,0.9711348,2.568627450980392,0.9527332052588463,0.9527332052588463,easy
4230,2014/2015,3,4,4,4.339626214461532,4.25648691580003,5,4,5.54930211187183,4.2611371793713,9,8,9.544731650198827,7.319857741791872,12,26,21.671712113561703,19.55836142885648,5.010401188707281,5.779220779220779,5.329866270430905,6.220779220779221,10.340267459138188,12.0,19.95542347696879,25.87012987012987,0,2.556346861165355,6.189841141284752,8.74618800245012,20.50859719857105,6.660716742669156,7.120240208641991,13.78095695131115,23.57563861948019,280.2,247.6,227.0,284.6,237.8,316.6666666666667,228.6,221.8,226.2,214.8,215.4,203.6666666666667,48.2,28.6,51.6,79.2,206.2,180.6,224.2,244.0,206.8,109.6666666666667,282.8,265.2,227.6,263.0,245.6,334.6666666666666,363.0,356.0,394.2,391.4,374.2,289.6666666666667,47.4,25.0,57.0,82.8,77.4,73.2,65.8,74.8,76.2,33.66666666666666,0.2875,0.04896122,3.4782608695652177,-0.33479127085261173,-0.33479127085261173,medium
4231,2014/2015,3,10,5,5.524604167347346,10.06879998161914,4,1,4.618804964892132,7.777907528791333,14,6,9.773127714633553,17.71326802848916,32,9,17.388472471650992,20.739468996224353,7.17948717948718,7.324675324675325,6.358974358974359,6.753246753246753,13.538461538461538,14.077922077922079,22.807692307692307,21.584415584415584,0,7.120758638437668,5.120153738079056,12.24091237651673,24.0648353126325,6.733661023299894,4.791635763942363,11.52529678724226,17.60573705238181,253.0,244.2,259.2,289.0,231.0,256.6666666666666,371.0,352.0,379.2,367.6,364.0,261.6666666666667,42.4,31.6,56.8,82.4,74.8,69.2,82.0,74.4,84.6,25.33333333333333,260.0,228.4,188.6,245.8,201.4,297.6666666666667,355.6,326.2,343.0,366.8,325.6,244.0,40.2,22.4,53.8,74.4,67.8,57.2,55.6,79.4,68.2,30.66666666666667,0.7491486946651532,0.012889731,1.334848484848485,-2.935041353953538,-2.935041353953538,hard
4232,2014/2015,3,5,16,4.185893209579676,6.245005091953444,4,7,4.8055162759616135,4.983833975525149,9,23,8.464437325220496,11.005823678885175,21,38,25.234886603474198,18.444675864511677,4.99702823179792,6.7105263157894735,5.289747399702821,5.9605263157894735,10.286775631500742,12.671052631578947,19.96879643387815,23.605263157894736,0,5.023418591188118,6.187844618409695,11.21126320959781,21.52089658193802,5.971198229369082,6.194603019300129,12.16580124866921,22.99111904522117,254.4,240.0,217.6,260.0,214.6,293.3333333333333,304.0,269.8,260.0,285.0,267.8,255.3333333333333,40.6,28.2,46.6,75.2,147.6,128.4,123.2,129.4,132.4,56.0,264.0,248.6,233.0,274.0,242.6,319.6666666666666,378.6,353.0,381.6,394.8,353.8,293.3333333333333,42.2,29.4,51.4,81.6,75.0,67.4,78.8,87.6,79.4,23.33333333333333,0.14004914004914,0.10809109,7.140350877192986,-0.03716263894523886,-0.03716263894523886,medium
4233,2014/2015,3,11,2,7.991316273046095,2.72366279791583,6,4,6.551954171921863,4.602066998976694,17,6,14.376997478174461,7.5042917275523235,32,19,19.97236116266893,14.394480052787413,6.269230769230769,4.628205128205129,6.910256410256411,4.897435897435898,13.179487179487179,9.525641025641026,23.641025641025642,21.653846153846153,0,8.574211751743391,9.125925482457514,17.7001372342009,24.72469166450686,4.504249876269131,3.767792233176458,8.272042109445586,14.75632247091126,270.2,241.2,233.2,279.0,226.4,308.0,228.8,212.6,207.6,218.0,197.0,221.0,44.6,26.8,44.8,74.6,210.0,185.4,208.4,220.4,208.0,95.66666666666667,261.4,230.0,198.4,246.8,205.6,270.0,284.2,263.2,265.8,271.8,261.8,259.3333333333334,41.8,26.4,52.8,76.0,140.8,124.4,118.2,140.2,130.0,76.0,0.674237047551455,0.34057525,1.483157894736842,-1.0242472851328344,-1.0242472851328344,hard
4234,2014/2015,3,4,5,8.02410452489056,3.601099335024027,11,4,8.913014141643199,3.7687958089800797,15,9,17.008644094385215,7.352855737568948,29,12,30.144879345668524,14.210071061178915,6.102564102564102,4.831858407079645,6.256410256410256,5.212389380530972,12.35897435897436,10.044247787610619,20.371794871794872,19.269911504424773,0,8.662817316541537,9.047232758908583,17.71005007545013,32.00038933483198,3.462251666467051,4.633130845900221,8.095382512367268,15.65873059086356,233.6,231.4,219.6,247.2,212.0,302.0,353.0,315.4,355.2,352.6,329.6,236.0,41.4,31.0,42.6,73.4,75.8,61.0,52.8,72.2,70.0,22.66666666666667,283.8,272.0,241.8,279.8,256.6,320.3333333333333,364.2,349.4,371.0,362.8,354.0,280.0,44.4,28.8,55.6,80.4,77.8,64.2,64.4,70.8,73.0,24.0,0.2442553191489361,0.58498293,4.094076655052266,0.45085016289004337,0.45085016289004337,medium
4235,2014/2015,3,5,8,7.30520711531157,4.75791941917271,10,7,6.961189700794328,5.688877575002719,15,15,13.90952387456348,9.965268018261366,15,24,30.32488368467593,17.237781627223402,5.063893016344725,4.768115942028985,5.343239227340266,5.202898550724638,10.407132243684993,9.971014492753623,20.10252600297176,19.434782608695652,1,5.184744299942365,7.597622012825038,12.78236631276741,22.89099055818076,5.676415166976825,5.447061771010377,11.12347693798719,22.66197602775468,255.8,234.4,218.6,260.6,212.0,290.6666666666667,327.4,310.4,354.2,365.4,325.4,224.6666666666667,41.6,31.6,52.6,75.0,85.4,66.6,63.8,73.2,70.6,31.66666666666667,260.4,256.6,246.4,258.8,237.6,314.0,367.6,349.2,374.8,403.2,352.4,250.0,39.2,32.2,53.4,78.4,79.0,61.2,68.4,81.4,76.4,30.33333333333333,0.2592592592592593,0.9107356,3.8571428571428563,0.8794930696487426,0.8794930696487426,easy
4237,2014/2015,3,3,6,4.112969515432192,5.821262433142759,4,8,4.223536363513019,6.614711529908213,7,14,7.175284938742042,12.476367582704494,24,8,19.830457164846298,13.47731685426935,7.487179487179487,6.487179487179487,6.846153846153846,6.346153846153846,14.333333333333334,12.833333333333334,22.76923076923077,22.602564102564102,0,3.752729238215116,4.02489819517286,7.777627433387989,19.65592259083795,7.183995821150432,8.29339559817486,15.47739141932528,16.69999157604958,271.8,245.6,219.0,264.6,233.0,305.3333333333333,276.4,241.4,282.4,290.0,264.4,191.0,41.2,29.6,64.2,81.0,69.8,61.2,66.4,69.2,66.4,23.66666666666667,267.6,248.6,223.6,261.8,224.8,300.6666666666667,357.2,327.8,342.2,367.0,333.2,255.0,41.8,30.6,56.4,80.6,75.2,65.2,45.8,77.2,73.0,29.66666666666667,0.5766710353866318,0.060331948,1.734090909090909,-1.2197112287207288,-1.2197112287207288,hard
4238,2014/2015,3,2,9,3.259095581507057,6.851891006369679,1,5,4.6524648691012,5.032920447677139,3,14,8.546582997694287,10.975704346750717,15,31,24.41952985717196,20.99187508621971,5.597402597402597,6.8441558441558445,5.935064935064935,6.662337662337662,11.532467532467532,13.506493506493506,23.753246753246753,22.935064935064936,0,5.754746279968054,6.037263141774952,11.79200942174302,23.86344638825652,4.967900238963764,5.904023112354302,10.87192335131805,19.84710275973165,258.2,235.2,209.2,256.4,216.4,297.0,354.8,336.6,335.4,345.6,339.6,281.3333333333334,43.0,27.4,52.8,77.6,62.6,55.4,63.0,72.2,58.6,24.0,271.4,243.8,254.0,280.2,236.0,293.3333333333334,343.4,323.8,349.4,371.0,321.0,288.0,43.6,30.0,53.0,78.2,57.0,47.4,61.8,77.0,60.2,24.0,0.4247885251930857,0.34828585,2.3541125541125543,-0.13299920930124604,-0.13299920930124604,medium
4329,2014/2015,4,4,8,4.136912188948635,5.104078188838475,9,5,4.056499068599271,4.519043758319863,13,13,7.995100380750201,8.89258011609166,22,19,25.5788034390496,12.676333314460624,6.8311688311688314,6.329113924050633,5.974025974025974,6.89873417721519,12.805194805194805,13.227848101265822,23.792207792207794,23.746835443037973,0,6.660961022940317,5.74116632090667,12.40212734384698,25.5721833189702,6.232063719628257,5.225254835548444,11.45731855517669,20.48033188245161,271.8,241.2,224.8,259.2,214.6,296.6666666666667,351.4,335.6,325.4,347.4,327.2,280.6666666666666,49.0,27.8,51.0,75.8,78.4,59.0,66.6,78.8,68.2,44.33333333333334,276.2,241.8,212.6,248.4,224.4,302.3333333333333,208.0,200.8,204.8,211.4,180.8,174.6666666666666,45.6,31.0,53.8,76.6,210.4,182.6,202.6,229.4,202.0,113.3333333333333,0.5602716468590832,0.055966206,1.784848484848485,-1.1468567845041227,-1.1468567845041227,hard
4330,2014/2015,4,13,3,9.338909409754038,5.384312072457519,9,8,7.71421536567067,1.4743143462166668,22,11,17.388922287507008,6.848995727269056,27,15,26.746235767326823,18.715547342274732,7.294871794871795,7.0519480519480515,6.67948717948718,6.623376623376624,13.974358974358974,13.675324675324676,21.423076923076923,22.77922077922078,1,8.314454109241842,9.060015756446537,17.37446986568839,23.72636080158976,3.973513975864249,4.438878547682844,8.412392523547101,17.08728443105372,260.4,256.6,246.4,258.8,237.6,314.0,220.8,231.2,237.0,218.2,218.8,202.0,39.2,32.2,53.4,78.4,223.4,193.0,216.8,253.0,212.4,107.0,169.2,148.8,155.4,185.0,144.2,200.6666666666667,369.4,353.8,363.2,358.6,355.4,307.6666666666667,42.4,31.6,56.8,82.4,151.2,146.8,164.0,160.2,160.2,80.66666666666667,0.4521801543154494,0.3373503,2.211507936507937,-0.20961242336310026,-0.20961242336310026,medium
4331,2014/2015,4,3,7,5.720977645723018,5.452654116219573,11,4,3.976708450710572,5.595177216344153,14,11,9.514497267940534,10.896599700746929,22,18,19.51226728572242,18.47710161769301,4.834061135371178,4.997067448680352,5.19650655021834,5.325513196480937,10.030567685589519,10.32258064516129,19.174672489082965,19.85043988269794,0,5.589158128393896,7.843017017611271,13.43217514600517,26.46656270472336,6.376279111515834,6.42137855138838,12.79765766290422,22.74311515342426,276.0,241.4,218.8,268.4,220.4,292.3333333333333,208.0,200.6,205.4,211.4,181.2,175.3333333333333,45.6,31.0,53.8,76.4,210.4,182.6,202.6,229.4,202.0,113.3333333333333,270.2,243.6,233.2,279.8,227.4,308.0,367.8,335.8,339.6,380.4,337.8,249.3333333333333,44.6,26.8,44.8,74.6,76.6,60.2,59.0,58.4,71.0,29.66666666666667,0.1851851851851852,0.041650426,5.3999999999999995,-0.17615629834207625,-0.17615629834207625,medium
4332,2014/2015,4,6,11,6.730859330605407,3.936029395834602,4,6,6.032256543086738,5.183069799121871,10,17,12.510765900466879,9.07765297400331,23,30,25.46478082606747,20.649105116668846,4.7974137931034475,5.551282051282051,5.400862068965516,5.871794871794871,10.198275862068964,11.423076923076923,21.060344827586203,23.641025641025642,0,7.146566782018377,8.16095408521446,15.30752086723284,25.03868216799512,5.141226234633518,5.639832559116138,10.78105879374966,16.15189226902382,282.8,265.2,227.6,263.0,245.6,334.6666666666666,357.0,342.0,399.0,393.4,364.0,263.0,47.4,25.0,57.0,82.8,77.4,73.2,65.8,74.8,76.2,33.66666666666666,256.4,230.4,198.0,246.2,217.0,297.6666666666667,366.0,346.0,361.4,350.0,334.8,300.3333333333334,43.0,27.4,52.8,77.6,64.8,57.4,63.0,74.0,59.4,24.0,0.7839195979899497,0.09313788,1.2756410256410258,-3.1968736009195777,-3.1968736009195777,hard
4333,2014/2015,4,6,2,8.014452085816535,1.3952874558109272,11,3,7.592826198163046,2.704972041439774,17,5,15.872822579750242,3.400402901440067,28,17,23.186983606546512,15.934949507235828,6.481012658227848,4.6835443037974684,6.367088607594937,5.3544303797468356,12.848101265822784,10.037974683544304,22.417721518987342,18.873417721518987,0,8.875844452246351,9.081157985024818,17.95700243727118,22.24295498058918,4.809962204233353,4.325804400489595,9.135766604722944,12.65226201151487,263.0,228.2,197.8,238.8,213.6,301.0,363.6,329.6,337.0,358.0,331.4,247.6666666666667,40.2,22.4,53.8,74.4,67.2,49.8,60.8,80.8,64.2,23.33333333333333,265.6,239.8,226.8,272.4,227.2,310.0,345.2,326.8,375.4,392.2,344.6,259.6666666666667,48.2,28.6,51.6,79.2,77.2,71.2,74.0,58.6,73.6,26.33333333333333,0.2253629820494095,0.9103694,4.437285977076554,0.8842934152212175,0.8842934152212175,easy
4334,2014/2015,4,8,4,7.567793546761379,2.9611612322419636,6,3,7.310100902825523,4.022369268112365,14,7,15.485848901650822,6.590192784935267,20,7,31.90805824372371,13.069943339979913,5.756410256410256,5.0630498533724335,6.1923076923076925,5.404692082111436,11.948717948717949,10.46774193548387,25.871794871794872,20.03519061583577,1,8.011670187791005,5.106059283526765,13.11772947131778,27.08512095807419,5.237049448258296,4.305351840292069,9.542401288550355,16.71887565363577,261.8,253.0,200.4,263.0,228.8,316.3333333333333,367.6,339.2,361.4,375.2,351.0,288.3333333333334,44.4,28.8,55.6,80.4,77.8,64.2,64.4,70.8,73.0,24.0,329.6,296.0,269.8,318.4,261.2,372.3333333333334,216.8,223.6,212.2,190.2,208.8,184.0,49.0,27.8,51.0,75.2,154.2,130.0,111.6,124.6,140.6,61.99999999999999,0.5268833769835156,0.9624115,1.8979532163742692,0.9205513496967218,0.9205513496967218,easy
4335,2014/2015,4,3,4,6.2903382292715975,3.0049051807053773,2,4,6.618879392063253,4.7463908044294865,5,8,13.057346067300077,7.059520430919994,18,18,27.071382092817025,16.01364449876805,6.871794871794871,6.075949367088608,6.641025641025641,6.3164556962025316,13.512820512820513,12.39240506329114,23.03846153846154,20.481012658227847,1,7.568103383276208,7.602308651526991,15.17041203480321,26.94798309043237,4.226485375541393,4.063599852750546,8.29008522829194,16.73143453011291,264.8,234.2,211.2,268.6,215.6,291.0,288.4,267.2,295.0,276.0,276.2,217.3333333333333,44.4,27.8,52.2,73.8,140.2,124.6,142.0,138.6,135.4,65.66666666666666,278.6,259.2,251.2,249.6,243.4,305.0,279.4,257.0,303.0,306.0,282.4,176.0,41.2,29.6,64.2,81.0,148.0,132.0,136.6,144.6,144.0,60.00000000000001,0.2706222865412446,0.97038305,3.6951871657754007,0.9593942186662129,0.9593942186662129,easy
4336,2014/2015,4,9,0,8.940087663278545,4.75774586092555,16,4,8.14999359942894,3.1134907818409485,25,4,18.304134614722226,7.739538292263051,44,12,26.16501591981939,20.90081723987112,4.594936708860759,4.997067448680352,4.886075949367089,5.272727272727272,9.481012658227849,10.269794721407624,21.620253164556964,19.982404692082106,0,6.389667794435134,8.052691574191357,14.44235936862649,26.82690558408853,3.942611300539826,5.211453583343697,9.154064883883532,16.52185952132664,264.4,232.0,205.8,234.0,202.4,279.0,273.4,248.8,256.0,291.8,251.6,225.0,41.8,26.4,52.8,75.6,140.8,124.4,118.2,140.2,130.0,76.0,233.6,231.4,219.6,247.2,212.0,302.0,354.8,327.2,356.8,347.8,332.4,241.6666666666667,41.4,31.0,42.6,73.4,75.8,61.0,52.8,72.2,70.0,22.66666666666667,0.4645476772616137,0.04338789,2.1526315789473682,-0.7865495572895765,-0.7865495572895765,hard
4337,2014/2015,4,3,10,4.509236645923206,6.891953015828781,3,4,6.935578619838372,6.103702883630499,6,14,11.74013028274057,12.488049397929956,24,19,17.378336138991386,18.49541171792962,4.814285714285714,7.430379746835443,5.228571428571429,6.810126582278481,10.042857142857143,14.240506329113924,19.5,22.78481012658228,0,7.054856247196625,8.14656288395527,15.20141913115189,26.08540202216414,3.98931088197095,3.164448540179512,7.153759422150469,14.46323716955662,264.2,260.0,247.2,268.8,246.8,329.0,302.8,280.8,314.8,321.8,294.4,209.3333333333333,42.2,29.4,51.4,81.6,153.2,132.8,158.2,164.4,158.2,57.66666666666667,256.4,234.4,218.6,260.6,212.0,292.3333333333334,337.4,311.0,356.6,373.6,320.6,233.0,41.6,31.6,52.6,75.6,85.4,66.6,63.8,73.2,70.6,31.66666666666667,0.6986301369863014,0.09565318,1.4313725490196079,-2.0007871877063406,-2.0007871877063406,hard
4339,2014/2015,5,4,4,3.543053980883612,5.654831388811603,1,4,3.9242943948925086,5.298918439003376,5,8,7.377335334503272,11.46484815829027,18,18,20.821626542100333,25.041544608483044,4.65,6.794871794871795,5.325,6.012820512820513,9.975,12.807692307692308,18.85,23.76923076923077,0,5.221696435223977,6.644887505323847,11.86658394054782,24.20120885436329,5.820689315168186,4.686147860642209,10.5068371758104,19.60797679459541,257.8,237.4,239.0,262.4,224.8,292.0,347.2,326.8,360.4,369.2,329.2,302.6666666666667,43.6,30.0,53.0,78.2,57.0,47.8,61.8,77.0,60.2,24.0,244.0,228.6,199.6,246.4,208.4,295.0,305.8,285.8,259.8,268.4,267.2,294.6666666666667,40.6,28.2,46.6,75.2,148.6,128.6,124.4,129.8,136.8,56.0,0.5338278264778602,0.028561532,1.8732631578947367,-1.0838619777816012,-1.0838619777816012,hard
4340,2014/2015,5,5,7,6.78913953504883,3.7397809486872773,5,5,6.880494493532783,5.315570217000017,10,12,13.249765258436483,8.164256123610704,22,14,22.797355725903707,17.41847264351082,5.0231548480463095,4.788732394366197,5.308248914616496,5.197183098591549,10.331403762662807,9.985915492957746,19.826338639652672,19.56338028169014,0,5.660900312036203,5.951962148268116,11.61286246030432,23.98655500811644,4.68852646682367,5.635486909156075,10.32401337597975,21.80722869925956,265.8,251.2,222.8,270.0,227.0,299.0,357.2,327.8,342.2,367.0,333.2,255.0,41.8,30.6,56.4,80.6,75.2,65.2,45.8,77.2,73.0,29.66666666666667,255.0,226.8,220.8,255.8,221.0,283.3333333333333,339.6,310.0,325.2,346.8,322.0,236.6666666666667,43.4,25.2,60.8,72.2,71.4,57.4,55.4,80.2,66.6,27.0,0.5737166863594592,0.024223244,1.743020594965675,-1.289033398837021,-1.289033398837021,hard
4341,2014/2015,5,6,4,7.4049766330387925,4.9003195582483965,7,3,5.915469839523438,3.382824173147319,13,7,13.104339002599524,7.950502108241171,23,13,23.344643258026743,10.270078997990385,7.215189873417722,4.810344827586206,6.329113924050633,5.27155172413793,13.544303797468354,10.081896551724137,22.924050632911392,19.21120689655172,0,9.64611387885013,8.043353215577895,17.68946709442803,31.02629760069012,4.705157128456018,3.526575860478394,8.23173298893441,15.32982969656456,257.0,222.8,224.4,262.0,219.2,282.6666666666666,339.6,310.0,325.2,346.8,322.0,236.6666666666667,43.4,25.2,60.8,72.2,71.4,57.4,55.4,80.2,66.6,27.0,276.0,241.8,218.8,268.4,220.4,292.3333333333333,208.0,200.6,205.4,211.4,181.2,177.6666666666667,45.6,31.0,53.8,76.4,201.0,186.0,203.8,218.8,206.2,98.66666666666669,0.4533736332118411,0.4972544,2.205686274509804,0.08027559113145785,0.08027559113145785,medium
4342,2014/2015,5,2,5,3.714669370007794,6.992048609181611,5,9,5.070791258158416,6.4155373825902124,7,14,8.413103241021442,13.722680993263804,21,21,18.44519221930249,26.42246929773868,4.931982633863965,5.784810126582278,5.2561505065122995,6.189873417721519,10.188133140376266,11.974683544303797,19.87843704775687,25.79746835443038,1,3.206733407200824,4.67741798620909,7.884151393409923,21.33864406017039,6.840957566110347,6.359721067929632,13.20067863403998,23.39703908544864,287.8,256.2,243.6,275.2,235.0,317.6666666666667,336.6,318.0,357.6,393.4,315.8,299.6666666666667,48.2,28.6,51.6,79.2,77.2,71.2,74.0,58.6,73.6,26.33333333333333,262.6,260.8,233.2,265.8,229.8,300.0,358.8,338.4,346.0,360.6,340.2,259.0,41.8,30.6,56.4,80.6,75.2,65.2,45.8,77.2,73.0,29.66666666666667,0.5622715771717739,0.862606,1.7785000000000002,0.6861204256901162,0.6861204256901162,medium
4343,2014/2015,5,6,3,7.616698639151913,6.361628411879909,9,2,7.097921479938932,5.5780258565356515,15,5,15.558728942994534,11.124213523227908,39,12,26.24178964532932,18.900990069662964,6.35,7.367088607594937,6.875,6.708860759493671,13.225,14.075949367088608,23.6875,21.49367088607595,0,7.701285620146139,5.88862414478054,13.58990976492668,23.85370972326458,7.077035253968687,5.603063756801363,12.68009901077004,13.05730774928998,271.2,250.2,258.4,299.8,251.4,240.0,218.2,215.4,222.6,207.6,223.2,168.0,42.4,31.6,56.8,82.4,236.6,221.0,247.6,237.2,242.8,119.0,182.6,166.6,136.0,189.6,136.8,228.6666666666667,355.6,320.8,334.8,371.4,324.0,324.0,44.4,27.8,52.2,73.8,147.0,126.8,145.4,144.2,139.6,56.0,0.7329742821632302,0.034923233,1.3643043478260868,-2.614171542513591,-2.614171542513591,hard
4344,2014/2015,5,12,2,7.207005757721476,2.063045396142222,7,5,9.387701369125777,3.457242019311701,19,7,16.931798265333995,5.063691511118453,28,13,25.803225360954094,17.00191113541782,6.05,4.812765957446808,6.2875,5.382978723404254,12.3375,10.195744680851064,20.45,21.08510638297872,0,6.878016172157651,7.285880853124626,14.16389702528229,25.94008235496453,5.214985493799923,5.568242503280093,10.78322799708003,20.04331230309884,252.6,246.8,240.8,291.8,230.2,292.3333333333333,300.6,271.4,273.6,269.6,271.8,249.3333333333333,40.6,28.2,46.6,75.2,149.0,124.2,129.8,155.8,138.2,55.66666666666667,264.4,232.0,205.8,234.0,202.4,279.0,273.4,248.8,256.0,291.8,251.6,225.0,41.8,26.4,52.8,75.6,140.8,124.4,118.2,140.2,130.0,76.0,0.4111321948134093,0.091346696,2.432307692307692,-0.5430514320939237,-0.5430514320939237,hard
4345,2014/2015,5,9,3,6.5942455016739725,6.112752012649861,11,4,5.7597314404791025,7.359266464017072,20,7,12.510129776081634,14.207812249015149,29,13,25.033948855651023,20.26521467725202,5.049204052098408,4.65,5.373371924746742,5.025,10.422575976845152,9.675,19.86541244573082,21.9,0,8.276743735831982,8.265035189348417,16.54177892518038,27.12432581435679,3.988278718866852,3.980427980094303,7.968706698961155,20.20557676441433,270.2,243.6,233.2,279.8,227.4,308.0,362.4,338.2,360.2,380.0,334.8,288.3333333333333,44.6,26.8,44.8,74.6,76.6,60.2,59.0,58.4,71.0,29.66666666666667,284.2,261.0,256.8,294.4,247.2,330.0,302.8,280.8,314.8,321.8,294.4,209.3333333333333,42.2,29.4,51.4,81.6,153.2,132.8,158.2,164.4,158.2,57.66666666666667,0.304860088365243,0.050767004,3.280193236714976,-0.3655279744732177,-0.3655279744732177,medium
4346,2014/2015,5,2,3,3.6820168243650198,6.090299110910385,3,6,3.1450765437950903,4.541037686446593,5,9,6.896806578783353,11.190619965329237,8,15,14.571815127488037,25.320831699443318,7.0,6.822784810126582,6.641025641025641,6.582278481012659,13.64102564102564,13.405063291139241,22.67948717948718,22.974683544303797,0,6.714348326237687,6.366184484064924,13.08053281030264,26.55832328242175,5.270775343178639,4.948337274614342,10.21911261779299,18.06095139457007,233.6,231.4,219.6,247.2,212.0,302.0,365.6,332.2,351.4,354.4,339.8,267.0,41.4,31.0,42.6,73.4,75.8,61.0,53.0,72.2,70.2,22.66666666666667,282.8,265.2,227.6,263.0,245.6,334.6666666666666,357.0,342.0,399.0,393.4,364.0,263.0,47.4,25.0,57.0,82.8,77.4,73.2,65.8,74.8,76.2,33.66666666666666,0.108359133126935,0.7247493,9.228571428571428,0.6912987240486675,0.6912987240486675,medium
4347,2014/2015,5,3,5,5.3718441959762595,3.8352931016460188,3,4,5.565299414902757,4.944937383717897,6,9,10.922516543840675,8.804969695955291,38,17,23.937962341303418,15.307748811144501,7.4625,5.2727272727272725,6.775,5.545454545454546,14.2375,10.818181818181818,22.7375,19.83116883116883,0,5.685005550849439,5.514060013886004,11.19906556473545,24.75298052580322,5.759905361142777,6.50212913969011,12.26203450083289,18.03465566407975,256.4,233.0,218.6,260.6,212.0,290.6666666666667,358.4,315.2,360.2,363.2,334.2,237.6666666666667,41.6,31.6,52.6,75.6,85.4,66.6,63.8,73.2,70.6,31.66666666666667,255.4,220.4,198.6,229.2,215.0,299.6666666666667,367.0,329.4,338.6,359.0,331.4,247.0,40.2,22.4,53.8,74.4,67.2,49.8,60.8,80.8,64.2,23.33333333333333,0.5434782608695653,0.026663989,1.8399999999999996,-1.132069322324935,-1.132069322324935,hard
4348,2014/2015,5,8,7,4.196445725980466,8.54507274433379,3,3,3.918005301797009,6.551684868337683,11,10,7.965934335434274,14.815722598173457,18,21,25.411217683722967,17.168501947605165,5.620253164556962,6.475,5.8734177215189876,6.425,11.49367088607595,12.9,23.72151898734177,22.4875,1,5.094605853625296,5.644894581809609,10.73950043543492,23.4374492602095,7.174626152025346,6.148529996792979,13.32315614881833,17.63291695932935,276.4,250.6,238.4,267.0,244.4,312.0,260.4,247.0,284.2,307.2,258.4,163.3333333333333,41.2,29.6,64.2,81.0,148.0,132.0,136.6,144.6,144.0,60.00000000000001,283.8,272.0,241.8,280.0,256.6,320.3333333333333,362.0,330.0,364.0,365.8,347.2,290.6666666666667,44.4,28.8,55.6,80.4,77.8,64.2,64.4,70.8,73.0,24.0,0.4315352697095436,0.40543276,2.317307692307692,-0.04591755231801617,-0.04591755231801617,medium
4349,2014/2015,6,15,6,5.582252269820156,5.231172840197459,2,1,5.740117745357988,2.9204831360321,17,7,11.551516162681935,7.86381514832185,45,11,23.31668958539337,18.461530107101176,6.7594936708860756,7.407407407407407,5.987341772151899,6.728395061728395,12.746835443037975,14.135802469135802,23.696202531645568,22.925925925925927,0,8.370610544576277,7.74488291048223,16.11549345505851,29.4499203442601,4.193021144891582,3.31525631587796,7.508277460769547,16.10287924684695,258.2,235.2,209.2,256.4,216.4,297.0,367.6,349.4,359.8,357.0,336.8,300.0,43.0,27.4,52.8,77.6,64.8,57.4,63.0,74.0,59.4,24.0,256.6,248.4,233.8,255.0,230.0,316.6666666666667,223.2,217.4,226.4,231.6,216.4,173.3333333333333,39.6,30.4,54.0,65.0,231.0,201.2,212.8,229.8,226.6,92.66666666666666,0.2166076105376676,0.024433361,4.61664295874822,-0.24531033098104266,-0.24531033098104266,medium
4350,2014/2015,6,8,2,8.260721899798101,2.659886999134044,8,4,8.05259345598191,3.39556493283236,16,6,15.9865152465574,5.919294325606961,26,14,26.657324840025666,19.219856096257363,7.3125,4.6419753086419755,6.65,5.271604938271605,13.9625,9.91358024691358,21.375,18.839506172839506,1,10.26950954982376,9.16817477391883,19.43768432374259,23.25780915691688,4.751538777729244,3.719230007403644,8.470768785132881,14.58300971964557,259.0,239.0,224.0,255.6,212.0,294.6666666666667,345.2,337.8,350.4,362.6,333.6,265.6666666666666,49.0,27.8,51.0,75.2,82.6,68.0,57.0,65.8,73.2,42.66666666666666,257.8,237.4,239.0,262.4,224.8,292.0,360.4,325.2,333.2,369.4,330.8,290.3333333333334,41.0,27.6,51.4,68.2,57.0,47.8,61.8,77.0,60.2,24.0,0.4521801543154494,0.9475483,2.211507936507937,0.9042536881647069,0.9042536881647069,easy
4351,2014/2015,6,7,4,7.773332558200323,4.42046211458814,5,2,7.74582824460613,5.163645351415656,12,6,16.582523556044166,9.29175606331544,21,30,25.955076778486916,19.537261255585342,4.8,4.894285714285714,5.24255319148936,5.252857142857142,10.042553191489361,10.147142857142857,19.13191489361702,19.89285714285714,1,6.698922835205778,8.094809501187052,14.79373233639282,25.08865906874661,5.841689166111068,5.559974198695285,11.40166336480636,18.80272037805408,256.6,248.4,233.8,255.0,230.0,316.6666666666667,367.6,349.2,374.8,403.2,352.4,250.0,39.6,30.4,54.0,65.0,79.0,61.2,68.4,81.4,76.4,30.33333333333333,270.2,243.6,233.2,279.8,227.4,308.0,367.6,338.2,331.6,369.0,337.6,277.6666666666667,44.6,26.8,44.8,74.6,76.6,60.2,59.0,58.4,71.0,29.66666666666667,0.5434782608695653,0.7392925,1.8399999999999996,0.42892643383571066,0.42892643383571066,medium
4352,2014/2015,6,4,7,1.2239269353080546,7.520026275102924,4,8,3.9420317176804875,6.412929564484832,8,15,4.677727591845987,14.272902002234343,26,16,20.568740338239714,20.08143332073894,4.777310924369747,6.345679012345679,5.3781512605042,6.901234567901234,10.155462184873949,13.246913580246913,20.98319327731092,23.876543209876544,0,4.911730529953277,5.832714417672742,10.74444494762602,21.69857990177273,6.854012521680089,6.514247853265267,13.36826037494536,18.05738645058977,257.0,222.8,224.4,262.0,219.2,282.6666666666666,271.8,247.4,270.2,270.6,255.8,225.3333333333333,43.4,25.2,60.8,72.2,141.2,119.0,115.0,150.8,131.6,65.33333333333334,257.8,237.4,239.0,262.4,224.8,292.0,208.0,186.0,188.8,216.8,182.4,164.3333333333333,41.0,27.6,51.4,68.2,204.2,171.4,196.8,230.0,209.2,95.0,0.3488372093023256,0.0120059075,2.8666666666666667,-0.5172766325995326,-0.5172766325995326,medium
4353,2014/2015,6,14,6,8.683830085140151,4.674713438265616,8,3,6.908384820692806,2.9312990374693833,22,9,15.412437235008529,7.251553161665004,22,9,17.476091258995876,14.363024180738174,6.481481481481482,7.2,6.382716049382716,6.3375,12.864197530864198,13.5375,22.469135802469136,22.925,0,9.23522431834272,6.784683735550942,16.01990805389366,22.06815531412239,5.313422117793261,4.267868283858911,9.581290401652161,15.74957473595316,264.4,232.0,205.8,234.0,202.4,279.0,273.4,248.8,256.0,291.8,251.6,225.0,41.8,26.4,52.8,75.6,140.8,124.4,118.2,140.2,130.0,76.0,276.0,244.2,239.2,271.0,228.0,308.0,362.8,340.4,367.6,372.2,342.8,310.0,48.2,28.6,51.6,79.2,77.2,71.2,74.0,58.6,73.6,26.33333333333333,0.2558058925476603,0.092284754,3.909214092140922,-0.21972915507301258,-0.21972915507301258,medium
4355,2014/2015,6,7,0,7.122831032764689,2.48503718219492,8,7,6.256727640143677,3.587716655649369,15,7,12.616395824625734,5.935007146759733,19,11,22.947088014375304,14.490942890626592,6.775,5.1,6.575,5.445714285714284,13.35,10.545714285714286,22.875,19.98285714285714,1,7.465836386031579,7.440755813044518,14.9065921990761,26.29132075596035,4.880782115562325,4.618518231440301,9.499300347002638,17.42226835437219,271.2,250.2,258.4,299.8,251.4,240.0,281.4,288.4,301.2,286.8,284.6,219.6666666666667,42.4,31.6,56.8,82.4,137.0,117.2,133.4,142.6,140.0,48.66666666666666,267.6,248.6,223.6,261.8,224.8,300.6666666666667,329.2,318.2,347.4,375.4,315.4,245.3333333333333,41.8,30.6,56.4,80.6,75.2,65.2,45.8,77.2,73.0,29.66666666666667,0.6698774080560421,0.9644505,1.4928104575163397,0.892314181719914,0.892314181719914,easy
4356,2014/2015,6,6,4,4.8120520247416625,6.336051644372272,4,11,7.690638511636092,5.948315067910488,10,15,12.588178478969127,12.339682844106973,10,30,24.02890971741564,20.57164218268369,4.62962962962963,6.1234567901234565,5.012345679012346,6.296296296296297,9.641975308641975,12.419753086419753,21.790123456790123,20.54320987654321,1,5.908789217355812,5.831243316006923,11.74003253336273,28.49250433757024,5.232988423891187,5.286189203171699,10.51917762706289,18.68869489501593,255.4,220.4,198.6,229.2,215.0,299.6666666666667,347.4,326.2,333.6,361.6,318.8,246.3333333333333,40.2,22.4,53.8,74.4,67.2,49.8,60.8,80.8,64.2,23.33333333333333,276.0,241.8,218.8,268.4,220.4,292.3333333333333,187.0,197.6,217.2,218.4,193.6,140.3333333333333,45.6,31.0,53.8,76.4,224.4,190.0,187.6,218.4,208.8,93.33333333333336,0.4667124227865477,0.32372904,2.1426470588235293,-0.26811684850253353,-0.26811684850253353,medium
4357,2014/2015,6,5,1,6.180421411573198,6.1654026259676895,10,6,6.138188947723226,5.399449318533099,15,7,12.800415438952614,11.301091001199426,33,12,21.062947983189048,14.8722974093348,4.819444444444445,6.936708860759493,5.194444444444445,6.594936708860759,10.01388888888889,13.531645569620252,19.48611111111111,22.49367088607595,0,6.480544282066807,6.724443993290414,13.20498827535723,25.68967721042684,3.94572899291219,4.874016980134995,8.819745973047182,21.00178484486525,256.4,230.4,198.0,246.2,217.0,297.6666666666667,294.8,280.0,297.8,286.4,280.6,224.3333333333334,43.0,27.4,52.8,77.6,136.0,120.4,114.6,137.8,129.0,65.33333333333334,261.6,236.2,219.6,273.8,211.8,299.3333333333334,364.2,337.4,350.4,353.2,342.8,256.0,49.0,27.8,51.0,75.2,82.6,68.0,57.0,65.8,73.2,42.66666666666666,0.3893129770992367,0.006426601,2.568627450980392,-0.6269764586351813,-0.6269764586351813,hard
4358,2014/2015,6,10,7,6.426045680090337,3.4140660330374484,7,4,7.089910341762829,3.1885373557275214,17,11,13.650590180260416,5.879955602818973,29,18,23.336404739550662,19.09979226849037,5.269230769230769,5.022857142857142,5.5256410256410255,5.3042857142857125,10.794871794871796,10.327142857142857,19.794871794871796,19.85428571428571,1,7.639414744117664,7.76487252511467,15.40428726923234,26.71222583744152,4.700919257707651,3.814208011558463,8.515127269266111,16.93600106098548,282.8,265.2,227.6,263.0,245.6,334.6666666666666,357.0,342.0,399.0,393.4,364.0,263.0,47.4,25.0,57.0,82.8,78.6,73.8,75.6,64.8,79.4,27.66666666666667,276.4,250.6,238.4,267.0,244.4,312.0,328.2,309.2,363.8,385.2,335.4,190.0,41.2,29.6,64.2,81.0,70.2,61.2,66.4,69.8,67.2,23.66666666666667,0.696594427244582,0.97063833,1.4355555555555557,0.9032263482103543,0.9032263482103543,easy
4359,2014/2015,7,3,14,1.0880220109356962,5.423634124915861,5,11,3.352387487641498,5.424544478041097,8,25,3.959555090015188,10.51726530522291,7,30,19.313580910979482,20.95740872053023,4.609756097560975,6.353658536585366,5.2560975609756095,6.914634146341464,9.865853658536585,13.268292682926829,18.78048780487805,23.78048780487805,0,4.280727770831676,5.315766087687509,9.59649385851918,18.23372324441554,8.524879811068828,6.157581150047957,14.68246096111678,19.31364291883794,283.8,272.0,241.8,280.0,256.6,320.3333333333333,356.4,330.0,364.0,360.4,345.6,317.3333333333334,44.4,28.8,55.6,80.4,77.8,64.2,64.4,70.8,73.0,24.0,257.8,236.0,221.2,265.6,217.4,289.0,287.8,268.4,274.8,256.8,270.2,256.6666666666666,44.4,27.8,52.2,73.8,145.2,130.4,131.0,138.4,133.4,99.0,0.6361646262244228,0.43365252,1.5719201583635762,-0.556603674742162,-0.556603674742162,hard
4360,2014/2015,7,3,3,9.0578654921698,6.70202830050977,2,6,5.986774404148148,4.184319997456569,5,9,15.14102525367782,11.340901825114777,13,16,21.562439555119568,24.499471553656036,7.320987654320987,6.8625,6.666666666666667,5.9375,13.987654320987655,12.8,21.432098765432098,23.9625,1,7.97596369359775,8.718054500044097,16.69401819364186,23.15295135003429,4.704039884968446,4.339591320387753,9.043631205356203,19.38270367470042,233.6,223.6,206.0,242.6,208.4,302.0,364.2,330.0,334.2,353.2,332.6,256.0,41.4,31.0,42.6,73.4,75.8,61.0,53.0,72.2,70.2,22.66666666666667,250.0,245.2,224.0,263.2,233.4,312.6666666666666,380.6,346.2,394.0,398.6,373.2,243.6666666666667,42.2,29.4,51.4,81.6,75.4,67.4,79.0,87.6,79.4,23.33333333333333,0.1304347826086956,0.95024276,7.6666666666666705,0.9427791714668273,0.9427791714668273,easy
4361,2014/2015,7,7,5,5.339447678620317,5.249997972498479,7,5,5.5851148396174475,4.73478185099588,14,10,10.987042217498983,10.254526455771387,20,20,29.189558066143714,13.14629440511921,4.767634854771783,4.8277310924369745,5.360995850622405,5.239495798319327,10.12863070539419,10.067226890756302,21.045643153526967,19.155462184873944,1,6.590840835676845,7.429980027506431,14.02082086318328,26.00360370415006,6.649712127878542,5.334938623706406,11.98465075158497,17.25785366366479,276.0,241.8,218.8,268.4,220.4,292.3333333333333,208.0,200.6,205.4,211.4,181.2,177.6666666666667,45.6,31.0,53.8,76.4,223.8,188.2,202.2,227.0,213.4,107.6666666666667,260.8,238.0,209.2,251.6,217.0,279.6666666666667,273.4,248.8,256.0,291.8,251.6,225.0,41.8,26.4,52.8,75.6,140.8,124.4,118.2,140.2,130.0,76.0,0.407185628742515,0.93345237,2.455882352941176,0.8877428830272018,0.8877428830272018,easy
4362,2014/2015,7,10,3,5.25017884901181,7.256081306242045,5,6,6.377300050091728,6.041096608963901,15,9,11.488682435390476,13.760891022860331,32,28,27.779040247304273,20.90872118378028,4.882933709449929,5.047954866008462,5.211565585331451,5.287729196050774,10.094499294781382,10.335684062059238,20.02115655853314,19.830747531734833,0,6.714839921451603,6.810487270407722,13.52532719185932,26.0605273212034,5.22715492438848,4.823739987067793,10.05089491145628,18.66845251489958,257.8,236.0,221.2,265.6,217.4,289.0,287.8,268.4,274.8,256.8,270.2,256.6666666666666,44.4,27.8,52.2,73.8,132.6,112.4,134.0,161.6,128.4,59.99999999999999,254.8,240.4,214.2,246.2,221.8,300.6666666666667,365.0,351.0,352.4,365.2,341.2,310.3333333333334,43.0,27.4,52.8,77.6,71.2,63.0,51.6,63.8,69.6,41.33333333333334,0.39871625448367,0.0207251,2.5080492424242427,-0.628640253578124,-0.628640253578124,hard
4363,2014/2015,7,11,3,8.108993028955105,4.8694853488492775,5,4,7.682595146919521,3.016407924776113,16,7,16.364131880309518,8.215607184270544,19,19,25.478440979972227,16.47875365429372,6.573170731707317,5.329113924050633,6.402439024390244,5.544303797468355,12.975609756097562,10.873417721518987,22.463414634146343,19.911392405063292,1,8.573759162737444,6.727929504749548,15.30168866748701,21.99668731827786,4.475957452429388,4.041423391181746,8.517380843611125,18.03373759081139,290.6,252.0,239.4,283.2,238.6,314.6666666666667,344.0,316.6,366.8,391.4,331.4,274.0,48.2,28.6,51.6,79.2,77.2,71.2,74.0,58.6,73.6,26.33333333333333,233.6,232.2,220.0,247.2,212.0,302.0,211.6,193.0,213.0,205.4,196.6,177.0,41.4,31.0,42.6,73.4,218.8,179.8,204.2,208.0,196.8,87.33333333333334,0.6521739130434783,0.9794404,1.5333333333333332,0.9408911243081092,0.9408911243081092,easy
4365,2014/2015,7,2,5,6.566657843368475,5.2110383163066265,3,4,7.437345671446035,6.915592698744421,5,9,14.317479962660117,11.729948719434471,19,18,25.248895161386624,13.974760875660998,4.821917808219178,4.646341463414634,5.260273972602739,5.0,10.082191780821917,9.646341463414634,19.671232876712327,21.646341463414632,1,6.25928325442846,6.155433391024915,12.41471664545337,26.64842263404913,4.409755316090279,5.30894806869885,9.71870338478913,22.5081234649572,262.2,255.0,238.2,273.2,240.2,320.6666666666666,377.2,352.8,381.8,388.8,357.8,286.3333333333333,42.2,29.4,51.4,81.6,75.4,67.4,79.0,87.6,79.4,23.33333333333333,263.4,260.8,217.8,263.8,233.8,316.6666666666666,364.2,335.8,354.4,371.0,350.4,316.3333333333334,44.4,28.8,55.6,80.4,77.8,64.2,64.4,70.8,73.0,24.0,0.6535626535626535,0.9227079,1.5300751879699248,0.7768944789331855,0.7768944789331855,easy
4367,2014/2015,7,5,5,3.0161574542878227,4.575175837756535,2,4,3.2172042697700225,4.34979415489801,7,9,6.142334805072441,8.842698744194436,23,17,18.613505591556546,19.872242447393997,7.390243902439025,6.777777777777778,6.658536585365853,6.592592592592593,14.048780487804878,13.37037037037037,22.78048780487805,22.82716049382716,1,5.501749824227962,4.755048171080478,10.25679799530846,21.85011651043306,6.561602900409411,7.601779721346819,14.16338262175623,17.16112296261493,259.6,237.8,238.2,265.4,237.6,296.6666666666667,351.8,326.6,344.0,375.6,328.4,302.0,41.0,27.6,51.4,68.2,57.0,47.8,61.8,77.0,60.2,24.0,282.8,265.2,227.6,263.0,245.6,334.6666666666666,354.0,329.4,392.8,386.8,355.0,262.0,47.4,25.0,57.0,82.8,77.4,73.2,65.8,74.8,76.2,33.66666666666666,0.1390474111604809,0.9375186,7.191791574212446,0.9274275910650911,0.9274275910650911,easy
4368,2014/2015,7,5,5,8.01096560014169,6.182509953842894,4,3,6.205554353502455,4.984438760011184,9,8,14.992404035398561,11.057388849400745,25,14,25.996212300444185,19.551453336244897,5.65,5.035260930888575,5.8375,5.465444287729195,11.4875,10.500705218617771,23.65,19.868829337094493,1,8.452549988970416,5.774831522483376,14.2273815114538,27.90905969522742,5.580568628440417,4.84500606062263,10.42557468906304,22.48147851172719,254.4,240.0,219.2,260.0,214.6,294.0,302.6,273.6,267.2,285.2,271.6,244.0,40.6,28.2,46.6,75.2,148.6,128.6,124.4,129.8,136.8,56.0,261.8,208.0,212.4,263.4,204.4,280.6666666666666,341.6,309.0,329.8,341.2,320.8,263.6666666666667,43.4,25.2,60.8,72.2,71.4,57.4,55.4,80.2,66.6,27.0,0.4765957446808511,0.5712582,2.0982142857142856,0.18085913832594708,0.18085913832594708,medium
4369,2014/2015,8,13,3,9.089691024633225,2.502117067416174,7,0,6.460386490700096,1.905382752851707,20,3,16.318659757825436,4.0429902376132345,25,4,27.97217671572954,11.000402150485826,6.814814814814815,4.795081967213115,5.938271604938271,5.381147540983606,12.753086419753087,10.176229508196721,23.864197530864196,21.032786885245898,0,7.924137123005773,8.98270563970849,16.90684276271426,27.6750705218357,4.629006063900767,4.126133936735707,8.755140000636459,17.59219746362628,258.0,236.8,216.6,286.4,217.8,300.3333333333333,225.0,206.4,218.6,225.8,204.6,175.6666666666667,44.6,26.8,44.8,74.6,219.2,185.4,186.2,220.8,207.0,91.33333333333333,183.8,167.0,158.8,199.2,157.8,220.3333333333333,355.6,344.0,373.2,370.4,362.4,249.6666666666667,42.4,31.6,56.8,82.4,160.2,144.4,165.6,151.2,167.0,65.33333333333333,0.3495811119573496,0.11772898,2.860566448801743,-0.3564658841288341,-0.3564658841288341,medium
4370,2014/2015,8,2,2,6.902596390831573,6.1836057958858595,9,6,5.300233491327446,4.0042332509035194,11,8,11.499750786925794,10.63794253560245,18,18,24.99803949284412,23.207589028978802,5.022284122562674,5.6419753086419755,5.2966573816155975,5.814814814814815,10.318941504178273,11.45679012345679,19.93314763231197,23.666666666666668,0,4.837192514630079,4.465362487302462,9.302555001932541,19.34072085819702,6.252877844356354,7.412162204730583,13.66504004908694,24.90746308887251,257.6,246.0,219.4,263.6,220.2,299.0,355.2,334.0,314.8,369.2,331.8,250.6666666666667,41.8,30.6,56.4,80.6,63.8,65.0,62.6,54.2,73.8,26.66666666666667,244.2,244.2,233.4,264.0,227.0,299.0,367.6,349.2,374.8,403.2,352.4,250.0,39.6,30.4,54.0,65.0,80.2,71.4,66.8,61.6,75.8,27.66666666666667,0.2432432432432433,0.051176906,4.11111111111111,-0.25380194612911783,-0.25380194612911783,medium
4371,2014/2015,8,3,5,3.869820572941144,8.545351184057909,3,7,5.128799941664952,6.026936028599033,6,12,9.016832762621007,13.762828266641314,13,8,22.965905618188167,19.170805439436627,4.829875518672199,7.2682926829268295,5.236514522821576,6.609756097560975,10.066390041493776,13.878048780487806,19.165975103734436,21.329268292682926,0,4.293597076181595,6.101044454935137,10.39464153111674,22.17143847789807,7.356254479231519,6.488133844198035,13.84438832342956,19.11714959647674,277.0,256.4,248.8,247.8,240.6,304.3333333333333,338.6,313.8,369.2,367.2,344.8,215.3333333333333,41.2,29.6,64.2,81.0,77.8,70.8,70.2,74.8,76.8,36.33333333333334,253.4,220.2,197.4,228.4,214.4,300.0,212.4,210.0,200.2,205.8,192.2,211.0,40.2,22.4,53.8,74.4,210.8,184.6,200.6,228.8,192.6,102.0,0.6069364161849711,0.07941827,1.6476190476190478,-1.3420681743060838,-1.3420681743060838,hard
4372,2014/2015,8,10,6,6.506798797758609,4.1220194872933655,2,4,6.4807327148726745,3.8649118695973397,12,10,13.286880404696257,7.884657520341411,10,24,22.059223379018654,12.356687385429048,7.185185185185185,4.590361445783133,6.296296296296297,5.253012048192771,13.481481481481481,9.843373493975903,22.753086419753085,18.63855421686747,1,7.775021840617967,7.842552666063945,15.61757450668193,26.62757692170592,4.702463464516121,4.427906877259701,9.130370341775825,16.60380252142082,258.4,252.8,241.0,274.6,237.8,305.0,369.4,332.8,367.4,410.2,354.6,212.0,39.2,32.2,53.4,78.4,80.2,71.4,66.8,61.6,75.8,27.66666666666667,262.8,237.2,237.8,264.0,236.8,299.3333333333334,342.4,311.0,320.6,374.6,320.2,248.0,36.0,29.8,50.6,60.8,75.0,59.8,67.6,76.0,74.8,25.0,0.674237047551455,0.9703453,1.483157894736842,0.9089685261639114,0.9089685261639114,easy
4373,2014/2015,8,11,12,8.514090422144331,4.207044695403198,5,6,7.350216406899515,2.3345354199410204,16,18,16.79395591444832,6.125068062336849,13,11,28.52904556536219,17.871271885056515,6.445783132530121,7.36144578313253,6.963855421686747,6.602409638554217,13.409638554216867,13.963855421686747,23.85542168674699,22.783132530120483,1,9.85637270517685,9.782895198632554,19.6392679038094,29.8409708718847,2.805876862399879,2.870827353131705,5.676704215531588,15.28084431628461,261.8,208.0,212.4,263.4,204.4,280.6666666666666,341.8,309.0,329.8,341.8,320.8,266.6666666666667,43.4,25.2,60.8,72.2,71.4,57.4,55.4,80.2,66.6,27.0,270.2,243.6,233.2,279.8,227.4,308.0,337.0,312.8,349.0,381.4,324.4,260.3333333333333,44.6,26.8,44.8,74.6,76.6,60.2,59.0,58.4,71.0,29.66666666666667,0.1771210156303324,0.87618816,5.645857418111754,0.8495382147766378,0.8495382147766378,easy
4374,2014/2015,8,9,4,9.05654744246535,2.9134440737805622,7,2,11.215626479575628,3.3753178171626583,16,6,20.685883849939145,5.9703066423737265,27,24,33.85789343301087,17.10717716222962,6.097560975609756,4.947075208913649,6.353658536585366,5.208913649025068,12.451219512195122,10.155988857938718,20.658536585365855,20.171309192200553,1,7.210085816303156,7.016070330112901,14.22615614641606,25.78579630383676,4.599263015853267,4.480413669906392,9.079676685759658,20.68802453188391,282.4,267.2,236.4,260.2,249.2,336.0,361.2,332.0,383.8,379.0,346.6,277.0,36.2,28.2,56.4,81.4,77.4,73.2,65.8,74.8,76.2,33.66666666666666,322.2,290.2,265.0,339.6,265.0,363.0,214.8,204.2,205.8,179.4,204.4,200.0,44.4,27.8,52.2,73.8,135.2,116.8,136.4,145.4,128.0,60.66666666666666,0.8243645523242501,0.9845502,1.2130555555555556,0.9120347164911273,0.9120347164911273,easy
4375,2014/2015,8,9,6,4.23769373495552,8.141164368603611,5,7,5.871235245713848,6.0987044224959375,14,13,10.072670490209964,13.99566206485949,25,11,20.384358571947164,16.121477959569056,5.034818941504178,6.626506024096385,5.434540389972144,6.385542168674699,10.469359331476323,13.012048192771084,19.795264623955426,22.42168674698795,0,5.305799434807431,5.255079367406557,10.56087880221399,23.17959601448944,6.329530326818097,6.120858014815799,12.4503883416339,19.64686776261113,253.4,220.2,197.4,228.4,214.4,300.0,349.8,326.0,330.2,368.0,310.6,269.0,40.2,22.4,53.8,74.4,75.2,69.2,71.4,68.0,74.2,44.0,267.6,248.6,223.6,261.8,224.8,300.6666666666667,355.2,334.0,314.8,369.2,331.8,250.6666666666667,41.8,30.6,56.4,80.6,63.8,65.0,62.6,54.2,73.8,26.66666666666667,0.375,0.030660618,2.6666666666666665,-0.5509430043399334,-0.5509430043399334,hard
4376,2014/2015,8,4,3,6.241158742383598,1.6748275687054013,7,5,6.459839552797261,3.379733798453226,11,8,11.674355376961204,3.8691287660318547,23,19,20.81400747881599,13.513488118868512,6.7560975609756095,4.783783783783784,6.560975609756097,5.22972972972973,13.317073170731707,10.013513513513514,22.75609756097561,19.66216216216216,1,7.616272930839352,7.751521738803902,15.36779466964327,27.07262376172586,4.125013926537279,4.529663007750665,8.654676934287933,16.54539038712473,283.8,272.0,241.8,280.0,256.6,320.3333333333333,353.2,322.4,352.6,387.4,332.2,257.6666666666667,44.4,28.8,55.6,80.4,77.8,64.2,64.4,70.8,73.0,24.0,252.0,248.8,220.6,258.8,222.0,291.6666666666667,231.4,219.4,208.8,214.2,205.4,206.0,40.6,28.2,46.6,75.2,208.6,177.6,201.0,246.2,198.2,89.0,0.6698774080560421,0.9483352,1.4928104575163397,0.8434980503760219,0.8434980503760219,easy
4377,2014/2015,8,6,7,5.79369483925711,3.3579177192486505,8,3,7.4779494017858905,4.707185857210877,14,10,13.759059913227507,7.471783825203245,17,13,24.963969814670676,16.737653261265873,4.650602409638554,6.8625,4.9879518072289155,6.5875,9.63855421686747,13.45,21.602409638554217,22.3625,1,4.874162199701566,5.451493179209693,10.32565537891127,25.82921007088711,5.449211348051539,6.149118015158167,11.59832936320971,20.83939490461893,264.6,239.4,209.0,236.0,208.0,281.3333333333333,344.6,313.8,318.6,361.4,319.2,280.3333333333334,41.6,25.2,52.0,65.2,68.0,63.4,57.0,77.4,61.8,37.0,285.4,254.6,251.4,294.6,249.6,328.3333333333333,374.8,364.4,397.0,368.6,366.8,282.6666666666666,42.2,29.4,51.4,81.6,54.8,49.2,59.4,68.4,57.4,25.0,0.14004914004914,0.9557059,7.140350877192986,0.9484922674724033,0.9484922674724033,easy
4378,2014/2015,8,2,11,5.159535686617641,3.807180327220853,3,8,5.440507815296812,3.90667373019886,5,19,10.636270914731243,7.1561339541668065,10,44,18.70065032292132,20.728029438976293,5.3,5.775,5.525,6.225,10.825,12.0,19.9,25.7375,0,4.262112907116629,5.889389633931509,10.15150254104813,20.76104110453993,6.053334473261995,5.521106819558029,11.57444129282002,19.37029269683959,203.6,190.0,171.6,191.0,193.4,233.6666666666667,368.8,346.6,382.0,386.4,372.8,217.3333333333334,42.4,31.6,56.8,82.4,137.0,117.0,133.4,142.4,139.8,48.66666666666666,203.6,182.4,162.6,199.0,173.4,241.0,299.2,284.0,287.2,303.8,273.2,278.6666666666667,45.6,28.0,45.0,71.0,199.6,176.6,226.4,248.6,205.8,125.6666666666667,0.5397727272727273,0.033545047,1.8526315789473684,-1.0999515376709126,-1.0999515376709126,hard
4379,2014/2015,9,7,8,6.0293822918935005,6.636503735987709,7,4,5.53831733516083,4.638058941815903,14,12,11.355494218226836,10.997819331195945,37,12,20.610909738120895,13.69981722071368,4.9848693259972485,7.219512195121951,5.342503438789545,6.2439024390243905,10.327372764786794,13.463414634146341,19.909215955983488,22.597560975609756,0,3.803420967685326,5.175265429646828,8.97868639733216,22.21187844230016,6.569711262567652,7.632852612701979,14.20256387526963,25.80444438606001,233.6,232.2,220.0,247.2,212.0,302.0,355.2,327.4,356.8,348.6,333.0,242.3333333333334,41.4,31.0,42.6,73.4,77.0,57.2,62.4,60.2,63.2,28.0,261.6,236.2,219.6,273.8,211.8,299.3333333333334,294.6,274.8,261.6,270.0,268.4,249.0,49.0,27.8,51.0,75.2,149.2,127.2,115.2,135.6,138.2,65.66666666666666,0.3306320907617503,0.006457301,3.0245098039215694,-0.4842998539266732,-0.4842998539266732,medium
4380,2014/2015,9,14,3,10.93765408718252,3.1268282600407518,6,2,8.231386599690367,1.7828470931650764,20,5,20.115889210044543,5.068000705101992,38,12,21.082466089683372,13.536242034813903,6.619047619047619,4.77327935222672,6.392857142857143,5.31578947368421,13.011904761904763,10.089068825910932,22.285714285714285,20.825910931174086,0,8.039466481066219,10.11398383626285,18.15345031732907,27.96896467087057,3.941300068564405,3.397249621324594,7.338549689888998,14.99547053865111,256.4,233.0,218.6,260.6,212.0,291.6666666666667,345.4,312.8,359.6,372.8,323.8,251.6666666666667,44.0,30.8,48.6,70.8,85.4,66.6,63.8,73.2,70.6,31.66666666666667,282.4,259.6,255.6,271.8,246.2,312.0,338.6,313.8,369.2,367.2,344.8,215.3333333333333,41.2,29.6,64.2,81.0,77.8,70.8,70.2,74.8,76.8,36.33333333333334,0.3893129770992367,0.08540544,2.568627450980392,-0.4976485744118691,-0.4976485744118691,medium
4381,2014/2015,9,6,3,5.476506854705704,4.918858577474694,9,4,6.948663638915917,4.089949543669586,15,7,12.921017824706928,7.560671955784574,31,17,30.02673644847196,7.426036688959096,5.839506172839506,7.240963855421687,6.246913580246914,6.614457831325301,12.08641975308642,13.855421686746988,25.962962962962962,21.16867469879518,0,6.150122724081252,4.19028338644801,10.34040611052927,23.25894041674622,5.759994767742898,5.409885478092496,11.16988024583539,16.00896040819953,254.8,240.4,214.2,246.2,221.8,300.6666666666667,363.4,344.0,362.4,372.0,356.6,270.3333333333333,43.0,27.4,52.8,77.6,77.6,59.8,56.2,78.0,71.6,29.0,275.8,242.2,219.6,269.4,221.4,293.3333333333333,219.0,206.8,210.2,216.4,191.4,190.0,45.6,31.0,53.8,76.4,223.8,188.2,202.2,227.0,213.4,107.6666666666667,0.4549295774647887,0.026567174,2.198142414860681,-0.7858845234754704,-0.7858845234754704,hard
4382,2014/2015,9,3,10,6.793320721261448,3.7826656880590974,3,6,7.628310165195038,4.459738372213646,6,16,15.253760073136597,8.027784376274102,13,27,26.403776541020036,14.968658520058685,5.083906464924346,4.607142857142857,5.4291609353507555,5.238095238095238,10.513067400275103,9.845238095238095,19.85969738651994,18.702380952380953,1,5.768545650571864,7.720379704959894,13.48892535553176,25.94593605821222,4.573290918365028,5.345954123136673,9.919245041501693,19.39892166437193,210.2,181.0,159.6,188.4,164.8,225.0,297.4,264.2,254.2,286.4,245.2,281.0,45.6,31.0,53.8,76.4,224.4,190.0,187.6,218.4,208.8,93.33333333333336,203.6,190.0,171.6,191.0,193.4,233.6666666666667,362.8,342.0,382.2,386.2,371.2,225.6666666666667,42.4,31.6,56.8,84.0,153.6,140.6,155.6,154.2,164.2,56.0,0.1557505107559188,0.8982063,6.420524691358023,0.8794269848972878,0.8794269848972878,easy
4383,2014/2015,9,5,2,6.133230674919629,2.350945521569881,12,2,5.863897908874673,4.341415963892876,17,4,11.636704276051056,6.168198609716398,20,10,22.438385261244278,12.155731636832243,6.72289156626506,4.666666666666667,6.566265060240964,5.023809523809524,13.289156626506024,9.69047619047619,22.759036144578314,21.547619047619047,1,8.526357676861519,7.793337510719765,16.31969518758127,25.66280721857235,4.734247289960783,3.877741484412025,8.611988774372815,16.30984940898473,205.2,175.8,159.2,186.8,158.2,241.3333333333333,282.6,283.2,296.0,293.0,273.2,248.6666666666667,45.6,28.0,45.0,71.0,199.6,176.6,226.4,248.6,205.8,125.6666666666667,265.2,262.6,249.6,259.8,246.4,318.3333333333333,217.6,204.0,221.4,242.0,203.8,147.0,39.2,32.2,53.4,78.4,233.2,201.8,213.4,230.0,226.4,92.66666666666666,0.3475935828877006,0.927069,2.8769230769230765,0.8882123324714724,0.8882123324714724,easy
4384,2014/2015,9,4,5,4.232687931065693,7.591237048336909,3,9,3.6099231528356692,5.743876688922757,7,14,7.212936548293193,13.289922055899897,17,24,17.59653882228596,20.631742738028,4.76,6.890243902439025,5.226666666666667,5.951219512195122,9.986666666666666,12.841463414634147,19.653333333333332,23.878048780487806,0,5.214102841311239,6.685892488327269,11.89999532963851,25.63267884906248,5.386440532986193,5.805615296417263,11.19205582940346,24.51129226807706,279.2,270.0,252.4,261.0,247.0,316.6666666666667,369.4,349.4,399.4,406.0,371.4,236.6666666666666,42.2,29.4,51.4,81.6,78.0,74.0,77.2,73.0,76.4,67.33333333333333,253.4,220.2,197.4,228.4,213.4,300.0,357.6,330.8,336.6,364.0,318.4,274.3333333333333,40.2,22.4,53.8,74.4,67.2,57.2,55.4,79.0,66.8,30.66666666666667,0.7561436672967865,0.074298196,1.3224999999999998,-2.7960949734777465,-2.7960949734777465,hard
4385,2014/2015,9,2,4,7.963380079236554,4.419159299728045,5,4,6.573990613171031,4.133622837344324,7,8,14.492566750945237,8.737281396577979,12,12,22.332835723915174,23.888466758241886,6.864197530864198,4.9353507565337,6.54320987654321,5.169188445667124,13.407407407407407,10.104539202200826,22.246913580246915,20.21870701513067,1,7.680115299058686,7.673954231595778,15.35406953065446,25.45441244576853,4.524183666753076,4.453144061484834,8.97732772823791,17.49490042997767,260.8,237.8,239.8,268.6,240.0,299.0,361.2,325.2,333.6,371.6,330.8,294.6666666666667,36.0,29.8,50.6,60.8,62.4,57.8,61.8,77.6,61.2,24.0,219.8,223.0,192.0,232.6,194.0,303.6666666666667,213.8,204.8,215.0,200.8,199.4,183.0,41.4,31.0,42.6,73.4,217.6,183.6,194.8,220.0,203.8,82.00000000000001,0.4765957446808511,0.9564619,2.0982142857142856,0.9168174635104047,0.9168174635104047,easy
4386,2014/2015,9,8,2,6.627268835114547,6.008240667079896,9,4,4.257527361014725,5.278974857809529,17,6,11.326409878623918,11.374217704650711,39,13,22.82559596071976,18.402113474780748,7.416666666666667,6.132530120481928,6.595238095238095,6.36144578313253,14.011904761904763,12.493975903614459,22.642857142857142,20.734939759036145,0,6.093013880863227,5.74623258733907,11.83924646820229,24.46511299708203,5.774271811001118,6.536942267103173,12.3112140781043,16.32968459433734,244.0,228.6,201.2,246.4,208.4,295.6666666666667,301.8,273.6,266.4,284.6,271.0,244.0,40.6,28.2,46.6,75.2,148.6,128.6,124.4,129.8,136.8,56.0,254.8,240.4,214.2,246.2,221.8,300.6666666666667,219.4,213.2,216.4,211.4,214.2,186.6666666666667,43.0,27.4,52.8,77.6,221.6,190.6,202.2,238.6,214.0,112.6666666666667,0.39871625448367,0.0027738605,2.5080492424242427,-0.6584950762387113,-0.6584950762387113,hard
4387,2014/2015,9,7,7,6.266600404239551,4.678604300377295,8,2,6.4903832716101455,2.9933482429251415,15,9,12.564662338731967,7.840241308387665,33,10,24.9373044157187,18.301623690420794,5.2592592592592595,4.807377049180327,5.493827160493828,5.209016393442622,10.753086419753087,10.01639344262295,19.77777777777778,19.090163934426226,0,8.931905977177436,7.609781062705933,16.54168703988337,29.701906923278,5.344368894670839,4.099457422232587,9.443826316903433,16.2049588840948,197.2,177.6,159.4,193.0,156.2,227.3333333333333,338.4,314.4,333.4,375.8,304.0,332.3333333333334,44.6,26.8,41.4,74.4,155.4,126.6,115.4,136.6,141.2,57.66666666666667,283.8,272.0,241.8,280.0,256.6,320.3333333333333,365.8,339.6,349.2,358.8,336.4,285.6666666666667,44.4,28.8,55.6,80.4,77.8,64.2,64.4,70.8,73.0,24.0,0.3973509933774835,0.05455485,2.5166666666666666,-0.5688155984485543,-0.5688155984485543,hard
4388,2014/2015,9,4,9,4.2285902670991575,8.735144181919265,6,13,4.70581503703761,5.551935938759453,10,22,9.524321306890855,14.077433693261934,30,25,20.8686495212566,17.810748968901734,5.597560975609756,6.5,5.817073170731708,6.940476190476191,11.414634146341463,13.44047619047619,23.597560975609756,23.726190476190474,1,5.024196371923433,4.225731764698351,9.249928136621786,21.83023715121015,7.627881215361016,6.946162064769931,14.57404328013095,23.45667048829498,257.6,246.0,219.4,263.6,220.2,299.0,353.8,336.6,344.6,364.8,333.4,256.3333333333334,41.8,30.6,56.4,80.6,63.8,65.0,62.6,54.2,73.8,26.66666666666667,282.8,265.2,227.6,263.0,245.6,334.6666666666666,370.8,346.6,387.8,369.6,359.0,297.6666666666667,47.4,25.0,57.0,82.8,77.4,73.2,65.8,74.8,76.2,33.66666666666666,0.1557505107559188,0.8613011,6.420524691358023,0.835713402647989,0.835713402647989,easy
4019,2014/2015,10,18,3,9.177284161779298,2.78533449721335,11,1,7.385242753844837,2.486080683613454,29,4,17.425087914335364,4.984603426393987,46,4,28.538523041048908,12.18945538753352,6.867469879518072,5.009510869565217,5.9879518072289155,5.362771739130434,12.855421686746988,10.372282608695652,23.879518072289155,20.118206521739125,1,8.092809960910682,8.436305659581004,16.52911562049169,29.67098557032046,4.13145644067041,4.188798043526305,8.32025448419672,17.3132965276365,282.4,259.6,255.4,271.8,246.2,312.6666666666666,266.8,253.0,300.8,295.8,274.0,191.6666666666667,41.2,29.6,64.2,81.0,71.8,63.2,70.6,71.4,72.2,35.66666666666666,261.8,209.8,212.8,263.4,204.4,280.6666666666666,341.8,309.0,329.8,341.8,320.8,266.6666666666667,43.4,25.2,60.8,72.2,71.4,57.4,55.4,80.2,66.6,27.0,0.6521739130434783,0.95246935,1.5333333333333332,0.8633493781089783,0.8633493781089783,easy
4020,2014/2015,10,4,12,4.995952123715618,7.688904664834007,7,5,3.453423003217538,3.9821647266338047,11,17,8.799836598853908,12.519194665513282,29,33,20.33609562518373,22.246348118953023,4.670588235294118,7.423529411764706,5.247058823529412,6.623529411764705,9.91764705882353,14.047058823529412,18.8,22.83529411764706,0,7.541536651625057,7.248143886786887,14.78968053841196,25.94230346513987,4.352433179341308,3.513840537482522,7.866273716823835,15.32666652894601,261.6,236.2,219.6,273.8,211.8,299.3333333333334,294.6,274.8,261.6,270.0,268.4,249.0,49.0,27.8,51.0,75.2,149.2,127.2,115.2,135.6,138.2,65.66666666666666,264.6,239.4,209.0,236.0,208.0,281.3333333333333,344.6,313.8,318.6,361.4,319.2,280.3333333333334,41.6,25.2,52.0,65.2,68.0,63.4,57.0,77.4,61.8,37.0,0.5559515324305061,0.032784652,1.7987179487179485,-1.1781751878176898,-1.1781751878176898,hard
4021,2014/2015,10,9,5,9.30825109009876,3.571565876620953,9,3,8.003584563206365,4.664490008922746,18,8,17.05643011727191,7.863738312516748,32,10,22.956192818960304,14.360023860601682,7.190476190476191,5.058423913043478,6.583333333333333,5.399456521739129,13.773809523809524,10.45788043478261,21.11904761904762,19.775815217391298,1,9.538308863132531,8.445637928542356,17.98394679167489,24.81182374327201,5.118907485280796,4.397495747492123,9.51640323277291,18.26118986789277,273.8,265.2,254.0,269.4,248.4,320.0,213.2,212.8,230.6,235.4,210.6,149.3333333333333,39.2,32.2,53.4,78.4,233.2,201.8,213.4,230.0,226.4,92.66666666666666,166.6,171.4,163.2,193.0,164.0,233.6666666666667,351.4,318.4,347.6,355.8,316.6,314.0,40.6,28.2,46.6,75.2,148.2,124.2,129.0,155.2,138.2,55.66666666666667,0.7609013754755634,0.54808813,1.3142307692307693,-0.8900646859166668,-0.8900646859166668,hard
4022,2014/2015,10,8,5,4.7166851501367235,4.901069822968566,2,0,5.199376165476561,6.004083189483916,10,5,9.29297867379259,11.140655818584637,32,9,17.29434040651771,19.4609149795271,4.834008097165992,4.75,5.170040485829959,5.197368421052632,10.004048582995951,9.947368421052632,18.97975708502024,19.61842105263158,0,3.802038835577793,6.562304849813113,10.36434368539091,24.64408995658503,6.019230637260365,7.069833707201717,13.08906434446206,25.5305432420606,261.8,209.8,212.8,263.4,204.4,280.6666666666666,272.0,247.4,270.2,271.2,255.8,228.3333333333333,43.4,25.2,60.8,72.2,141.2,119.0,115.0,150.8,131.6,65.33333333333334,205.2,175.8,159.2,186.8,158.2,241.3333333333333,282.6,283.2,296.0,293.0,273.2,248.6666666666667,45.6,28.0,45.0,71.0,199.6,176.6,226.4,248.6,205.8,125.6666666666667,0.2045454545454546,0.0035991678,4.8888888888888875,-0.2526181892891016,-0.2526181892891016,medium
4023,2014/2015,10,7,4,7.289565527088616,5.109354136872724,7,4,5.403361316394676,3.8124653067195475,14,8,13.16354013803411,8.626722673226038,32,10,15.45775521020809,15.797439382015105,7.228915662650603,6.804878048780488,6.216867469879518,6.524390243902439,13.44578313253012,13.329268292682928,22.46987951807229,22.121951219512194,0,7.449278796395694,7.581501526762833,15.03078032315853,26.38656288944427,4.2773673897067,4.382675424814976,8.660042814521674,16.91779665022191,282.8,265.2,227.6,263.0,245.6,334.6666666666666,359.6,342.4,399.2,394.0,364.4,265.0,47.4,25.0,57.0,82.8,77.4,73.2,65.8,74.8,76.2,33.66666666666666,271.8,241.2,224.8,259.2,214.6,296.6666666666667,294.8,277.2,270.6,262.2,270.2,242.3333333333333,49.0,27.8,51.0,75.2,161.6,127.0,124.8,144.6,141.4,87.0,0.7329742821632302,0.13298698,1.3643043478260868,-2.2469270759745545,-2.2469270759745545,hard
4024,2014/2015,10,3,3,2.510788225657392,6.175324606456449,5,6,3.341776135943651,6.695859435452947,8,9,6.5705422372176745,13.305007348458767,23,10,15.765741822342612,22.24146210381629,4.752,6.7023809523809526,5.275999999999999,6.630952380952381,10.028,13.333333333333334,20.719999999999995,22.726190476190474,0,4.23059027140128,5.453661510936661,9.68425178233793,20.4193623372878,7.094929583411028,6.722832297586764,13.81776188099778,21.76335722361951,258.4,228.2,188.2,245.0,200.8,299.6666666666667,212.4,211.4,200.4,206.6,193.2,211.6666666666667,40.2,22.4,53.8,74.4,212.4,176.6,191.6,236.4,192.0,93.33333333333333,265.4,234.4,222.6,283.0,229.4,297.6666666666667,224.0,206.0,208.8,209.8,189.6,225.0,44.6,26.8,41.4,74.4,208.6,184.0,208.0,216.4,200.8,123.3333333333333,0.2599342163747889,0.050916113,3.8471272229822153,-0.2824317813769834,-0.2824317813769834,medium
4025,2014/2015,10,7,6,5.863390816018511,6.264905944542861,8,1,4.6841071989075935,5.924358147275664,15,7,10.876446568059594,11.854325238306242,29,8,29.92630717407259,22.940573669034507,4.923913043478261,5.280487804878049,5.154891304347824,5.524390243902439,10.078804347826086,10.804878048780488,20.118206521739125,19.9390243902439,0,6.042960153648442,6.834248560817316,12.87720871446576,24.60292270017267,5.973491815902682,6.229919226821318,12.20341104272401,17.25927455942477,287.6,267.0,240.8,290.6,255.2,319.3333333333333,371.6,342.2,362.6,360.0,350.0,310.0,44.4,28.8,55.6,80.4,77.8,64.2,64.4,70.8,73.0,24.0,252.6,258.2,229.0,267.6,225.2,298.3333333333334,358.0,336.0,350.8,352.6,337.4,253.0,41.8,30.6,56.4,80.6,75.2,65.2,45.8,77.2,73.0,29.66666666666667,0.5335230304108126,0.011932011,1.8743333333333339,-1.1181495575727112,-1.1181495575727112,hard
4026,2014/2015,10,8,3,6.905344168547853,4.181403191644089,5,6,7.9727084038137725,5.4303746485478435,13,9,15.448031204968595,10.074623299571087,21,17,19.00209884788292,20.789166906012262,6.529411764705882,5.841463414634147,7.011764705882353,6.280487804878049,13.541176470588235,12.121951219512194,23.741176470588236,26.024390243902438,1,6.214743716298893,8.604025357129672,14.81876907342857,22.05101167474962,4.741915655362788,4.807571996646114,9.549487652008892,19.63574894315457,264.6,239.4,209.0,236.0,208.0,281.3333333333333,339.8,294.6,308.6,366.8,310.4,227.6666666666667,41.6,25.2,52.0,65.2,72.8,61.0,61.2,62.8,68.2,39.0,288.2,264.4,256.4,273.0,251.0,312.0,273.8,258.6,296.2,295.2,265.6,200.6666666666667,41.2,29.6,64.2,81.0,71.8,63.2,70.6,71.4,72.2,35.66666666666666,0.2558058925476603,0.9361814,3.909214092140922,0.9142447201440542,0.9142447201440542,easy
4027,2014/2015,10,7,4,5.54147936241689,6.906408926001473,4,2,6.393971745124899,6.309830329917248,11,6,11.498637847987691,13.412589185689528,24,21,22.499547599802888,17.97641791917203,6.083333333333333,6.705882352941177,6.333333333333333,6.3882352941176475,12.416666666666666,13.094117647058823,20.642857142857142,22.470588235294116,1,4.967238216141709,5.580663515623385,10.54790173176509,23.17223364001171,6.420128299214045,6.476509920872413,12.89663822008645,20.85715555032885,181.4,162.6,147.8,191.4,166.8,223.3333333333333,362.6,343.6,391.8,385.4,370.6,218.0,42.4,31.6,56.8,84.0,153.6,140.6,155.6,154.2,164.2,56.0,260.8,237.8,239.8,268.6,240.0,299.0,351.0,327.6,336.6,382.6,320.6,283.6666666666667,36.0,29.8,50.6,60.8,63.4,47.6,59.4,71.2,55.4,23.33333333333333,0.696594427244582,0.9132731,1.4355555555555557,0.7141552044420827,0.7141552044420827,medium
4028,2014/2015,10,9,5,6.724403343268772,4.395365163740843,9,4,7.782924654035094,5.014035361373435,18,9,14.352415452412446,9.463826747386596,41,13,21.648507110561276,22.97670281854782,4.635294117647059,5.578313253012048,4.988235294117647,5.819277108433735,9.623529411764705,11.397590361445783,21.41176470588235,23.674698795180724,0,6.457447878277302,7.955813716579995,14.41326159485731,25.85376835064743,4.972050588433398,5.819917169799806,10.7919677582332,19.64896558781754,232.4,221.4,206.6,245.0,202.6,298.3333333333334,358.2,337.4,373.4,345.6,341.8,275.6666666666667,41.4,31.0,42.6,73.4,75.8,61.0,53.0,72.2,70.2,22.66666666666667,179.0,156.0,135.8,194.8,138.0,217.0,417.4,371.8,406.2,435.6,387.4,342.0,44.4,27.8,52.2,73.8,65.0,54.6,71.8,81.0,63.0,35.66666666666666,0.478231748158071,0.2766826,2.0910364145658265,-0.38628097381610155,-0.38628097381610155,medium
4029,2014/2015,11,10,2,6.666947814081971,5.193882496772947,3,7,6.4427550737520125,4.573126309381862,13,9,13.076986024128406,10.125419773485415,17,13,25.959925064820084,18.154084626887578,4.985234899328859,4.7312252964426875,5.310067114093958,5.272727272727272,10.295302013422818,10.003952569169961,19.9234899328859,20.747035573122524,1,5.679143061898244,9.00019605274572,14.67933911464396,26.71356071286031,4.717682865559348,6.098821183994554,10.8165040495539,19.1117280089037,258.0,238.6,223.2,261.0,209.8,301.6666666666667,366.4,321.4,363.6,367.0,329.8,242.0,41.6,31.6,52.6,76.4,85.4,66.6,63.8,73.2,70.6,31.66666666666667,349.0,308.4,280.8,325.2,277.4,375.3333333333333,218.8,208.6,207.2,220.6,183.4,181.3333333333333,45.6,31.0,53.8,76.4,155.8,126.8,125.8,146.0,146.6,61.00000000000001,0.5555555555555556,0.9356678,1.7999999999999998,0.8552525788545609,0.8552525788545609,easy
4030,2014/2015,11,7,9,8.302800268951287,6.085455602707498,4,6,6.893080646741987,3.6243608059823957,11,15,15.566847826025981,9.158205300873734,31,19,25.292779930988804,16.275747998646985,6.674418604651163,7.211764705882353,6.337209302325581,6.6117647058823525,13.011627906976743,13.823529411764707,22.453488372093023,21.24705882352941,0,7.356514870312181,6.618795099820486,13.97530997013267,24.16331783776045,6.945598226878031,4.234494638496718,11.18009286537476,15.24826731217126,254.8,240.4,214.2,246.2,221.8,300.6666666666667,365.2,343.2,350.0,371.2,340.6,288.6666666666666,43.0,27.4,52.8,77.6,64.8,57.4,63.0,74.0,59.4,24.0,263.4,247.8,232.8,273.4,242.4,318.3333333333333,367.8,347.0,389.2,400.0,358.4,246.3333333333333,42.2,29.4,51.4,81.6,78.0,74.0,77.2,73.0,76.4,67.33333333333333,0.1494140625,0.017184004,6.69281045751634,-0.15545760899200503,-0.15545760899200503,medium
4031,2014/2015,11,9,2,6.9201170034875705,2.6757733789192883,9,5,7.432547601427414,1.0054122107792482,18,7,14.5381563170615,3.0968108400838337,26,15,30.594471421640105,7.632549910924816,5.807228915662651,4.872,6.27710843373494,5.131999999999999,12.08433734939759,10.004,25.91566265060241,19.135999999999996,1,8.074624525636022,6.847405233837057,14.92202975947308,30.08887960444063,4.292678543329484,4.476998989894604,8.76967753322409,14.00890343401436,279.4,256.6,238.6,254.6,230.0,304.0,218.8,208.6,207.2,220.6,183.4,181.3333333333333,45.6,31.0,53.8,76.4,218.6,193.4,199.6,223.4,202.6,105.6666666666667,232.4,229.2,220.2,249.6,206.2,298.3333333333334,353.8,315.6,354.8,353.2,330.2,236.3333333333334,41.4,31.0,42.6,73.4,75.8,61.0,53.0,72.2,70.2,22.66666666666667,0.4160949378824402,0.9766151,2.4032976827094474,0.9599508032718511,0.9599508032718511,easy
4032,2014/2015,11,10,13,4.223253458876526,9.107219587803552,3,8,6.052933795018401,7.542957673221943,13,21,10.8545721391644,17.355885667801267,34,25,18.649306365369597,21.649681140061276,5.057718120805369,6.546511627906977,5.370469798657717,6.988372093023256,10.428187919463086,13.534883720930232,19.657718120805363,23.709302325581394,0,5.795186842600757,5.920269560906529,11.71545640350728,24.02132176279232,5.775360598096724,5.030052534674812,10.80541313277154,16.62900357439369,258.4,223.8,207.0,273.0,211.0,271.0,355.2,317.0,350.0,356.0,331.6,284.3333333333333,44.4,27.8,52.2,73.8,65.0,54.6,71.8,81.0,63.0,35.66666666666666,264.6,239.4,209.0,236.0,208.0,281.3333333333333,343.2,306.6,315.6,364.4,316.6,246.3333333333333,41.6,25.2,52.0,65.2,72.8,61.0,61.2,62.8,68.2,39.0,0.4339106654512306,0.03977965,2.304621848739496,-0.6962346519297062,-0.6962346519297062,hard
4033,2014/2015,11,8,1,6.386659957273464,2.006756900335928,6,4,7.700548058415977,2.3735448882559886,14,5,13.117304738358147,3.671195708034424,40,19,20.78607044631172,17.18267270759,6.658823529411765,4.948993288590604,6.623529411764705,5.1892617449664415,13.282352941176471,10.138255033557046,22.576470588235296,20.225503355704692,1,8.467463777630751,8.636166640813073,17.10363041844383,27.29996162307648,4.440182439990269,3.783667219692604,8.223849659682868,14.57865935053881,279.2,270.0,252.4,261.0,247.0,316.6666666666667,358.8,338.2,383.4,407.2,355.2,248.6666666666666,42.2,29.4,51.4,81.6,78.0,74.0,77.2,73.0,76.4,67.33333333333333,261.8,209.8,212.8,263.4,204.4,280.6666666666666,272.0,247.4,270.2,271.2,255.8,228.3333333333333,43.4,25.2,60.8,72.2,141.2,119.0,115.0,150.8,131.6,65.33333333333334,0.8267159795496574,0.5445314,1.2096052631578946,-1.6284512203965493,-1.6284512203965493,hard
4034,2014/2015,11,5,8,6.769133697718015,6.969057473186111,4,8,4.889230558441394,4.998364290288671,9,16,11.642753789465857,11.620985850753916,27,17,20.92417915639519,17.800764097214234,4.753246753246753,7.226190476190476,5.12987012987013,6.226190476190476,9.883116883116884,13.452380952380953,19.48051948051948,22.583333333333332,0,4.968789573071054,6.27958190957696,11.24837148264802,23.21036402575031,6.059631276857618,6.329966634624724,12.38959791148234,22.56123850289615,262.8,237.2,237.8,264.0,236.8,299.3333333333334,300.8,269.6,267.8,299.4,267.4,268.6666666666667,36.0,29.8,50.6,60.8,137.4,117.6,129.4,153.6,136.0,49.0,260.2,242.6,220.4,262.0,231.2,295.3333333333333,368.2,363.2,379.0,369.0,362.2,307.3333333333333,48.2,22.6,51.0,70.8,77.6,56.2,62.6,74.2,68.0,29.33333333333333,0.336890243902439,0.014724532,2.9683257918552037,-0.485840695141547,-0.485840695141547,medium
4035,2014/2015,11,5,6,3.788359746708256,8.083297795159622,3,5,1.8805604598769534,7.047467712172467,8,11,4.883338815716964,16.165600042907794,24,29,8.44927238175331,26.45731825522022,6.771084337349397,7.0,6.493975903614458,6.0476190476190474,13.265060240963855,13.047619047619047,21.97590361445783,24.142857142857142,1,6.468099505567593,6.045519936217357,12.51361944178495,22.4688014193996,5.695811155463175,5.289174005948375,10.98498516141155,20.94294897843206,240.6,235.0,197.8,226.2,198.8,299.3333333333333,298.8,276.4,261.8,284.2,266.4,238.0,40.6,28.2,46.6,75.2,148.6,128.6,124.4,129.8,136.8,56.0,258.4,228.2,188.2,245.0,200.8,299.6666666666667,357.6,330.8,336.6,364.0,318.4,274.3333333333333,40.2,22.4,53.8,74.4,63.8,56.2,64.0,80.6,58.2,31.0,0.4111321948134093,0.91802657,2.432307692307692,0.8607948460205028,0.8607948460205028,easy
4036,2014/2015,11,6,5,8.19911757661727,4.201903557215969,7,6,6.692348220197649,4.553537851516958,13,11,15.857168804755752,8.686060006695138,22,14,28.170689349555225,15.285982226188075,7.476744186046512,4.686046511627907,6.604651162790698,5.034883720930233,14.081395348837209,9.720930232558139,22.953488372093023,21.63953488372093,0,5.879259971710511,6.217953089998357,12.09721306170886,22.14727656560445,6.465717601178539,6.119299711171353,12.5850173123499,19.21581966943496,247.4,229.0,217.2,259.6,204.4,287.0,229.0,213.0,210.0,218.0,197.6,222.3333333333333,44.6,26.8,41.4,74.4,210.0,184.6,209.2,220.4,209.2,95.66666666666667,282.4,267.2,236.4,260.2,249.2,336.0,379.0,352.8,386.8,368.4,371.2,278.3333333333333,47.4,25.0,57.0,82.8,77.4,73.2,65.8,74.8,76.2,33.66666666666666,0.205664194200944,0.035302766,4.862295081967214,-0.21447028929339193,-0.21447028929339193,medium
4037,2014/2015,11,4,1,5.4242264786446714,6.52135438207429,5,3,4.715319009990116,5.70541454206686,9,4,9.869323517572905,12.492200889555596,16,21,23.211764282034174,23.794800595536252,5.289156626506024,6.094117647058823,5.469879518072289,6.305882352941176,10.759036144578314,12.4,19.795180722891565,20.68235294117647,0,6.437007751557502,7.26191574586416,13.69892349742166,26.01011817028337,5.088610601666685,5.03016564652269,10.11877624818937,18.1226892428468,252.6,258.2,229.0,267.6,225.2,298.3333333333334,355.6,331.0,333.2,359.2,341.0,232.3333333333333,41.8,30.6,56.4,80.6,63.8,65.0,62.6,54.2,73.8,26.66666666666667,253.0,235.6,203.0,236.0,222.4,301.3333333333334,363.4,347.8,367.8,360.4,353.6,283.0,43.0,27.4,52.8,77.6,77.6,59.8,56.2,78.0,71.6,29.0,0.5115089514066496,0.0664367,1.9549999999999998,-0.911116484845184,-0.911116484845184,hard
4038,2014/2015,11,14,6,6.283707923730914,5.400305166768977,8,5,5.061267664014579,5.669865079023451,22,11,11.065931371511782,11.457366810613085,53,17,26.07309854165471,23.293516137257775,5.571428571428571,4.662790697674419,5.7976190476190474,5.267441860465116,11.369047619047619,9.930232558139535,23.547619047619047,18.91860465116279,0,6.786587178497252,6.699895112266802,13.48648229076406,26.28528264405102,6.161006353663583,5.697924190915948,11.85893054457953,19.57362396455952,276.4,250.6,238.2,267.0,244.4,312.6666666666666,271.2,243.2,285.8,299.2,256.6,208.0,41.2,29.6,64.2,81.0,71.8,63.2,70.6,71.4,72.2,35.66666666666666,181.4,162.6,147.8,191.4,166.8,223.3333333333333,362.6,343.6,391.8,385.4,370.6,218.0,42.4,31.6,56.8,84.0,153.6,140.6,155.6,154.2,164.2,56.0,0.3015844108541249,0.013210447,3.3158212560386477,-0.41289736376868885,-0.41289736376868885,medium
4039,2014/2015,12,13,1,7.09999630657579,4.30504415468737,8,8,5.650519763009497,3.737219341951856,21,9,13.234767992859597,8.201700002922399,26,13,26.34998279584482,16.206388936840852,6.988235294117647,5.845238095238095,6.035294117647059,6.309523809523809,13.023529411764706,12.154761904761905,24.2,25.916666666666668,0,7.091156272455843,8.921147872586591,16.01230414504244,23.82817638670135,5.582887393949624,4.480603875696383,10.06349126964601,17.36663572914949,256.6,234.0,216.2,266.6,211.2,300.6666666666667,281.8,271.8,269.6,287.0,264.4,238.3333333333333,49.0,27.8,51.0,75.2,149.2,127.2,115.2,135.6,138.2,65.66666666666666,270.2,257.2,241.4,265.6,240.8,322.6666666666667,213.6,202.6,199.6,231.8,183.6,191.6666666666667,39.2,32.2,53.4,78.4,224.2,197.6,230.8,250.2,224.8,91.99999999999999,0.2784810126582278,0.07837493,3.5909090909090917,-0.27734001255349094,-0.27734001255349094,medium
4040,2014/2015,12,4,9,2.3401810197399033,5.703807064997989,2,7,4.162747316815083,5.3388921469142865,6,16,7.288999908627175,11.688220488094458,18,35,18.695694907725297,25.59344674658793,4.67816091954023,6.674418604651163,5.264367816091954,6.616279069767442,9.942528735632184,13.290697674418604,18.896551724137932,22.77906976744186,0,6.221964786801332,5.748450898487528,11.97041568528886,24.65282999285849,5.911843395537423,5.355962218899094,11.26780561443652,18.16948428471078,271.4,246.2,218.4,239.4,213.4,302.3333333333333,208.6,202.2,213.2,231.8,184.4,198.6666666666667,45.6,31.0,53.8,76.6,210.0,182.6,203.4,230.8,202.2,113.3333333333333,258.2,236.8,235.6,265.0,234.8,295.0,348.8,337.4,349.4,386.0,327.2,320.6666666666667,43.6,30.0,53.0,78.2,71.0,55.6,52.4,76.6,68.4,32.66666666666666,0.3893129770992367,0.04592772,2.568627450980392,-0.5622933708131315,-0.5622933708131315,hard
4041,2014/2015,12,12,1,8.505569081422145,4.027849094612206,7,3,7.598832051627522,3.131424453563482,19,4,16.341933681492726,6.673040072424328,41,6,27.366683531128388,14.854725400197385,7.232558139534884,5.273809523809524,6.604651162790698,5.464285714285714,13.837209302325581,10.738095238095237,21.22093023255814,19.75,1,9.970857307404653,8.870750486988102,18.84160779439276,26.47256070194556,4.541169766778475,3.624036490313589,8.165206257092057,14.29412992946158,282.4,265.0,227.6,263.4,245.4,329.6666666666667,366.0,348.4,398.6,395.6,376.6,242.3333333333333,47.4,25.0,56.6,82.4,75.6,73.8,66.0,74.2,75.8,33.66666666666666,256.2,216.6,197.2,264.0,192.8,273.6666666666666,332.8,279.6,295.2,357.4,305.0,218.0,41.8,26.4,51.6,75.6,72.8,55.2,61.0,62.2,67.2,32.0,0.8126195028680689,0.9549888,1.2305882352941175,0.7597870480041115,0.7597870480041115,easy
4042,2014/2015,12,7,5,4.981910881884749,8.027233498458997,4,9,2.403662407248655,5.30121444578813,11,14,7.694891377097861,12.876623297102695,26,16,18.082583121865312,17.85917794873991,4.83794466403162,6.67816091954023,5.1304347826086945,6.310344827586207,9.968379446640316,12.988505747126437,19.086956521739125,22.551724137931036,1,3.491747259748275,5.265311088506276,8.75705834825454,21.42599685178075,6.68149901830028,6.605939842274013,13.28743886057429,23.04430878278836,258.2,224.6,205.0,229.0,220.6,302.6666666666667,343.8,317.6,332.4,359.6,323.2,239.0,47.0,25.6,54.2,73.4,68.4,57.6,56.4,80.2,69.0,34.0,257.0,233.4,216.2,267.2,209.6,300.6666666666667,286.0,265.2,270.6,280.0,265.2,213.6666666666667,49.0,27.8,51.0,75.8,144.0,126.8,133.6,146.2,138.4,52.33333333333333,0.3900114372855509,0.019924281,2.5640273704789833,-0.6067116303741932,-0.6067116303741932,hard
4043,2014/2015,12,5,6,8.719451436787363,6.654719988073363,6,7,6.641743917050007,4.136765260999992,11,13,15.557262448332658,11.151673035966999,4,28,22.207148416450522,26.83461979636474,7.235294117647059,5.670588235294118,6.247058823529412,5.823529411764706,13.48235294117647,11.494117647058824,22.51764705882353,23.894117647058824,1,8.580476964987668,6.980900084729628,15.56137704971729,25.38755984140407,4.504560616022593,4.568531144261218,9.073091760283809,18.9801162054748,282.8,270.0,240.6,279.6,253.4,319.3333333333333,366.0,351.2,370.8,368.6,353.8,291.3333333333334,44.4,30.0,55.6,80.0,77.8,64.2,64.4,67.8,72.4,24.0,266.6,256.6,251.0,259.0,243.0,311.6666666666667,361.0,357.4,379.8,395.0,348.2,278.6666666666667,39.2,32.2,53.4,78.6,72.2,68.8,76.6,86.6,73.2,36.0,0.3495811119573496,0.96318287,2.860566448801743,0.943394735141437,0.943394735141437,easy
4044,2014/2015,12,2,12,4.732032622002773,9.556243481369362,6,10,4.879342731466577,5.205668023898286,8,22,9.801487268258612,15.52164645909234,19,34,21.482096694802024,22.64336893587826,4.699218749999999,7.459770114942529,5.292968749999999,6.609195402298851,9.9921875,14.068965517241379,20.656249999999996,22.942528735632184,0,5.623551811821275,6.332793195808925,11.9563450076302,22.33986169601021,5.982697305498255,5.047927044898437,11.03062435039668,18.09694092675584,179.2,167.6,135.2,193.6,146.0,212.0,398.8,376.4,406.2,422.4,381.8,349.3333333333333,48.8,27.4,52.2,73.8,70.6,64.0,64.6,66.8,65.6,25.0,262.4,244.2,223.8,260.4,224.6,295.0,371.8,340.0,344.4,350.0,342.4,281.0,41.8,30.6,56.4,80.8,75.6,63.2,50.0,79.4,73.6,25.0,0.3920829406220546,0.027233893,2.5504807692307696,-0.6001625382132075,-0.6001625382132075,hard
4045,2014/2015,12,6,8,5.500172969158328,5.1461225847300645,9,3,6.6005375305395315,4.046304856251723,15,11,12.07536578893819,8.522852216081128,27,32,29.232109847096048,20.580610496058057,4.901856763925729,4.756410256410256,5.175066312997346,5.115384615384615,10.076923076923077,9.871794871794872,20.21087533156498,19.576923076923077,0,6.806900020255888,7.487496164334956,14.29439618459084,25.48527660625093,4.155839893107969,5.534341265912593,9.690181159020565,17.37213017090097,267.4,261.8,253.8,272.8,248.2,329.6666666666666,380.4,353.6,397.6,393.6,365.6,263.6666666666666,42.2,29.4,49.8,81.0,75.2,66.4,69.8,68.2,77.8,26.0,274.4,246.6,225.4,277.0,234.0,315.0,224.0,218.4,223.0,220.8,208.8,199.6666666666667,52.8,28.6,50.6,79.8,201.6,174.8,220.8,251.6,206.2,110.3333333333334,0.5291700401765936,0.047573082,1.8897517321016168,-1.0228681162634017,-1.0228681162634017,hard
4046,2014/2015,12,11,3,9.13166772096086,3.2454400918490194,9,4,9.379505252425323,3.5586387191331204,20,7,19.188678978470907,6.9131026356855685,25,10,28.10778460882208,13.031077435082361,6.620689655172414,6.75,7.0,6.4523809523809526,13.620689655172415,13.202380952380953,23.724137931034484,22.0,1,7.496255143001108,9.765671628639225,17.26192677164034,24.1134894786488,3.593107211513222,3.917280054033236,7.510387265546451,16.69443377490234,255.4,231.8,217.8,284.2,218.0,296.6666666666667,367.0,341.8,366.8,372.8,332.6,308.6666666666666,44.6,26.8,43.4,74.0,76.2,60.4,56.0,57.4,73.6,29.66666666666667,256.0,240.2,214.6,255.0,219.6,289.3333333333333,359.2,335.4,350.4,352.0,325.8,276.0,43.0,27.4,52.8,77.6,71.2,63.0,51.8,63.8,69.6,41.33333333333334,0.5292479108635098,0.95528686,1.8894736842105264,0.905017650339025,0.905017650339025,easy
4047,2014/2015,12,10,9,7.792325747558748,4.246548554118562,3,4,8.35930632515596,3.9365760044678404,13,13,15.857699813951928,8.135689652702002,34,18,28.160621394691816,16.566292301074917,6.034883720930233,5.116710875331565,6.267441860465116,5.342175066312996,12.30232558139535,10.458885941644562,20.686046511627907,19.828912466843494,1,8.479689548444282,6.867471954886465,15.34716150333076,24.72593290265786,5.687318748124158,5.424550865262601,11.11186961338676,18.27195994224024,236.6,225.4,210.6,267.0,207.4,299.3333333333334,223.6,207.0,210.2,207.0,205.8,207.6666666666667,45.8,29.0,55.0,70.8,216.2,181.2,178.2,218.2,195.6,70.0,192.4,163.8,155.6,191.2,160.8,215.6666666666667,346.2,339.6,373.6,388.4,355.2,229.3333333333333,42.4,31.6,56.8,82.4,162.0,145.0,166.2,154.0,168.0,65.33333333333333,0.1958041958041958,0.87687016,5.107142857142857,0.8468907148941703,0.8468907148941703,easy
4048,2014/2015,12,6,2,8.143753604039468,3.8851000575579517,11,1,8.791026386301413,4.6858597349316735,17,3,17.92353375047557,8.396514070446038,44,4,27.784340565871947,14.130930308363768,4.689655172413793,5.045092838196286,5.045977011494253,5.282493368700264,9.735632183908047,10.327586206896552,21.551724137931036,19.88859416445623,0,7.453679945387096,8.031216628286098,15.4848965736732,30.39138554568599,4.297840444208755,4.709773521938098,9.007613966146849,18.20612130460617,275.0,238.2,229.2,266.8,215.8,303.6666666666667,354.4,319.8,354.0,367.8,323.0,249.3333333333333,41.6,31.6,52.6,75.0,85.0,66.6,63.8,74.6,70.8,31.66666666666667,258.6,212.2,202.0,263.0,202.0,273.0,351.2,313.4,324.0,347.4,322.0,272.3333333333334,45.4,25.2,60.8,69.8,72.6,59.2,53.2,68.4,60.6,30.0,0.5925925925925927,0.05547552,1.6874999999999998,-1.3183782483366406,-1.3183782483366406,hard
4049,2014/2015,13,7,14,6.799663713802053,5.291904158209759,6,4,5.518996681071311,6.240923938984773,13,18,12.633181323974354,11.944188991555645,20,21,28.10182974176458,21.80537470407431,5.009174311926605,4.670454545454546,5.231979030144166,5.2272727272727275,10.241153342070772,9.897727272727273,19.70117955439056,18.886363636363637,0,4.404931008343737,6.261167354425027,10.66609836276877,22.82567752930546,5.798698191551396,7.096321067369793,12.89501925892119,21.34940729197302,300.8,271.4,248.6,267.6,243.8,305.3333333333333,276.4,257.0,294.0,293.6,274.2,198.0,42.2,29.6,64.2,81.2,76.6,67.8,65.4,67.2,77.2,22.33333333333333,174.4,164.6,139.6,167.6,148.4,236.0,424.8,403.8,408.2,453.2,390.6,382.6666666666666,39.8,28.2,46.6,75.6,78.0,66.4,65.2,79.8,74.0,22.66666666666667,0.6727152024784244,0.05151774,1.4865131578947368,-1.8980333865635939,-1.8980333865635939,hard
4050,2014/2015,13,7,10,8.595655883702744,4.656565849634925,8,6,6.927528079637289,4.391864467819364,15,16,15.379109956698452,9.605944724478473,22,14,21.620695739413854,19.090314978194094,6.659090909090909,4.704545454545454,6.340909090909091,5.113636363636363,13.0,9.818181818181818,22.477272727272727,21.806818181818183,1,9.861331986830537,7.624438524057744,17.48577051088827,22.5610815031641,4.821480297854797,3.360916966856452,8.182397264711247,15.37752181682672,281.6,245.4,224.6,263.2,216.0,303.6666666666666,221.2,205.4,209.6,210.2,190.2,178.6666666666667,45.6,31.0,53.8,76.4,224.4,190.0,187.6,218.4,208.8,93.33333333333336,258.4,228.2,188.2,245.0,200.8,299.6666666666667,205.0,194.6,192.4,210.6,186.2,214.6666666666667,40.2,22.4,53.8,74.4,209.0,175.6,200.2,238.0,183.4,93.66666666666666,0.4074074074074074,0.8313515,2.4545454545454546,0.7154056876897812,0.7154056876897812,medium
4051,2014/2015,13,5,3,9.150929865135494,1.4339579448880182,7,1,8.331635059387756,3.3617681958758237,12,4,18.05972047050649,4.554761543961924,22,7,28.46884437868362,10.23840943515577,5.788235294117647,4.667953667953667,6.329411764705882,5.3011583011583,12.117647058823529,9.96911196911197,25.764705882352942,20.637065637065632,1,6.912734884379117,6.768483252600143,13.68121813697928,25.63304480765373,4.161891535589944,3.918397353947123,8.080288889537062,11.02187377892557,318.6,279.6,264.8,344.8,266.2,351.3333333333333,214.2,193.0,208.4,204.8,200.6,170.0,44.4,27.8,52.2,73.8,137.8,120.0,126.8,145.0,130.4,49.33333333333333,288.8,267.4,238.2,278.6,253.0,318.3333333333333,362.2,329.2,352.8,362.8,336.4,303.6666666666667,48.2,22.6,51.0,70.8,77.6,56.2,62.6,74.2,68.0,29.33333333333333,0.2875,0.9731343,3.4782608695652177,0.9622937252646999,0.9622937252646999,easy
4052,2014/2015,13,8,3,9.190274431663038,5.864830123171812,16,9,6.2519154740737335,4.038419302762998,24,12,15.91688160158359,10.127480240112904,31,19,31.002457484197585,23.039217092430658,5.162516382699868,4.91480996068152,5.326343381389251,5.220183486238531,10.488859764089122,10.134993446920053,19.807339449541278,20.29095674967234,1,8.301954995114624,8.63680144824383,16.93875644335846,29.07448785821396,4.237787084083744,4.066333106930401,8.304120191014142,15.85599124820146,213.2,189.6,184.2,198.4,169.2,227.0,301.4,287.2,286.6,293.0,270.8,292.3333333333333,48.2,28.6,51.6,77.8,199.6,176.6,226.4,248.6,205.8,125.6666666666667,259.6,232.8,196.4,242.6,204.2,281.3333333333333,335.2,296.8,311.4,355.6,294.8,272.3333333333334,41.6,25.2,52.0,65.2,68.0,63.4,57.0,77.4,61.8,37.0,0.696594427244582,0.91940176,1.4355555555555557,0.7343547964582638,0.7343547964582638,easy
4053,2014/2015,13,8,4,4.591816981307318,6.724119954287883,5,7,6.160434245659709,5.770019730459568,13,11,10.991032758057495,12.761436679560969,27,15,23.246813735579472,17.60086277211721,6.7011494252873565,6.670454545454546,6.620689655172414,7.0227272727272725,13.32183908045977,13.693181818181818,22.919540229885058,23.738636363636363,0,5.438428626985728,5.311473700128358,10.7499023271141,22.07552853741147,6.617192113349241,5.879773989687604,12.49696610303684,20.71720262763307,262.2,254.2,238.2,273.2,240.0,320.0,369.4,349.4,399.4,406.0,371.4,236.6666666666666,47.4,28.2,58.2,77.6,77.6,65.6,79.2,76.8,78.8,34.33333333333334,232.4,229.2,220.2,249.6,206.2,298.3333333333334,355.2,333.0,357.0,356.8,338.4,233.6666666666667,41.4,31.0,42.6,73.4,74.0,58.2,64.0,69.8,65.8,25.0,0.7964199029126214,0.06872537,1.2556190476190474,-3.5744876893884054,-3.5744876893884054,hard
4054,2014/2015,13,9,15,3.9816965316314454,8.069296895693137,5,9,4.797329928249335,7.454823366455542,14,24,8.45913470816439,15.273962895044132,17,22,24.390570947236597,22.139735268109643,4.7974683544303796,7.287356321839081,5.0886075949367084,6.609195402298851,9.886075949367088,13.89655172413793,19.734177215189874,21.448275862068964,0,4.717903151442079,5.258393838534801,9.976296989976877,23.80518988229773,6.900523777055949,6.281290638586,13.18181441564195,20.0100992248208,260.8,237.8,239.8,268.6,240.0,299.0,363.2,327.4,329.6,377.0,328.6,292.6666666666667,36.0,29.8,50.6,60.8,72.6,55.0,52.4,73.6,68.8,32.66666666666666,261.8,209.8,212.8,263.4,204.4,280.6666666666666,272.0,247.4,270.2,271.2,255.8,228.3333333333333,43.4,25.2,60.8,72.2,141.2,119.0,115.0,150.8,131.6,65.33333333333334,0.5338278264778602,0.049080458,1.8732631578947367,-1.039846242210588,-1.039846242210588,hard
4055,2014/2015,13,5,5,5.36815272710623,5.12868861085744,12,4,5.867768863651079,4.252333638340292,17,9,11.12834178205146,9.541448935668981,34,13,18.19368713686784,18.192751463209877,6.705882352941177,4.863281249999999,6.423529411764706,5.117187499999999,13.129411764705882,9.98046875,21.858823529411765,19.167968749999996,0,8.426940545234125,7.920977151353131,16.34791769658725,29.63619211878293,4.217498622305189,4.066343454796996,8.28384207710218,16.20214894832823,240.6,235.0,197.8,226.2,198.8,299.3333333333333,301.8,273.6,266.4,284.6,271.0,244.0,40.6,28.2,46.6,75.2,148.6,128.6,124.4,129.8,136.8,56.0,258.0,238.6,223.2,261.0,209.8,301.6666666666667,345.8,320.2,352.2,378.4,319.4,264.3333333333333,41.6,31.6,52.6,76.4,76.2,63.2,62.0,63.4,73.6,34.33333333333334,0.3244274809160305,0.23577212,3.0823529411764707,-0.13122996511095658,-0.13122996511095658,medium
4056,2014/2015,13,6,6,8.82768959225623,5.523440843928417,5,3,6.537085462700151,4.284410180112284,11,9,15.924041460522554,9.582320275156963,15,21,30.836360809727154,10.385836439091154,7.511363636363637,7.209302325581396,6.6477272727272725,6.244186046511628,14.159090909090908,13.453488372093023,23.068181818181817,22.302325581395348,1,6.092419148385616,5.813665306387353,11.90608445477298,21.92612962880112,5.203660751267232,5.426749288240054,10.63041003950729,17.25899187043579,260.8,237.4,230.0,257.6,226.2,306.0,357.0,330.2,367.6,383.8,335.4,269.3333333333333,44.6,26.8,41.4,74.4,76.6,60.2,59.0,58.4,71.0,29.66666666666667,268.4,261.6,239.6,268.8,242.0,328.3333333333333,340.2,330.6,360.8,381.6,318.0,258.0,39.2,32.2,53.4,78.4,74.0,69.2,78.2,86.8,74.6,34.66666666666666,0.336890243902439,0.6593139,2.9683257918552037,0.4862297233493849,0.4862297233493849,medium
4057,2014/2015,13,3,10,4.222340301447423,8.89747951484873,6,4,3.23271057233545,5.389412938461351,9,14,7.163688326072671,15.107105126449465,21,17,15.579872222837299,29.69310211985769,5.223529411764706,7.058139534883721,5.435294117647059,6.058139534883721,10.658823529411764,13.116279069767442,19.58823529411765,24.22093023255814,0,6.346333077195881,6.930870269959611,13.27720334715551,23.23171146035941,5.817544769731756,5.261043311262847,11.0785880809946,20.36982285489558,252.6,258.2,229.0,267.6,225.2,298.3333333333334,372.0,345.2,318.4,348.2,345.2,260.3333333333334,41.8,30.6,56.4,80.6,63.8,65.0,62.6,54.2,73.8,26.66666666666667,187.8,171.8,141.4,194.8,169.6,241.0,351.2,339.4,386.0,381.2,354.0,247.0,42.4,31.6,56.8,84.0,153.6,140.6,155.6,154.2,164.2,56.0,0.2325581395348837,0.043629646,4.300000000000001,-0.24617955178925477,-0.24617955178925477,medium
4058,2014/2015,13,5,1,6.615668766467027,5.790372634803248,3,6,5.603490234463701,5.170486684762958,8,7,12.732961460055769,9.54051426710524,31,16,30.570796124677553,20.407298614779553,5.674418604651163,6.080459770114943,5.837209302325581,6.2298850574712645,11.511627906976743,12.310344827586206,23.941860465116278,20.839080459770116,1,7.600394796804434,6.850886965267416,14.45128176207185,28.49052600315924,4.761372478851372,4.92575205185643,9.687124530707798,20.68749351210895,288.2,264.4,256.4,273.0,251.0,312.0,267.4,242.2,291.2,296.8,261.4,194.6666666666667,41.2,29.6,64.2,81.0,71.8,63.2,70.6,71.4,72.2,35.66666666666666,282.8,265.2,227.6,263.0,245.6,334.6666666666666,359.6,342.4,399.2,394.0,364.4,265.0,47.4,25.0,57.0,82.8,77.4,73.2,65.8,74.8,76.2,33.66666666666666,0.1956521739130435,0.50072294,5.111111111111111,0.37927717453724624,0.37927717453724624,medium
4059,2014/2015,14,10,3,7.067043783830771,3.497315808873737,7,3,5.336692714168006,4.245973703080077,17,6,13.383183944984236,7.676988470705416,34,21,24.720050182103037,15.656202990719779,7.091954022988506,6.715909090909091,6.0344827586206895,6.6022727272727275,13.126436781609195,13.318181818181818,24.137931034482758,22.96590909090909,1,5.645675491265518,5.912233401240512,11.55790889250603,25.60283646300071,5.514080389792585,6.04452098004008,11.55860136983266,23.00187060014093,271.8,241.2,224.8,259.2,214.6,296.6666666666667,281.8,271.8,269.6,287.0,264.4,238.3333333333333,49.0,27.8,51.0,75.2,149.2,127.2,115.2,135.6,138.2,65.66666666666666,253.0,235.6,203.0,236.0,222.4,301.3333333333334,356.4,342.0,357.8,365.0,340.8,288.0,43.0,27.4,52.8,77.6,64.8,57.4,63.0,74.0,59.4,24.0,0.5250875145857643,0.08352289,1.9044444444444444,-0.9297810079168337,-0.9297810079168337,hard
4060,2014/2015,14,4,5,4.491738369376644,6.147797696487061,7,5,4.237161311954878,6.055121016109177,11,10,8.324327570921339,11.726516400001362,13,20,20.31751188500938,22.848845482827212,5.032383419689119,6.0227272727272725,5.240932642487046,6.2272727272727275,10.273316062176166,12.25,19.70466321243523,20.78409090909091,0,6.152381010954375,8.59103808049587,14.74341909145025,26.58282671321806,3.837636363713744,6.019411264059984,9.85704762777373,18.96320345152301,270.2,257.2,241.4,265.6,240.8,322.6666666666667,205.6,205.0,226.6,231.6,196.6,143.0,40.2,24.8,46.2,77.4,225.8,203.8,215.8,233.2,212.0,104.3333333333333,249.0,251.2,208.6,251.6,219.2,302.6666666666667,356.0,337.2,352.0,352.6,340.2,253.0,41.8,30.6,56.4,80.0,63.8,65.0,62.6,54.2,73.8,26.66666666666667,0.674237047551455,0.066285044,1.483157894736842,-1.8662405258819692,-1.8662405258819692,hard
4061,2014/2015,14,11,4,5.506884895646182,7.85801178335289,8,4,5.41195857445262,6.955484139961899,19,8,11.40927136079955,14.330912665399342,31,19,23.659957255445676,24.226959081089113,4.892487046632124,6.662921348314606,5.264248704663211,6.359550561797753,10.156735751295336,13.02247191011236,20.275906735751292,22.471910112359552,0,4.464531137872807,4.878172210288692,9.3427033481615,19.50185305306681,6.499770043107596,6.965069122057916,13.46483916516551,18.85129530113912,264.0,210.2,213.2,263.4,204.6,282.0,273.0,247.8,270.6,272.6,256.4,230.6666666666667,43.4,25.2,60.8,72.2,145.6,119.6,118.4,150.8,133.4,65.33333333333334,240.6,235.0,198.0,226.6,199.8,299.3333333333333,368.8,338.0,342.2,361.4,338.6,272.6666666666667,40.6,28.2,47.4,75.0,75.4,63.6,56.6,71.4,66.6,25.0,0.4428364688856729,0.014701714,2.258169934640523,-0.7684184743478507,-0.7684184743478507,hard
4062,2014/2015,14,1,3,5.600722536121369,3.9556431918798864,6,1,8.258903270673972,4.771661640556302,7,4,13.631064739085922,9.022480889440146,26,16,22.479325039125964,13.329907725949317,5.77906976744186,4.764044943820225,6.337209302325581,5.123595505617978,12.116279069767442,9.887640449438202,25.72093023255814,21.719101123595507,1,7.024751994647015,5.204114376454793,12.2288663711018,27.86992521500166,4.850233628975707,4.35506359128197,9.205297220257682,15.49365547384873,280.4,265.0,233.2,256.8,245.8,325.6666666666666,359.6,342.6,399.2,394.0,364.6,265.0,36.2,28.2,56.4,81.4,77.4,73.2,65.8,74.8,76.2,33.66666666666666,262.8,237.2,237.8,264.0,236.8,299.3333333333334,353.8,335.4,354.6,389.6,331.4,317.3333333333333,43.6,30.0,53.0,78.2,62.8,58.2,71.2,78.6,65.8,24.0,0.8126195028680689,0.95833695,1.2305882352941175,0.7776553521350938,0.7776553521350938,easy
4064,2014/2015,14,11,2,7.440003651460527,6.345761335353933,6,2,4.853714786259277,6.034658113851771,17,4,12.886005385655183,13.339484893211166,36,11,26.425445545357533,18.716288145580137,4.864864864864864,4.775280898876405,5.104247104247103,5.213483146067416,9.96911196911197,9.98876404494382,19.09652509652509,18.910112359550563,0,3.431022973676374,6.586084687260572,10.01710766093694,21.41608588439434,6.684616059039016,6.888874791134835,13.57349085017384,25.76577843905448,261.4,228.0,197.4,237.6,212.0,302.0,202.4,203.0,211.4,218.4,193.8,172.6666666666667,40.2,22.4,53.8,74.4,208.2,174.4,184.4,221.2,194.6,83.33333333333331,288.2,264.4,256.2,273.0,251.2,311.6666666666666,287.8,256.8,290.6,306.6,263.6,208.3333333333333,41.2,29.6,64.2,81.0,74.4,64.2,70.6,72.0,72.2,37.33333333333334,0.2784810126582278,0.08433826,3.5909090909090917,-0.2690750451987249,-0.2690750451987249,medium
4065,2014/2015,14,12,10,5.6972756146799775,6.264863758894283,10,2,7.14957388650345,3.783367515401342,22,12,12.501733375217057,10.438775301291384,29,16,19.946614292215994,27.754728986205905,5.1976744186046515,5.666666666666667,5.441860465116279,5.804597701149425,10.63953488372093,11.471264367816092,19.6046511627907,24.022988505747126,0,6.000574710899985,6.356175895310209,12.3567506062102,25.18837312544136,5.14787467308851,5.692153408769575,10.84002808185809,21.06134204003284,287.6,267.0,240.8,291.4,255.4,319.3333333333333,354.8,338.6,350.2,362.6,333.8,289.0,48.2,22.6,51.0,70.8,77.8,64.2,64.4,70.8,73.0,24.0,261.4,253.8,238.2,273.2,240.0,320.0,358.8,337.8,383.4,407.2,355.2,248.6666666666666,42.2,29.4,51.4,81.6,77.6,65.6,79.2,76.8,78.8,34.33333333333334,0.2158693115519253,0.051138837,4.632432432432433,-0.2100803872481698,-0.2100803872481698,medium
4066,2014/2015,14,6,4,8.970706539472365,7.056307433299175,2,7,6.868972783190577,4.398224877557043,8,11,16.291869149639794,11.729093866922005,14,26,27.69435984838441,18.785508384190827,7.375,7.49438202247191,6.636363636363637,6.629213483146067,14.011363636363637,14.123595505617978,21.454545454545453,22.97752808988764,1,8.169850487776156,7.906448035424193,16.07629852320035,22.36578881502584,5.117015247345335,3.623760518849831,8.740775766195163,16.72676446255378,264.6,239.4,209.0,236.0,208.0,281.3333333333333,260.4,237.8,266.4,278.8,246.2,177.0,41.6,25.2,52.0,65.2,142.6,118.8,120.8,135.4,133.2,60.33333333333333,275.8,242.2,221.0,269.6,222.2,294.0,207.6,200.8,207.0,211.6,181.2,177.6666666666667,45.6,31.0,53.8,76.4,214.2,191.4,203.0,215.6,216.8,93.00000000000001,0.4428364688856729,0.9770298,2.258169934640523,0.9587729664592,0.9587729664592,easy
4067,2014/2015,14,7,3,8.986854713909514,3.793063684436901,4,5,5.155632257351563,3.7505241201028316,11,8,13.983122354554567,7.005900330887239,17,26,17.46113525888343,14.526159180573977,7.195402298850575,4.64885496183206,6.206896551724138,5.251908396946564,13.402298850574713,9.900763358778626,22.28735632183908,20.48091603053435,0,9.768609082797669,8.008327922834072,17.77693700563175,24.98352227029787,3.908665819646695,4.210797546345437,8.119463365992125,16.34938282137412,199.4,187.0,166.0,199.8,172.8,235.3333333333333,435.0,421.2,463.0,464.6,433.2,313.6666666666666,42.4,31.6,56.8,84.0,74.8,69.0,82.0,73.2,84.2,25.33333333333333,270.4,249.0,234.4,281.8,228.8,309.0,363.8,337.8,358.0,376.0,327.0,310.3333333333333,44.6,26.8,41.4,75.2,77.8,60.2,59.0,58.4,71.0,29.66666666666667,0.5338278264778602,0.12063389,1.8732631578947367,-0.8863547703066237,-0.8863547703066237,hard
4068,2014/2015,14,7,1,5.463251866647902,9.966923120330959,0,10,4.152928575842945,9.107823103994683,7,11,10.313853774257653,20.13855668663603,8,9,21.977907515554087,20.919836615311475,4.85,6.640449438202247,5.0875,7.022471910112359,9.9375,13.662921348314606,19.7,23.640449438202246,0,4.278960058229323,5.957055668922149,10.23601572715147,25.12739515027007,6.515370074947438,6.343541725323316,12.85891180027074,22.88280305588595,240.6,235.6,216.8,263.6,211.6,299.0,345.4,327.8,365.4,365.2,334.0,273.6666666666667,41.4,31.0,42.6,73.4,74.0,58.2,64.0,69.8,65.8,25.0,200.6,182.2,168.2,203.2,167.2,228.0,420.8,406.6,441.4,462.4,407.0,356.6666666666667,48.2,28.6,51.6,77.8,70.2,64.6,67.4,75.2,73.2,24.33333333333333,0.2171071327081557,0.12993374,4.606020942408377,-0.11134779501956517,-0.11134779501956517,medium
4069,2014/2015,15,8,4,6.906899063933581,6.649633851689039,4,5,5.906073657448039,5.696990687189691,12,9,12.92180877400515,13.520296500292266,19,21,26.486636794108932,27.817083324402148,4.7444444444444445,4.962868117797695,5.177777777777778,5.295774647887322,9.922222222222222,10.25864276568502,18.822222222222223,20.39948783610755,1,7.372957011546749,6.408872209807141,13.78182922135389,26.74488898369773,5.734077765441724,4.25743582057348,9.991513586015206,16.28043341031832,258.0,238.6,223.2,261.0,209.8,301.6666666666667,324.0,312.4,343.8,386.0,310.8,249.3333333333333,41.6,31.6,52.6,76.4,76.2,63.2,62.0,63.4,73.6,34.33333333333334,271.8,241.2,224.8,259.2,214.6,296.6666666666667,275.6,268.2,260.2,252.6,258.8,245.6666666666667,49.0,27.8,51.0,75.2,161.6,127.0,124.8,144.6,141.4,87.0,0.4339106654512306,0.86615264,2.304621848739496,0.7635578915308832,0.7635578915308832,easy
4070,2014/2015,15,4,3,5.912576134247859,6.518970670627938,7,0,5.295913902127744,5.5942700386157505,11,3,11.533827657639524,12.400970818974823,22,7,24.323271991273515,17.41639674495425,4.630188679245283,5.275862068965517,5.2490566037735835,5.494252873563219,9.879245283018868,10.770114942528735,20.54339622641509,19.71264367816092,0,7.701422736105201,7.540221540950664,15.24164427705587,26.96520221002109,5.352413237415747,4.945858060267,10.29827129768274,17.46084785206941,252.8,235.4,203.0,235.8,222.2,299.0,283.8,268.4,285.0,286.6,266.6,231.0,43.0,27.4,52.8,77.6,143.0,117.6,120.4,152.4,133.0,53.0,179.0,156.0,135.8,194.8,138.0,217.0,367.2,319.4,331.6,348.8,328.6,319.6666666666666,44.4,27.8,52.2,73.8,140.0,120.0,126.8,144.6,130.4,49.33333333333333,0.478231748158071,0.037553128,2.0910364145658265,-0.8445868773460005,-0.8445868773460005,hard
4071,2014/2015,15,9,2,8.229435827895317,6.495364210631181,5,5,7.992301453039879,2.55732656218266,14,7,16.01872196773938,9.946205108534501,35,22,25.228344323379314,16.264603826222825,6.633333333333334,4.8765432098765435,6.333333333333333,5.0246913580246915,12.966666666666667,9.901234567901234,22.433333333333334,19.555555555555557,0,9.449571859415414,7.65346433396453,17.10303619337996,22.51788138172366,3.337554928485566,4.089728953542835,7.427283882028399,14.67632465454682,267.0,228.8,198.2,258.4,203.2,296.6666666666666,281.0,271.8,277.4,292.8,241.4,243.3333333333333,45.6,31.0,53.8,76.4,155.8,126.8,125.8,146.0,146.6,61.00000000000001,200.6,182.2,168.2,203.2,167.2,228.0,278.8,266.4,278.6,314.0,256.8,256.0,48.2,28.6,51.6,77.4,197.2,176.2,217.4,247.8,205.4,110.0,0.2171071327081557,0.10298885,4.606020942408377,-0.14576488366847462,-0.14576488366847462,medium
4072,2014/2015,15,16,6,9.011665103240489,5.939417010027814,4,3,8.623970719189339,2.955729866906635,20,9,17.488792341275097,8.934241928806571,27,14,22.894594353882322,11.475916032862362,6.5777777777777775,7.193181818181818,7.055555555555555,6.181818181818182,13.633333333333333,13.375,23.477777777777778,22.227272727272727,1,8.54941828214902,8.042262183436753,16.59168046558578,25.6420426799566,5.016178921840793,3.745934505790135,8.762113427630934,15.52802161778038,264.0,210.2,213.2,263.4,204.6,282.0,272.8,248.4,270.6,273.0,256.4,232.3333333333333,43.4,25.2,60.8,72.2,145.4,119.6,117.8,150.8,133.2,65.33333333333334,261.4,228.0,197.4,237.6,212.0,302.0,277.2,256.4,269.8,301.6,250.4,205.0,40.2,22.4,53.8,74.4,135.8,103.2,114.0,145.4,125.0,46.66666666666666,0.3835538212620158,0.4457298,2.607196029776675,0.10086196167741047,0.10086196167741047,medium
4073,2014/2015,15,3,11,4.678625418791034,7.225206271619363,3,15,6.578908430122194,5.169208160800607,6,26,10.923077691478936,12.271822404924865,12,40,25.95296961390285,17.459218838832566,6.01123595505618,7.359550561797753,6.213483146067416,6.584269662921348,12.224719101123595,13.9438202247191,20.775280898876403,21.370786516853933,1,5.199681123238313,5.250542102181709,10.45022322542001,22.86873111171509,6.826448314124954,6.246391553086683,13.07283986721164,17.12220157165964,287.6,267.0,240.8,291.4,255.4,319.3333333333333,361.8,332.0,352.8,362.6,340.6,304.6666666666667,48.2,22.6,51.0,70.8,77.8,64.2,64.4,70.8,73.0,24.0,252.8,235.4,203.0,235.8,222.2,299.0,219.6,209.0,205.6,203.6,196.2,205.3333333333333,43.0,27.4,52.8,77.6,207.8,187.0,193.2,204.0,201.2,113.6666666666667,0.5253859743451877,0.9647423,1.9033625730994155,0.9257129052249065,0.9257129052249065,easy
4074,2014/2015,15,9,5,9.820012496681706,5.496591375994764,1,7,9.196542526326063,4.573445218688132,10,12,20.392156835759785,10.082796183911505,21,35,30.837559510146367,15.332652561188787,5.19559585492228,5.020486555697823,5.450777202072538,5.261203585147245,10.646373056994818,10.28169014084507,19.937823834196887,19.627400768245835,1,7.075164322506793,8.01910223965379,15.09426656216059,29.33222541071565,3.71340115234917,4.167068887677322,7.880470040026482,16.79205068181134,264.6,239.4,209.0,236.0,208.0,281.3333333333333,271.8,244.6,255.6,293.0,251.6,209.3333333333333,41.6,25.2,52.0,65.2,137.8,121.2,116.6,150.0,126.8,58.33333333333333,264.4,245.0,211.6,252.8,221.8,296.6666666666666,350.6,324.2,360.4,361.2,338.4,234.0,41.8,30.6,56.6,80.2,77.6,70.2,63.4,70.6,69.4,50.33333333333334,0.3698407791003246,0.9719691,2.703866248693835,0.9555177938919133,0.9555177938919133,easy
4075,2014/2015,15,5,0,5.124075261286962,1.6484967568362374,8,1,5.03032573817501,5.389908361149156,13,1,10.058277065443187,6.124365377303365,18,10,21.197666895371437,20.121252781983955,6.674157303370786,5.724137931034483,6.561797752808989,6.333333333333333,13.235955056179776,12.057471264367816,22.9438202247191,25.724137931034484,0,5.613093682723796,8.536181445514247,14.14927512823805,22.85635844496291,5.207673021653679,4.981530638054747,10.18920365970843,20.9294931409672,264.2,259.6,247.2,268.8,247.0,329.0,366.8,348.4,378.0,396.8,355.8,277.3333333333333,42.2,29.4,51.4,81.6,76.0,67.6,79.0,87.6,79.4,23.33333333333333,248.6,238.8,225.2,270.8,221.4,303.3333333333333,215.0,210.6,222.4,227.8,203.0,167.0,40.2,24.8,46.2,77.4,227.8,203.8,215.8,233.2,212.0,104.3333333333333,0.5405405405405406,0.023788765,1.8499999999999999,-1.1246950582546347,-1.1246950582546347,hard
4076,2014/2015,15,3,7,4.709096132292409,7.353155640306555,7,7,5.163107946958529,5.8094786087228165,10,14,9.862404853288481,12.951397744800678,18,24,24.458107637059076,20.008929548728254,4.7444444444444445,7.125,5.0777777777777775,6.045454545454546,9.822222222222223,13.170454545454545,21.655555555555555,24.25,1,4.900311918945585,5.559527955094014,10.45983987403961,23.69891782786349,5.334754844815616,5.833756359020045,11.16851120383566,22.68412003453761,272.6,243.8,255.6,283.4,238.4,295.6666666666667,353.8,335.4,354.6,389.6,331.4,317.3333333333333,43.6,30.0,53.0,78.2,62.8,58.2,71.2,78.6,65.8,24.0,255.4,238.8,223.4,276.8,231.0,304.6666666666666,336.8,316.8,360.4,382.2,321.6,240.6666666666667,44.6,26.8,41.4,75.2,77.8,60.2,59.0,58.4,71.0,29.66666666666667,0.2952853598014888,0.8800566,3.38655462184874,0.8297986539316848,0.8297986539316848,easy
4077,2014/2015,15,5,8,6.78900259638479,4.399501421308072,8,6,8.151059921875172,2.5158464412288586,13,14,14.847007540237461,6.729595055667655,14,27,30.81762683338676,13.531175392794012,7.455555555555556,4.935114503816793,6.633333333333334,5.114503816793892,14.088888888888889,10.049618320610687,23.011111111111113,19.29007633587786,0,7.552055383074608,6.224093208437889,13.77614859151249,24.41425933480895,6.15771235207612,5.97976352015543,12.13747587223154,17.27191330600213,238.2,243.8,199.4,223.2,207.2,297.0,303.0,273.6,266.0,284.2,270.4,244.0,40.6,28.2,47.4,75.0,148.6,128.6,124.4,129.8,136.8,56.0,208.8,184.2,160.0,200.6,185.0,240.0,443.8,428.0,464.8,460.6,438.2,311.6666666666666,42.4,31.6,57.0,84.6,78.6,71.4,73.6,80.0,79.2,30.66666666666667,0.1630716134598792,0.083799586,6.132275132275133,-0.09471781170859776,-0.09471781170859776,medium
4079,2014/2015,16,3,8,10.040567506119578,2.1084968359801373,9,1,7.976208779625272,3.0396863135254533,12,9,19.318751910572328,3.948942219113217,22,28,33.09299910879362,11.216134983132335,7.123595505617978,5.977777777777778,6.056179775280899,6.177777777777778,13.179775280898877,12.155555555555555,24.247191011235955,20.677777777777777,1,7.848341140315156,8.270038930624795,16.11838007093995,26.43110608654333,2.802664506885998,3.513789496156562,6.316454003042558,18.89737767386259,257.0,233.6,211.8,268.8,196.2,297.3333333333333,336.4,310.4,337.6,381.0,320.8,212.0,41.6,31.6,52.6,76.4,76.2,63.2,61.6,63.4,73.4,34.33333333333334,282.4,266.8,236.4,260.2,249.2,334.3333333333333,359.6,342.6,399.2,394.0,364.6,265.0,36.2,28.2,56.4,81.4,77.4,73.2,65.8,74.8,76.2,33.66666666666666,0.1392215568862276,0.9835897,7.182795698924729,0.980935522577037,0.980935522577037,easy
4080,2014/2015,16,4,4,2.349732271335378,6.608071618600894,2,8,4.1329307477630906,5.609847608543623,6,12,6.588935128388506,12.30542714388208,14,24,17.614524941705945,23.568082773386973,5.020253164556962,6.655555555555556,5.281012658227847,6.5777777777777775,10.30126582278481,13.233333333333333,19.802531645569616,22.88888888888889,1,4.500969101196794,5.306738822404505,9.807707923601297,23.67727570829093,4.918882444225427,6.754184735615375,11.6730671798408,20.92050418073127,303.4,276.4,269.8,280.6,257.6,304.0,293.8,267.2,291.2,299.6,271.4,216.0,41.2,29.6,64.2,81.0,77.4,70.2,70.2,74.8,75.6,36.33333333333334,167.0,174.4,157.8,180.6,151.6,228.0,362.2,325.2,345.8,369.2,329.6,307.6666666666666,41.4,31.0,42.6,73.4,153.4,122.4,117.8,155.4,141.4,47.0,0.6039689387402933,0.9197886,1.6557142857142857,0.7974618436983727,0.7974618436983727,easy
4081,2014/2015,16,6,1,10.847582902038315,1.49489337100967,4,6,7.539222471281201,3.2490306781845515,10,7,18.253484248560408,4.152204026131388,25,18,26.214721719376588,11.398189434333084,7.4,4.6231343283582085,6.677777777777778,5.26865671641791,14.077777777777778,9.891791044776118,21.57777777777778,20.55970149253731,1,8.899367912102981,7.642771602929467,16.54213951503246,25.78871533755298,3.868417193662395,4.264362708376639,8.132779902039026,13.31039947584211,259.0,239.0,224.0,255.6,212.0,294.6666666666667,287.6,287.4,278.0,264.0,277.2,247.0,49.0,30.4,51.0,76.2,161.6,127.0,124.8,144.6,141.4,87.0,182.6,155.2,122.2,172.4,129.8,223.3333333333333,348.6,327.6,331.0,325.0,326.6,340.0,44.4,27.8,52.2,73.8,138.2,119.0,141.2,159.0,128.6,92.33333333333331,0.5555555555555556,0.97093755,1.7999999999999998,0.9346094876527786,0.9346094876527786,easy
4082,2014/2015,16,5,4,5.40404569911035,4.800612633325661,3,2,5.305924291432943,6.66748594183468,8,6,10.880386887840254,11.087421447124276,25,24,22.56768284168173,14.85418509147641,4.969811320754716,4.725274725274725,5.124528301886792,5.0989010989010985,10.09433962264151,9.824175824175825,19.377358490566035,21.615384615384617,0,5.936741952363222,5.65504049245481,11.59178244481803,23.06918492537115,6.434080986409806,4.765485588298949,11.19956657470874,24.24453925424064,249.2,240.2,225.2,271.4,223.2,306.0,345.6,340.6,380.8,395.0,349.6,223.3333333333333,40.2,24.8,46.2,77.4,80.2,71.4,66.8,61.6,75.8,27.66666666666667,278.2,251.2,238.4,276.0,230.2,291.3333333333334,218.4,209.0,207.2,220.8,183.4,182.0,45.6,31.0,53.8,76.4,212.4,191.8,195.8,213.0,198.6,96.66666666666667,0.7839195979899497,0.049529627,1.2756410256410258,-3.3986885246149314,-3.3986885246149314,hard
4083,2014/2015,16,7,6,8.280214177175292,7.103405629932723,4,9,5.9809980557575395,4.015631204934125,11,15,14.348956728694557,11.132244613247526,6,25,23.24083434621072,18.78088827730776,7.179775280898877,5.23943661971831,6.146067415730337,5.399487836107554,13.325842696629213,10.638924455825864,22.134831460674157,19.95006402048655,1,8.549068447480552,8.54995182180381,17.09902026928437,25.33382003818543,5.428893559029889,4.631011473634083,10.05990503266396,17.18972457461341,280.4,265.0,233.2,257.4,245.8,325.6666666666666,360.4,343.8,389.0,405.6,357.0,280.3333333333333,47.4,25.0,57.0,82.8,78.0,67.0,65.2,79.8,74.6,22.66666666666667,265.4,253.2,240.4,266.8,247.2,327.3333333333333,366.8,348.4,378.0,396.6,355.8,277.3333333333333,42.2,29.4,51.4,81.6,76.0,67.6,79.0,87.6,79.4,23.33333333333333,0.4521801543154494,0.7079902,2.211507936507937,0.4669602184540868,0.4669602184540868,medium
4084,2014/2015,16,1,5,5.020403490930225,9.016580881707362,6,3,5.5978610650509815,7.353050473887841,7,8,10.86486329466258,16.25320379202368,27,9,23.353737550307788,21.050318451582022,4.951898734177215,6.681318681318682,5.292405063291138,7.021978021978022,10.244303797468355,13.703296703296703,20.406329113924045,23.516483516483518,0,3.996687752455901,5.125745227744208,9.12243298020011,21.63998410775729,6.92238670261183,7.565558742304169,14.48794544491599,20.54771707752482,261.4,228.0,197.4,237.6,212.0,302.0,355.8,319.2,338.0,369.8,330.6,241.3333333333333,40.2,22.4,53.8,74.4,68.6,53.4,53.2,64.6,60.8,23.33333333333333,287.0,267.4,242.2,292.8,255.2,319.3333333333333,354.4,336.8,358.8,372.8,342.2,284.6666666666667,48.2,22.6,51.0,70.8,77.8,64.2,64.4,70.8,73.0,24.0,0.3488372093023256,0.048255526,2.8666666666666667,-0.46160759776830673,-0.46160759776830673,medium
4085,2014/2015,16,5,11,5.97344671486056,4.435442155510772,2,4,6.201686873244617,3.462132719054968,7,15,12.371500865469233,7.040334519966836,15,16,25.374090724515604,14.255798739179877,5.659090909090909,6.65934065934066,6.2727272727272725,6.318681318681318,11.931818181818182,12.978021978021978,25.545454545454547,22.571428571428573,1,5.180651810408662,8.210125072364674,13.39077688277335,22.06231719876581,5.369000899407427,5.684145813033568,11.05314671244099,21.2601746538397,263.8,233.0,211.0,267.8,216.0,288.6666666666666,286.6,270.0,283.6,254.8,277.4,241.6666666666667,44.4,27.8,52.2,73.8,140.0,120.0,126.8,144.6,130.4,49.33333333333333,272.4,242.0,241.6,262.0,234.0,301.6666666666667,342.0,327.2,353.0,384.8,320.6,297.3333333333333,43.6,30.0,53.0,78.2,62.8,58.2,71.2,78.6,65.8,24.0,0.3612365404654393,0.95523745,2.7682692307692314,0.9299231176793802,0.9299231176793802,easy
4086,2014/2015,16,8,12,6.974738880344453,6.44174556016854,8,6,6.3971597222615095,5.920187314824036,16,18,13.479010635955351,12.43126515347208,29,32,21.750122080628167,23.66297191775239,4.841463414634147,5.715909090909091,5.024390243902439,5.761363636363637,9.865853658536585,11.477272727272727,19.585365853658537,23.931818181818183,0,6.569443119208639,6.073283417087508,12.64272653629615,24.68083962337338,5.481205536931275,5.373526369070238,10.85473190600151,22.58162018210506,200.6,182.0,168.2,203.2,167.8,227.6666666666667,278.8,266.4,279.6,314.0,258.0,256.0,48.2,28.6,51.6,77.4,199.6,177.6,227.0,249.6,206.0,125.6666666666667,266.8,239.0,221.4,252.0,214.0,298.0,284.6,282.8,280.4,273.4,279.4,227.6666666666667,49.0,30.4,51.0,76.2,161.6,127.0,124.8,144.6,141.4,87.0,0.5855024502004709,0.044977337,1.707934782608696,-1.3040490366933748,-1.3040490366933748,hard
4087,2014/2015,16,7,3,4.519960317295039,7.419605370572969,6,5,4.748382884892553,6.30938762132914,13,8,8.976181178448062,13.99353371165056,37,23,20.189868895604285,23.074971597538177,6.686046511627907,7.428571428571429,6.488372093023256,6.648351648351649,13.174418604651162,14.076923076923077,22.0,22.912087912087912,0,6.007788193792406,6.048038247564598,12.05582644135699,21.29770048933102,5.572459855458649,5.071844486438918,10.64430434189757,20.17009683495351,284.0,259.6,255.6,289.8,254.6,283.6666666666667,290.2,271.6,308.2,315.0,277.2,190.3333333333333,42.4,31.6,57.0,84.8,153.6,140.0,155.6,152.8,162.8,56.0,259.6,232.8,196.4,242.6,204.2,281.3333333333333,274.0,249.6,243.8,293.4,249.0,220.3333333333333,45.0,29.0,51.4,74.2,142.2,121.8,129.4,138.8,135.2,64.0,0.7192016517549897,0.015398243,1.3904306220095692,-2.5064370854593383,-2.5064370854593383,hard
4088,2014/2015,16,5,3,7.901160248487283,6.406419349901081,5,4,6.100125924580974,2.5996340238685915,10,7,14.225020153376406,9.280352064573602,26,16,26.50851455389354,16.378315129704745,5.25,4.78021978021978,5.431818181818182,5.164835164835165,10.681818181818182,9.945054945054945,19.568181818181817,18.824175824175825,1,5.776078985020742,7.591576221159645,13.36765520618039,23.57047586153721,5.81623860887619,6.378528247632045,12.19476685650823,21.34510915169922,264.8,238.2,198.0,248.0,219.0,303.0,350.2,332.8,351.8,352.2,338.0,256.0,41.8,30.6,56.6,80.2,77.6,70.2,63.4,70.6,69.4,50.33333333333334,238.2,243.8,199.4,223.2,207.2,297.0,375.4,332.0,346.2,353.0,342.6,281.0,40.6,28.2,47.4,75.0,75.4,63.6,56.6,71.4,66.6,25.0,0.5925925925925927,0.24852443,1.6874999999999998,-0.8445309508930556,-0.8445309508930556,hard
4089,2014/2015,17,6,11,5.30829961972406,5.139534615544818,3,5,3.305038791002222,5.287119462612132,9,16,9.104678429102554,10.10301294790044,10,35,14.87432884507528,24.936194590057923,4.760869565217392,5.651685393258427,5.1521739130434785,6.224719101123595,9.91304347826087,11.876404494382022,18.793478260869566,25.426966292134832,0,2.745140669015496,6.951716090579133,9.696856759594638,19.4379361670276,6.314411105786514,5.69779787459013,12.01220898037663,22.48995948566508,254.4,236.8,230.6,273.6,226.0,297.3333333333334,212.2,193.0,213.0,205.4,197.0,179.3333333333333,41.4,31.0,42.6,73.4,219.4,184.0,206.6,231.0,204.8,83.66666666666667,264.0,210.2,213.2,263.4,204.6,282.0,272.8,248.4,270.6,273.0,256.4,232.3333333333333,43.4,25.2,60.8,72.2,145.4,119.6,117.8,150.8,133.2,65.33333333333334,0.4334975369458128,0.040641017,2.306818181818182,-0.6934771665412446,-0.6934771665412446,hard
4091,2014/2015,17,12,4,7.7395162608299435,8.503957803759619,13,2,4.151211841848871,5.370903221823754,25,6,12.491097869066419,14.37762143425813,20,13,25.35547173684603,22.158931929819143,6.706521739130435,7.0777777777777775,6.293478260869565,6.088888888888889,13.0,13.166666666666666,22.5,24.22222222222222,0,4.341779584474782,6.868333346105315,11.2101129305801,18.83556661580279,8.067135890389338,5.989427279504934,14.05656316989426,21.49380919844383,241.2,228.8,181.6,230.4,203.8,295.0,265.2,260.6,267.6,281.6,253.2,209.3333333333333,43.0,27.4,52.8,77.6,136.6,120.8,115.8,138.2,132.6,65.33333333333334,288.2,264.4,256.0,272.6,251.2,311.6666666666666,363.2,337.8,375.8,381.4,357.4,272.3333333333334,41.2,29.6,64.2,81.0,74.4,64.2,70.6,72.0,72.4,37.33333333333334,0.335407327253053,0.028112141,2.9814494757460537,-0.46238125668556035,-0.46238125668556035,medium
4092,2014/2015,17,3,1,8.292444440318787,5.289677568361957,9,5,8.295197287385474,2.693354671438689,12,6,16.309924985026377,8.409485829871686,24,22,23.24868449389531,16.488256147868288,6.663043478260869,4.970149253731343,6.978260869565218,5.1007462686567155,13.641304347826088,10.07089552238806,23.358695652173914,19.440298507462682,1,10.56953152647045,8.453354237710597,19.02288576418105,29.44298141149736,4.423514269078461,2.677987072659748,7.101501341738203,12.63192112702619,276.2,243.6,223.8,270.0,222.2,295.6666666666667,201.8,204.0,211.6,229.2,182.8,174.0,45.6,31.0,53.8,76.4,204.2,181.0,198.8,219.0,198.0,104.3333333333333,283.0,265.2,227.8,263.8,245.8,336.6666666666666,360.4,343.8,389.0,405.6,357.0,280.3333333333333,47.4,25.0,57.0,82.8,78.6,73.8,75.6,64.8,79.4,27.66666666666667,0.09748771163298746,0.9525976,10.25770308123249,0.9474773003005404,0.9474773003005404,easy
4093,2014/2015,17,9,4,7.059517696746166,3.5293841298095363,9,10,6.682683431534244,5.268341805954776,18,14,13.752374862112179,8.486219326810769,26,16,29.006541613712184,19.748927940247405,6.0,4.879518072289157,6.1208791208791204,5.0602409638554215,12.12087912087912,9.939759036144578,20.75824175824176,19.698795180722893,0,6.226309262887803,7.519930478261383,13.74623974114919,27.14017020064558,4.069623673327682,5.610603715479252,9.680227388806935,17.0099963703157,264.0,210.2,213.2,263.4,204.6,282.0,272.8,248.4,270.6,273.0,256.4,232.3333333333333,43.4,25.2,60.8,72.2,145.4,119.6,117.8,150.8,133.2,65.33333333333334,256.4,229.0,191.4,231.4,218.4,294.0,269.0,264.0,262.8,270.2,253.0,230.6666666666667,43.0,27.4,52.8,77.6,144.0,131.4,125.6,147.0,140.4,89.33333333333334,0.375,0.10642586,2.6666666666666665,-0.4297186121344567,-0.4297186121344567,medium
4094,2014/2015,17,8,6,7.602995313142701,5.55600968257953,4,6,6.650068402707721,4.534078143398693,12,12,14.457377187884816,9.802878298213516,19,23,25.62926944728701,18.537488583457666,5.248101265822784,5.247191011235955,5.440506329113923,5.426966292134831,10.688607594936709,10.674157303370787,20.007594936708855,19.640449438202246,1,6.648113216048033,7.152626200434625,13.80073941648267,25.95350692476486,5.32329706522039,5.060552410837601,10.38384947605797,19.13852947686114,278.4,252.4,230.0,290.8,239.8,306.3333333333333,363.8,341.6,355.8,362.2,341.2,332.6666666666667,48.2,22.6,51.0,70.8,77.8,64.2,64.4,70.8,73.0,24.0,202.0,182.0,168.2,203.2,167.8,229.3333333333333,280.0,251.8,256.4,305.4,246.0,267.6666666666666,48.2,28.6,51.6,77.4,207.4,194.2,231.8,237.2,214.0,154.0,0.2875,0.91182065,3.4782608695652177,0.8762395089132745,0.8762395089132745,easy
4095,2014/2015,17,3,7,7.248747209371592,3.7251453568349535,6,6,6.950045282385443,2.14445169848603,9,13,14.326274552223362,4.990390834773545,16,19,26.68282402795458,9.348290892509802,6.626373626373627,7.177777777777778,6.593406593406593,6.122222222222222,13.219780219780219,13.3,22.9010989010989,21.955555555555556,1,6.361143508923245,6.215813257309003,12.57695676623224,21.04743801939341,5.893041601256965,5.098305709590891,10.99134731084786,20.68911392697657,264.6,239.4,209.0,236.0,208.0,281.3333333333333,273.4,248.8,256.0,291.8,251.6,225.0,45.0,29.0,51.4,74.2,142.6,118.8,120.8,135.4,133.2,60.33333333333333,261.4,228.0,197.4,237.6,212.0,302.0,351.2,325.2,342.4,374.4,313.6,269.3333333333333,40.2,22.4,53.8,74.4,67.2,49.8,60.8,80.8,64.2,23.33333333333333,0.4055587067498582,0.9428718,2.4657342657342656,0.9038959916766364,0.9038959916766364,easy
4096,2014/2015,17,6,9,4.623654460591918,6.575035048622656,6,6,6.675160108205864,6.299392518996788,12,15,11.280725621218345,12.41877417133249,30,13,25.696090491123975,19.846823249169688,4.717391304347826,7.384615384615385,5.065217391304348,6.648351648351649,9.782608695652174,14.032967032967033,21.641304347826086,21.615384615384617,0,5.577163061818785,4.002495265832706,9.579658327651494,25.3318440281008,6.916463939242939,5.929889654998341,12.84635359424129,16.51461933729071,267.2,259.6,245.8,268.6,245.2,329.0,290.8,277.2,310.2,318.8,281.2,224.3333333333333,42.2,29.4,51.4,81.0,153.4,134.8,148.4,156.0,156.0,49.33333333333333,179.0,157.4,121.2,157.2,135.6,212.0,427.6,394.0,425.2,406.0,408.4,356.0,44.4,27.8,51.8,73.0,65.0,54.6,71.8,81.0,63.0,35.66666666666666,0.8267159795496574,0.027848316,1.2096052631578946,-4.610163544775301,-4.610163544775301,hard
4097,2014/2015,17,10,5,8.540976138971956,3.96856723170331,12,6,7.405634968867341,3.582912090548246,22,11,15.637993701404408,7.600495440700369,22,16,29.20016482331025,17.53133490282437,7.380434782608695,5.008760951188986,6.630434782608695,5.244055068836044,14.01086956521739,10.252816020025032,22.91304347826087,19.73717146433041,1,6.543640689690159,6.667958454060066,13.21159914375023,25.63148049686695,5.220854844982369,6.20669709765604,11.42755194263842,17.58612026472009,272.4,242.0,241.6,262.0,234.0,301.6666666666667,342.0,327.2,353.0,384.8,320.6,297.3333333333333,43.6,30.0,53.0,78.2,62.8,58.2,71.2,78.6,65.8,24.0,264.4,245.0,211.6,252.8,221.8,296.6666666666666,353.6,331.2,322.0,356.6,336.4,250.3333333333333,41.8,30.6,56.6,80.2,77.6,70.2,63.4,70.6,69.4,50.33333333333334,0.425,0.9493617,2.3529411764705883,0.9119333598924719,0.9119333598924719,easy
4098,2014/2015,17,4,8,8.553397120872628,4.414327548287898,3,2,6.254432064779723,6.3856752607676395,7,10,14.995995377139526,10.411761861054899,25,24,32.49456022018181,20.72294174584678,5.786516853932584,4.907384230287859,5.764044943820225,5.30037546933667,11.55056179775281,10.20775969962453,24.02247191011236,20.480600750938667,1,7.727144646282486,7.632688127418255,15.35983277370075,30.43891381450937,4.532655643646113,4.572223191348622,9.104878834994738,19.04904964111846,173.0,163.4,125.0,145.6,136.0,226.0,413.4,386.0,391.6,436.0,387.6,347.6666666666667,40.6,28.2,47.4,75.0,76.2,63.6,56.6,71.4,66.6,25.0,243.2,230.2,210.8,280.2,209.0,290.0,224.2,206.4,217.6,222.0,197.6,204.3333333333333,44.6,26.8,41.4,75.2,207.6,176.2,199.4,226.6,201.8,90.33333333333333,0.2046240110607574,0.9168016,4.887012012012011,0.8953973601026732,0.8953973601026732,easy
4099,2014/2015,18,5,6,10.301425987234206,5.229631685296935,7,8,8.061624185479383,4.580993429983218,12,14,18.443577278453457,10.380608509886281,14,21,31.228799975891746,12.376560434595557,7.043956043956044,5.27909887359199,6.043956043956044,5.424280350438046,13.087912087912088,10.703379224030037,24.0989010989011,19.996245306633288,1,7.964654302737546,8.832908581140826,16.79756288387838,27.72598687279154,3.629141377695688,3.71990519936743,7.34904657706311,13.2227193142842,253.2,229.8,209.2,267.6,205.2,299.3333333333333,338.0,314.4,320.8,360.6,301.8,260.3333333333334,41.6,31.6,52.6,76.4,76.2,63.2,61.6,63.4,73.4,34.33333333333334,254.4,236.8,230.6,273.6,226.0,297.3333333333334,360.6,319.4,351.4,331.6,337.0,273.0,41.4,31.0,42.6,73.4,77.6,61.4,64.8,83.2,71.2,24.33333333333333,0.509961673687878,0.98335487,1.9609316770186338,0.9660329966013128,0.9660329966013128,easy
4100,2014/2015,18,4,6,5.3562569523843955,8.86655609346219,14,3,4.281710202219642,6.9947406456983625,18,9,9.602128615750555,16.02531558294341,30,7,17.866079389380054,19.454894477391846,5.008663366336633,6.763440860215054,5.252475247524751,6.365591397849462,10.261138613861386,13.129032258064516,19.69554455445544,22.473118279569892,0,5.311832947598747,8.171691261022836,13.48352420862159,25.07370891828602,5.00157157429854,6.700528320649705,11.70209989494824,18.7893310632671,303.4,276.4,269.6,280.2,257.6,304.0,350.0,330.2,374.2,375.0,344.0,258.0,41.2,29.6,64.2,81.0,74.8,66.6,70.8,72.4,72.8,37.33333333333334,250.0,240.2,227.8,271.4,224.0,308.6666666666667,215.0,214.2,222.4,228.4,201.6,179.3333333333333,40.2,24.8,46.2,77.4,222.2,198.0,219.4,222.2,227.4,82.0,0.2992565055762082,0.015230595,3.341614906832298,-0.4053207948749554,-0.4053207948749554,medium
4101,2014/2015,18,11,0,10.85439984841074,4.9070560620312325,14,5,9.119019365436728,3.340226745892912,25,5,20.781637172360586,8.17246941740062,19,20,29.048722843866955,20.441851872136233,7.4021739130434785,5.766666666666667,6.641304347826087,5.733333333333333,14.043478260869565,11.5,21.52173913043478,24.033333333333335,1,9.345993679814534,9.12139789075513,18.46739157056966,23.95190874839817,3.953714959339718,4.829607593162184,8.7833225525019,18.4754062781621,268.0,243.0,229.2,279.8,220.6,294.0,287.6,287.4,278.0,264.0,277.2,247.0,49.0,30.4,51.0,76.2,145.6,118.2,126.0,148.6,133.2,67.33333333333334,284.0,259.6,255.6,289.8,254.6,283.6666666666667,290.2,271.6,308.2,315.0,277.2,190.3333333333333,42.4,31.6,57.0,84.8,153.6,140.0,155.6,152.8,162.8,56.0,0.2314540059347181,0.92615926,4.32051282051282,0.9039215116427212,0.9039215116427212,easy
4102,2014/2015,18,7,4,4.0145221272784015,3.228054305164426,3,6,3.262948014598132,6.270700877533284,10,10,8.023112871892351,8.757110084551375,38,14,22.806476362884915,19.277921810524184,4.926199261992619,6.586956521739131,5.099630996309962,6.586956521739131,10.025830258302582,13.173913043478262,19.46863468634686,22.82608695652174,0,7.050767053170535,6.944747183789026,13.99551423695957,23.98618468749165,5.923573359022591,5.747426305022964,11.67099966404555,16.15035301726437,250.0,240.2,227.8,271.4,224.0,308.6666666666667,336.2,337.4,385.0,398.8,343.2,211.3333333333333,40.2,24.8,46.2,77.4,76.8,70.4,80.6,87.4,75.8,34.66666666666666,319.4,289.8,248.4,283.6,251.8,360.6666666666667,273.4,248.8,256.0,291.8,251.6,225.0,45.0,29.0,51.4,74.2,69.4,60.8,68.2,76.0,67.0,25.0,0.7561436672967865,0.023874925,1.3224999999999998,-3.0028694513318865,-3.0028694513318865,hard
4103,2014/2015,18,9,4,6.023271746044125,5.6350056681259755,4,5,4.92792629930902,5.0514078441135934,13,9,10.617556155195107,10.340918044908854,25,16,12.94962418587358,22.7517053663354,7.175824175824176,4.731182795698925,6.1208791208791204,5.075268817204301,13.296703296703297,9.806451612903226,21.923076923076923,21.731182795698924,0,9.177227543891847,8.434725246065064,17.61195278995691,27.72216469320449,4.02589599462286,3.232450467799726,7.258346462422587,16.74549198730114,179.0,157.4,121.2,157.2,135.6,212.0,357.6,331.6,347.8,331.8,338.0,315.3333333333334,44.4,27.8,51.8,73.0,152.2,128.6,131.8,135.6,136.4,53.66666666666667,276.2,243.6,223.8,270.0,222.2,295.6666666666667,263.0,255.8,282.4,305.8,242.6,192.3333333333333,45.6,31.0,53.8,76.4,142.4,121.2,126.6,147.6,136.6,66.66666666666669,0.4085397996837112,0.030125594,2.4477419354838705,-0.6397965506761737,-0.6397965506761737,hard
4104,2014/2015,18,11,4,5.234530051130653,6.836367695115472,9,2,5.819460507045331,5.407123380005991,20,6,11.087718440749677,11.741946851094518,16,5,30.067348328646297,20.75832313500814,4.941831683168316,7.408602150537634,5.263613861386137,6.688172043010753,10.205445544554456,14.096774193548388,20.519801980198014,22.903225806451612,0,5.429844422262049,6.801570313885691,12.23141473614775,23.79996692660051,4.676905541161235,5.609151137375679,10.28605667853691,19.33777496045137,258.8,230.0,211.4,262.2,231.0,303.3333333333333,290.2,271.6,308.2,315.0,277.2,190.3333333333333,42.4,31.6,57.0,84.8,153.6,140.0,155.6,152.8,162.8,56.0,264.0,210.2,213.2,263.4,204.6,282.0,339.2,304.4,327.4,355.0,318.2,235.3333333333333,43.4,25.2,60.8,72.2,72.8,58.0,57.8,80.2,67.2,27.0,0.7561436672967865,0.037706666,1.3224999999999998,-2.9461486113741437,-2.9461486113741437,hard
4105,2014/2015,18,2,4,4.546586033235114,4.384690476228483,5,2,7.462893631613481,2.833748214777758,7,6,11.930672666907663,7.2868821587162245,16,20,24.253560622783255,14.183373063066181,5.711111111111111,6.032608695652174,6.211111111111111,6.1521739130434785,11.922222222222222,12.184782608695652,25.533333333333335,20.815217391304348,1,5.974405659003731,7.725304187336508,13.69970984634024,24.19780110536493,3.519157844903559,3.902072425411681,7.421230270315247,22.32469573393499,255.0,234.0,205.2,271.2,220.4,302.0,214.8,200.0,199.0,219.2,186.6,203.0,44.6,26.8,41.4,75.2,207.6,176.2,199.4,226.6,201.8,90.33333333333333,268.0,243.0,229.2,279.8,220.6,294.0,204.8,208.0,214.2,218.2,206.4,166.0,49.0,30.4,51.0,76.2,217.2,180.2,180.6,207.4,200.6,86.66666666666667,0.5639796719414948,0.96124554,1.7731135531135533,0.9111177605678039,0.9111177605678039,easy
4106,2014/2015,18,5,5,6.6519257707637465,4.219172820707215,5,6,4.273253023891334,6.550788806858366,10,11,9.916487683129052,11.103549416272312,14,12,20.012610124243963,19.038178951193146,4.869047619047619,4.583025830258302,5.119047619047619,5.276752767527674,9.988095238095237,9.859778597785978,19.654761904761905,20.531365313653133,0,6.639904902643474,8.47690366651545,15.11680856915893,28.51048326945561,4.93221939298128,4.684813573046612,9.617032966027889,17.52013369848474,258.4,225.4,197.2,217.8,214.8,297.6666666666667,352.4,325.6,341.2,369.6,324.6,249.0,40.2,22.4,53.8,74.4,68.6,53.4,53.2,64.6,60.8,23.33333333333333,272.4,242.0,241.6,262.0,234.0,301.6666666666667,350.8,325.4,359.6,388.0,342.0,270.6666666666666,43.6,30.0,53.0,78.2,74.6,61.8,67.6,76.0,74.0,25.0,0.4094292803970224,0.043707997,2.442424242424242,-0.6192675726253447,-0.6192675726253447,hard
4107,2014/2015,18,2,5,7.642589142768027,4.495976932953629,3,9,6.5129332474448685,4.05478963116037,5,14,14.52282450006506,8.031443158373442,17,17,29.942561425700234,16.556146690163807,6.689655172413793,4.774193548387097,6.482758620689655,5.129032258064516,13.172413793103448,9.903225806451612,22.17241379310345,18.698924731182796,1,6.5288497518447,6.379674835537434,12.90852458738213,23.41829486980289,4.798389618287987,5.071689744929054,9.870079363217041,17.27783185319304,202.0,182.0,168.2,203.2,167.8,229.3333333333333,412.4,383.6,426.4,471.2,407.4,321.0,48.2,28.6,51.6,77.4,77.0,63.0,71.4,80.4,74.2,24.66666666666667,303.4,276.4,269.6,280.2,257.6,304.0,350.0,330.2,374.2,375.0,344.0,258.0,41.2,29.6,64.2,81.0,74.8,66.6,70.8,72.4,72.8,37.33333333333334,0.5108834827144686,0.9326211,1.9573934837092732,0.8622437063312031,0.8622437063312031,easy
4108,2014/2015,18,9,2,4.080693142030974,7.464217500600467,6,5,4.43073242001951,5.264729244117147,15,7,8.259893616428062,12.192557896200041,23,13,20.049731171171466,15.28406872524228,5.2555555555555555,6.623655913978495,5.433333333333334,7.0,10.688888888888888,13.623655913978494,19.677777777777777,23.365591397849464,0,6.184803100915998,5.347920403520561,11.53272350443655,21.06591151146034,6.498334816386358,5.633802984411433,12.13213780079779,20.54078370808864,255.6,235.4,210.2,232.0,223.8,269.3333333333334,331.8,323.4,319.6,352.8,320.4,265.0,43.0,27.4,52.8,77.6,77.4,59.6,56.2,76.6,70.4,29.0,253.2,229.8,209.2,267.6,205.2,299.3333333333333,355.8,321.2,342.4,368.0,320.4,262.0,41.6,31.6,52.6,76.4,76.2,63.2,61.6,63.4,73.4,34.33333333333334,0.3835538212620158,0.0094395485,2.607196029776675,-0.6068887983198467,-0.6068887983198467,hard
4109,2014/2015,19,6,7,6.916986818593059,6.365645464840554,7,7,6.272897798626714,4.320981293285653,13,14,13.542737053995335,11.113654428306821,24,20,21.011886872089903,23.621686247923044,4.776595744680851,4.870588235294117,5.170212765957447,5.117647058823529,9.946808510638299,9.988235294117647,18.680851063829788,19.58823529411765,0,7.513229881592974,7.976593104025588,15.48982298561856,26.94554645697538,3.294137519091457,4.170625100209945,7.464762619301393,14.5834771671573,280.4,265.0,233.2,259.2,245.8,326.6666666666666,368.6,353.0,386.0,409.2,361.0,291.0,36.2,28.2,56.4,81.4,78.0,67.0,65.2,79.8,74.6,22.66666666666667,278.4,252.4,230.0,290.8,239.8,306.3333333333333,352.2,333.8,340.4,369.2,327.8,288.6666666666667,44.4,28.8,55.6,80.0,77.8,64.2,64.4,70.8,73.0,24.0,0.733822548365577,0.94714123,1.3627272727272728,0.8014152980687325,0.8014152980687325,easy
4110,2014/2015,19,11,1,4.282969948864946,4.855339116090351,6,2,6.225632007105441,4.499062123241792,17,3,9.624323645670096,8.85320546915339,33,11,20.777052835078017,15.812826338738905,4.587591240875912,5.0085679314565485,5.284671532846715,5.304773561811504,9.872262773722628,10.313341493268053,20.437956204379557,20.470012239902076,0,8.284216882408884,8.452847757125296,16.73706463953418,26.08080620351299,4.288320228745559,4.191296939778863,8.479617168524424,16.48696997043791,261.8,251.0,216.0,258.8,223.8,296.3333333333333,364.6,333.4,328.0,356.8,345.0,241.3333333333333,41.8,30.6,56.6,80.2,63.8,65.0,62.6,54.2,73.8,26.66666666666667,300.4,275.8,271.0,282.2,253.8,326.0,369.0,351.6,387.4,391.8,357.6,291.6666666666666,42.2,29.4,51.4,81.0,76.0,67.6,79.0,87.6,79.4,23.33333333333333,0.1696205855323618,0.062490135,5.8955108359133135,-0.12901386196434259,-0.12901386196434259,medium
4112,2014/2015,19,7,3,9.703225011854782,3.608913046415792,7,6,8.627347098632875,4.893965509783803,14,9,18.050866951175035,8.906321390344818,27,17,23.18214066366743,15.851393057659912,6.574468085106383,4.997552019583843,6.9787234042553195,5.348837209302324,13.553191489361701,10.346389228886169,23.25531914893617,19.809057527539775,0,9.039487950161787,8.626924432316601,17.66641238247839,26.00789736545817,4.30492271968667,3.492806998614703,7.797729718301367,14.23821236311832,254.4,236.8,230.6,273.6,226.0,297.3333333333334,354.0,315.6,354.8,353.2,330.6,238.6666666666667,41.4,31.0,42.6,73.4,77.6,61.4,64.8,83.2,71.2,24.33333333333333,245.0,246.2,243.0,283.4,234.0,298.6666666666666,284.6,251.0,271.0,274.4,258.2,212.3333333333333,40.6,28.2,47.4,75.0,156.4,139.0,130.6,131.6,142.6,102.6666666666667,0.5115089514066496,0.08370326,1.9549999999999998,-0.87576974862065,-0.87576974862065,hard
4113,2014/2015,19,9,1,7.020955010747731,5.434419789757909,4,7,5.32886697465824,6.366739285806148,13,8,12.291197351026145,12.208376406867,30,15,24.389928851622372,15.791047643345834,6.010752688172043,7.195652173913044,6.10752688172043,6.0978260869565215,12.118279569892474,13.293478260869565,20.806451612903224,21.956521739130434,1,4.670038963894834,7.077492773674348,11.74753173756918,26.63970427549044,4.240535707276815,6.186510660359119,10.42704636763593,18.72163304034046,281.4,264.6,253.6,260.6,238.0,299.6666666666667,214.4,199.0,208.4,216.2,180.2,173.3333333333333,45.6,31.0,53.8,76.4,221.0,188.6,195.4,227.2,209.6,88.00000000000001,263.6,246.6,216.8,251.0,221.6,298.6666666666666,206.2,207.8,204.4,200.2,195.8,189.3333333333333,41.8,30.6,56.6,80.2,225.0,193.6,181.0,227.0,210.0,111.3333333333333,0.3603883495145631,0.23720245,2.7747844827586206,-0.1925948244029273,-0.1925948244029273,medium
4114,2014/2015,19,8,4,5.834135219510289,6.290897914131047,2,6,7.623112136821236,5.154839034756886,10,10,13.209840124993862,11.554203451557397,37,23,24.666226971633634,24.199073067115947,5.2871287128712865,4.948905109489051,5.452970297029702,5.076642335766422,10.74009900990099,10.025547445255475,20.007425742574252,19.671532846715326,0,6.943158748822295,7.007600083670018,13.95075883249231,27.87774101017411,6.0574306777679,4.911607571621796,10.9690382493897,17.50919098365744,279.8,266.6,241.8,256.2,249.2,324.3333333333333,365.2,350.2,402.0,394.0,374.2,268.3333333333334,47.4,25.0,57.0,82.8,77.4,73.6,65.8,74.8,76.2,33.66666666666666,264.6,210.6,213.6,263.4,205.4,283.0,340.2,304.4,327.8,355.0,318.2,235.3333333333333,43.4,25.2,60.8,72.2,73.2,59.2,58.4,81.0,68.2,27.0,0.8126195028680689,0.0478429,1.2305882352941175,-4.0814097424094795,-4.0814097424094795,hard
4115,2014/2015,19,1,5,3.554579424004107,6.958117380994764,5,2,7.153777390935095,5.819860918837281,6,7,10.474168800355661,13.067214305586738,14,34,22.120564754562828,20.016583859725714,6.559139784946237,7.440860215053763,6.580645161290323,6.720430107526882,13.13978494623656,14.161290322580646,22.731182795698924,21.49462365591398,0,6.508679649458159,6.154242952079358,12.66292260153753,24.37358251311942,6.505397643604231,5.374531231460347,11.87992887506458,16.22631499512615,267.6,238.0,214.8,246.6,213.6,299.0,352.4,302.8,334.2,383.0,316.6,221.0,40.2,22.4,53.8,74.4,67.2,57.2,55.4,79.0,66.8,30.66666666666667,256.2,248.6,233.8,255.0,230.0,318.6666666666667,357.2,333.6,379.8,402.0,354.2,200.0,40.2,24.8,46.2,77.4,80.2,71.4,66.8,61.6,76.2,27.66666666666667,0.205664194200944,0.08815646,4.862295081967214,-0.14793206050561922,-0.14793206050561922,medium
4116,2014/2015,19,7,6,6.029499679345943,4.13104264272599,4,7,6.063632264681407,3.7038584430354593,11,13,11.784355572493281,7.724903336025134,22,19,26.81435082612723,13.808435232801058,4.723404255319149,5.2967032967032965,5.074468085106383,5.43956043956044,9.797872340425531,10.736263736263735,21.670212765957448,19.714285714285715,1,6.513877191515458,6.848322905509177,13.36220009702465,29.29671077253539,4.953255883438186,5.358436661826997,10.31169254526518,17.9547867184985,287.0,267.4,242.2,292.8,255.2,319.3333333333333,352.6,331.4,338.2,383.6,322.4,290.3333333333334,44.4,28.8,55.6,80.0,77.8,64.0,64.4,70.6,73.0,24.0,187.4,163.8,132.2,143.0,140.0,217.6666666666667,275.8,263.6,252.6,275.2,245.8,282.0,45.0,29.0,51.4,74.2,199.0,172.0,187.8,233.2,184.6,111.0,0.5335230304108126,0.6996185,1.8743333333333339,0.3560636403721525,0.3560636403721525,medium
4117,2014/2015,19,7,7,6.117322403878414,4.495022050995914,4,3,5.80821003160185,5.151809314545206,11,10,12.11320312328546,9.678936942639517,23,21,16.55139572259187,18.680027061535142,7.372340425531915,5.670329670329671,6.638297872340425,6.197802197802198,14.01063829787234,11.868131868131869,22.71276595744681,25.428571428571427,0,3.742747706518279,6.379148783569519,10.12189649008779,18.98113541143744,7.005429597623851,6.79279245991332,13.79822205753717,20.34942901346402,301.0,275.8,271.0,282.0,253.8,326.0,299.8,288.8,326.2,317.6,297.4,212.3333333333333,42.2,29.4,51.4,81.0,153.4,134.8,148.4,156.0,156.0,49.33333333333333,272.4,242.0,241.6,262.0,234.0,301.3333333333334,353.0,328.4,347.6,385.0,325.4,283.6666666666667,43.6,30.0,53.0,78.2,74.6,61.8,67.6,76.0,74.0,25.0,0.7491486946651532,0.08649739,1.334848484848485,-2.6416100236962277,-2.6416100236962277,hard
4118,2014/2015,19,7,14,6.138292098185913,8.014204576967893,6,6,5.1160079879844105,6.755246510255244,13,20,12.126833763635819,14.09063849327428,44,18,27.79018262650931,19.56198538449278,5.7032967032967035,7.021739130434782,5.725274725274725,6.054347826086956,11.428571428571429,13.076086956521738,23.98901098901099,23.98913043478261,0,5.894831021267177,5.879626915476287,11.77445793674349,24.13067691354243,7.00206959094442,6.014542402549533,13.01661199349395,20.54234740478328,243.2,230.2,210.8,280.4,209.0,290.0,224.2,206.4,217.6,222.0,197.6,204.3333333333333,44.6,26.8,41.4,75.2,209.0,176.2,203.8,219.6,201.2,89.66666666666667,201.6,183.2,165.4,195.8,173.0,232.6666666666667,259.0,245.4,266.8,316.2,250.6,210.3333333333333,48.2,28.6,51.6,77.4,199.6,177.6,227.0,249.6,207.0,125.6666666666667,0.3698407791003246,0.002242979,2.703866248693835,-0.5833411409719116,-0.5833411409719116,hard
4129,2014/2015,20,7,2,4.545305418972318,7.175754875629835,10,4,4.974871042343436,4.492250703471736,17,6,9.04526337535706,12.168316018969962,26,15,22.218384956198232,27.764214651184126,4.7894736842105265,4.9386281588447645,5.189473684210526,5.086642599277978,9.978947368421053,10.025270758122744,18.736842105263158,19.70758122743682,0,6.929394332728212,6.349819835178373,13.27921416790658,27.86082548296233,6.565784089126915,5.364087881355481,11.92987197048238,15.69464779227772,236.0,235.4,221.6,248.4,213.6,302.0,367.8,334.2,365.2,364.8,348.6,256.0,41.4,31.0,42.6,73.4,71.8,58.2,57.8,59.4,65.4,35.33333333333334,255.6,235.4,210.2,232.0,223.8,269.3333333333334,292.0,280.2,270.8,266.2,269.0,285.3333333333333,43.0,27.4,52.8,77.6,142.8,117.4,120.4,151.0,133.4,53.0,0.3603883495145631,0.029075805,2.7747844827586206,-0.5179901671707269,-0.5179901671707269,hard
4130,2014/2015,20,9,5,6.2111774236612645,5.807885014209914,5,5,5.67294937588722,3.771796819549738,14,10,12.468073160497799,8.852707663475115,19,22,23.622004882198894,13.281678809989621,4.657039711191335,7.129032258064516,5.292418772563176,6.10752688172043,9.949458483754512,13.236559139784946,20.574007220216604,21.881720430107528,1,7.867253103135116,6.941786719973488,14.80903982310862,28.54137442469404,4.412947991807866,5.357670477201241,9.770618469009108,12.73315657765489,253.2,229.8,209.2,267.6,205.2,299.3333333333333,289.2,271.0,284.8,270.4,270.8,246.6666666666667,41.6,31.6,52.6,76.4,143.0,119.0,124.8,145.4,136.6,71.0,261.6,238.4,234.2,272.2,229.2,300.3333333333333,290.2,294.8,294.4,299.8,273.6,251.3333333333333,42.4,31.6,57.0,84.8,160.6,144.4,165.6,151.0,166.8,65.33333333333333,0.2325581395348837,0.9192431,4.300000000000001,0.8947713086099335,0.8947713086099335,easy
4131,2014/2015,20,7,5,9.98291996697354,4.026835215937206,9,9,6.708871503657807,4.389046949392921,16,14,16.647859953277212,8.494836282219538,12,20,24.905678946326905,16.442915648381376,6.75531914893617,4.964891041162227,6.329787234042553,5.268765133171912,13.085106382978724,10.23365617433414,22.30851063829787,20.366828087167065,0,7.692341086187943,9.3074338615203,16.99977494770827,25.67461234323729,5.270588666598761,3.675497307571166,8.94608597416994,13.96599673894691,304.2,276.4,269.6,280.2,257.6,304.3333333333333,349.6,327.0,360.2,374.2,336.2,250.6666666666667,41.2,29.6,64.2,81.0,75.2,66.6,71.2,72.4,73.2,37.33333333333334,261.6,236.2,219.6,273.8,211.8,299.3333333333334,284.8,276.4,267.2,277.6,262.2,257.6666666666666,49.0,30.4,51.0,76.2,145.6,118.2,126.0,148.6,133.2,67.33333333333334,0.5397727272727273,0.13530721,1.8526315789473684,-0.8788386772812149,-0.8788386772812149,hard
4132,2014/2015,20,18,2,8.448606976345488,3.940849597060918,12,0,8.86084450448795,4.583147771928119,30,2,16.99393057170726,8.575669915808762,32,11,25.152248017425876,15.482596930707313,6.578947368421052,4.895348837209302,6.978947368421053,5.1395348837209305,13.557894736842105,10.034883720930232,23.294736842105262,19.593023255813954,1,8.553122272545062,8.781536957197948,17.33465922974302,26.44924050777812,3.206323702642119,4.07372814160404,7.280051844246157,20.19005951444139,261.2,247.6,234.8,305.6,232.2,306.0,210.0,199.8,217.4,238.8,188.8,153.0,40.2,24.8,46.2,77.4,220.4,207.2,231.6,228.0,227.2,86.33333333333333,275.0,243.2,226.4,280.6,234.6,300.3333333333333,215.2,207.6,214.0,202.4,196.0,237.6666666666667,44.4,28.8,55.6,79.0,223.4,189.6,213.4,225.0,216.6,128.3333333333333,0.6209037599172128,0.95900494,1.6105555555555555,0.8918610709813424,0.8918610709813424,easy
4133,2014/2015,20,2,5,8.282581552411461,2.2139862293615544,4,9,6.379771758731971,7.68633617113141,6,14,14.701686035043052,10.001767208074115,14,15,28.690559194633686,16.464653420451164,6.042553191489362,4.9757869249394675,6.085106382978723,5.35593220338983,12.127659574468085,10.331719128329297,20.904255319148938,19.77845036319612,0,5.064217409529767,6.964670337152912,12.02888774668268,29.24881568101348,4.530691865030136,5.632693081295922,10.16338494632605,20.46314218322816,265.4,211.6,214.2,263.0,205.6,287.0,340.2,304.4,327.8,354.8,318.2,235.3333333333333,43.4,25.2,60.8,72.2,73.2,59.2,58.4,81.0,68.2,27.0,253.2,229.8,209.2,267.6,205.2,299.3333333333333,333.6,321.0,337.8,357.8,320.4,279.3333333333334,41.6,31.6,52.6,76.4,76.2,63.2,61.6,63.4,73.4,34.33333333333334,0.3698407791003246,0.054082084,2.703866248693835,-0.501077632521316,-0.501077632521316,medium
4134,2014/2015,20,12,11,6.916738178675386,3.8297262187659236,8,11,6.934797973390945,5.7966447674887664,20,22,13.944045585852109,9.252053360728592,24,24,27.5851933167815,18.64330494982536,5.317013463892288,6.636363636363637,5.414932680538555,6.443181818181818,10.731946144430845,13.079545454545455,20.19461444308445,22.113636363636363,0,5.767969066144924,7.560440256237151,13.32840932238208,23.49663880682676,4.67395694015326,5.003854956591406,9.67781189674466,18.59629495020697,202.0,168.6,140.4,141.2,150.6,214.0,345.0,323.6,331.6,342.2,321.0,290.3333333333334,41.8,26.4,52.8,75.6,140.8,124.4,118.2,140.2,130.0,76.0,283.0,266.4,228.0,263.2,245.8,337.3333333333333,369.2,357.0,391.6,395.6,369.4,299.0,36.2,28.2,56.4,81.4,78.6,73.8,75.6,63.4,79.4,27.66666666666667,0.1696205855323618,0.04196752,5.8955108359133135,-0.15372860399041718,-0.15372860399041718,medium
4135,2014/2015,20,5,7,4.673087608926755,5.723044964749752,6,3,6.777167388567835,3.598953936295588,11,10,11.837118658231088,8.61715773826653,19,33,23.09894826454442,21.242156717754224,6.5,7.096774193548387,6.5638297872340425,6.053763440860215,13.063829787234043,13.150537634408602,22.638297872340427,23.9247311827957,1,7.212068698496317,6.376385342924349,13.58845404142066,22.92449468283478,5.668518876288291,4.343782527120622,10.01230140340892,19.83764870855867,201.6,183.2,165.4,195.4,173.0,232.6666666666667,276.6,264.0,280.6,324.8,260.2,242.3333333333333,48.2,28.6,51.6,77.4,200.0,177.6,227.0,249.6,207.2,125.6666666666667,301.0,275.8,271.0,281.0,253.8,326.0,299.8,288.8,326.2,317.6,297.4,212.3333333333333,42.2,29.4,51.4,81.0,153.4,134.8,148.4,156.0,156.0,49.33333333333333,0.3160923780712757,0.95516634,3.1636321195144728,0.9344448596737456,0.9344448596737456,easy
4136,2014/2015,20,4,2,6.126088534498594,3.7421328234268074,6,4,4.901832506929946,4.5396882824811335,10,6,11.373452210215145,7.803172162702405,25,23,22.0421036494592,18.159682773314046,4.747368421052632,5.684782608695652,5.063157894736842,6.163043478260869,9.810526315789474,11.847826086956522,21.673684210526314,25.380434782608695,0,3.541696806854547,6.291425796226699,9.833122603081257,25.36895068328957,6.516041406364542,6.063002493739891,12.57904390010442,19.12874714148088,192.0,176.0,152.0,202.6,168.8,237.6666666666667,434.6,427.4,463.6,477.6,421.0,314.0,42.4,31.6,57.0,84.8,78.4,70.6,73.6,79.2,78.2,30.66666666666667,252.0,239.2,223.0,262.0,221.0,297.3333333333334,214.0,204.8,215.0,200.8,199.8,185.3333333333333,41.4,31.0,42.6,73.4,219.4,184.0,206.6,230.2,204.8,83.66666666666667,0.7168214090660842,0.02549232,1.3950476190476189,-2.44131836953071,-2.44131836953071,hard
4137,2014/2015,20,4,7,4.236136233236598,8.964572317170692,1,7,6.326216057717932,6.5672370407426435,5,14,10.152765937509802,16.229745301884034,14,17,20.719594036019387,22.443810446048552,7.368421052631579,7.414893617021277,6.610526315789474,6.670212765957447,13.978947368421053,14.085106382978724,22.71578947368421,21.627659574468087,1,4.775075296597998,3.857653633213171,8.632728929811156,19.44894398139613,7.651482863514548,7.27692996790158,14.92841283141613,16.62056876548611,272.4,243.2,241.6,260.0,235.2,301.3333333333334,277.0,247.8,264.4,292.2,249.8,184.6666666666667,43.6,30.0,53.0,78.2,147.2,116.8,120.0,149.6,142.0,57.66666666666666,279.4,246.0,225.8,270.2,230.2,290.6666666666667,267.0,265.8,281.2,310.2,245.8,201.0,45.6,31.0,53.8,76.4,155.8,126.8,125.8,145.0,146.6,61.00000000000001,0.5023923444976077,0.9025316,1.9904761904761903,0.8041260517560518,0.8041260517560518,easy
4138,2014/2015,20,3,4,6.848211632366881,7.465775752924229,4,8,4.514428152511016,5.64261978137465,7,12,11.039607993159938,13.98427014977046,23,9,30.838156861243196,17.237037734853537,5.717391304347826,5.304347826086956,5.728260869565218,5.456521739130435,11.445652173913043,10.76086956521739,24.206521739130434,19.706521739130434,0,7.298316324216716,6.167765031863532,13.46608135608025,28.37619662561856,5.432539948648738,5.114673994117352,10.54721394276609,18.34604512345411,234.6,234.8,224.8,265.2,226.8,300.3333333333333,283.0,259.2,261.8,286.4,249.2,260.3333333333333,40.6,28.2,47.4,75.0,148.6,130.6,124.4,129.4,137.2,56.0,297.6,273.2,268.8,278.6,252.6,305.0,271.2,256.2,292.2,298.4,262.2,195.0,41.2,29.6,64.2,81.0,75.2,66.6,71.2,72.4,73.2,37.33333333333334,0.2058952925648922,0.064605266,4.856837606837607,-0.17792368125056954,-0.17792368125056954,medium
4139,2014/2015,21,4,2,8.515427402386269,4.311106780025062,7,4,6.7756391481056255,4.9437141886191664,11,6,15.341288897393344,9.382956246917395,20,25,26.883259024323173,18.330051022702257,7.095744680851064,4.739583333333333,6.0212765957446805,5.072916666666667,13.117021276595745,9.8125,24.02127659574468,21.708333333333332,1,9.596932848241188,8.953169605902175,18.55010245414337,24.37068113055558,3.561340940660339,2.702495396286261,6.263836336946597,13.90958251230086,263.6,246.6,216.8,251.0,221.6,298.6666666666666,353.6,334.0,322.0,356.6,336.4,250.3333333333333,41.8,30.6,56.6,80.2,77.6,70.2,63.4,70.6,69.4,50.33333333333334,179.0,157.4,121.2,156.6,135.6,212.0,436.6,394.6,415.2,394.8,410.0,375.3333333333333,44.4,27.8,51.8,73.0,65.0,54.6,71.8,81.0,63.0,35.66666666666666,0.5133945804060835,0.9642927,1.9478195488721803,0.9266196110788345,0.9266196110788345,easy
4140,2014/2015,21,5,8,6.588572134342248,6.93863109432069,7,7,9.44886971381396,4.666628531163171,12,15,16.64246454387381,11.165668184637912,26,18,23.73643640318597,15.553559753879378,4.976047904191616,5.389830508474576,5.395209580838322,5.443099273607747,10.37125748502994,10.832929782082324,19.726946107784425,20.236077481840187,1,6.907888504144298,6.877172101099748,13.78506060524404,27.23310312257287,4.812088063278909,5.666356419618046,10.47844448289695,20.15174720520033,255.6,235.4,210.2,227.8,223.8,269.3333333333334,292.0,280.2,270.8,266.0,269.0,285.3333333333333,43.0,27.4,52.8,77.6,142.8,117.4,120.4,149.6,133.4,53.0,182.8,170.6,148.4,188.6,157.4,225.3333333333333,293.6,269.6,259.6,296.4,252.4,309.3333333333333,44.6,26.8,41.4,75.2,211.6,185.0,210.0,220.4,209.6,95.66666666666667,0.2864450127877238,0.15526785,3.491071428571429,-0.18383610211179244,-0.18383610211179244,medium
4141,2014/2015,21,4,6,7.036221694381128,2.158691853757916,5,3,9.21736945801556,2.3093186078386903,9,9,16.01878384435846,3.103742566556793,22,20,23.48739811337736,14.543991174729662,7.410526315789474,6.0,6.673684210526316,6.063157894736842,14.08421052631579,12.063157894736841,21.57894736842105,20.83157894736842,1,8.246804297449872,7.524190038198191,15.77099433564808,24.52900813533967,4.959522579478757,3.702945821617716,8.662468401096461,12.8121318147706,261.6,236.2,219.6,273.8,211.8,299.3333333333334,216.8,214.2,190.0,202.2,189.8,219.6666666666667,49.0,30.4,51.0,76.2,213.6,180.4,203.2,223.6,205.6,105.3333333333333,261.4,228.0,197.4,237.6,212.0,302.0,218.2,200.8,206.4,210.6,194.2,173.6666666666667,40.2,22.4,53.8,74.4,206.8,181.0,184.0,226.0,183.8,82.33333333333333,0.4533736332118411,0.9787179,2.205686274509804,0.9610665014922706,0.9610665014922706,easy
4142,2014/2015,21,12,4,6.4316137205435835,6.176131622691996,6,3,4.5255590020592695,4.910566619824872,18,7,11.205549452963126,10.82200153136657,30,24,27.05084335166758,17.673300305738557,4.907142857142857,7.333333333333333,5.074999999999999,6.552083333333333,9.982142857142858,13.885416666666666,19.657142857142855,22.625,1,7.338351674834466,8.124499890827344,15.46285156566181,25.98570261701959,4.370623096171758,4.521619814527869,8.892242910699625,17.42801347770465,279.4,246.0,225.8,270.2,230.2,290.6666666666667,201.8,204.0,211.6,229.0,182.8,174.0,45.6,31.0,53.8,76.4,223.8,188.2,202.2,226.0,213.4,107.6666666666667,255.6,235.4,210.2,227.8,223.8,269.3333333333334,223.4,212.4,200.8,192.0,196.0,226.6666666666667,43.0,27.4,52.8,77.6,211.4,185.2,190.4,223.6,206.4,111.6666666666667,0.341409691629956,0.9426768,2.929032258064516,0.9129607334583499,0.9129607334583499,easy
4143,2014/2015,21,7,7,5.614687660237065,7.658640355973549,2,9,3.834906573418822,6.336391424133499,9,16,9.489918212601973,13.682141420582202,16,21,17.943308616541966,18.245951694118634,7.1063829787234045,6.697916666666667,6.095744680851064,7.03125,13.202127659574469,13.729166666666666,21.882978723404257,23.385416666666668,0,6.575109287865346,6.052240269277913,12.62734955714327,24.49032220856422,5.676227555613727,4.944303858297778,10.6205314139115,19.99114339615442,179.0,157.4,121.2,156.6,135.6,212.0,356.2,331.2,335.2,330.2,335.6,335.3333333333333,44.4,27.8,51.8,73.0,152.2,128.6,131.8,135.4,136.4,53.66666666666667,236.0,235.4,221.6,245.6,213.6,302.0,294.0,265.6,272.4,281.0,264.8,282.6666666666666,41.4,31.0,42.6,73.4,149.4,119.6,122.6,141.8,136.6,59.66666666666667,0.4539682539682539,0.0694048,2.202797202797203,-0.7042877336227616,-0.7042877336227616,hard
4144,2014/2015,21,5,5,6.649733620308732,5.225999646403077,7,8,7.438282130555166,4.16664478548306,12,13,13.808996880529904,9.327168828559365,24,19,26.953346570601,13.351579175612665,4.9652694610778445,4.8125,5.3089820359281426,5.239583333333333,10.274251497005988,10.052083333333334,20.362874251497,18.8125,1,3.615054319405009,5.834043045342991,9.449097364748011,19.94817360449792,6.658779949235575,7.410802822060938,14.0695827712965,19.30833278465098,237.0,222.6,216.4,273.6,217.4,281.0,284.6,250.8,253.0,287.6,251.4,211.3333333333333,40.6,28.2,47.4,75.0,149.4,128.6,124.4,128.2,136.8,56.0,251.2,246.0,230.6,272.2,229.8,309.0,205.6,208.6,226.6,232.2,195.6,155.3333333333333,40.2,24.8,46.2,77.4,220.4,207.2,231.6,228.0,227.2,86.33333333333333,0.1390474111604809,0.89098173,7.191791574212446,0.8733748320009522,0.8733748320009522,easy
4145,2014/2015,21,1,1,3.824746565203414,3.1513029715241876,7,6,3.061159056468332,3.8998873705844606,8,7,6.926380199383923,7.099997935010107,36,20,27.135513502465127,15.031741411357313,5.645161290322581,6.484210526315789,6.139784946236559,6.557894736842106,11.78494623655914,13.042105263157895,25.35483870967742,22.6,0,6.260659292135461,5.885602607611379,12.14626189974686,22.16876618559973,4.779155745852377,4.76758248419309,9.54673823004547,18.5432325403025,258.8,240.6,218.0,287.0,219.2,303.6666666666667,351.0,318.8,353.0,385.8,327.2,250.0,44.6,26.8,41.4,75.2,77.8,60.2,59.0,58.4,71.0,29.66666666666667,261.4,228.0,197.4,237.6,212.0,302.0,350.8,316.2,335.8,383.2,310.6,232.0,40.2,22.4,53.8,74.4,67.2,49.8,60.8,80.8,64.2,23.33333333333333,0.5737166863594592,0.05453056,1.743020594965675,-1.2179367776683636,-1.2179367776683636,hard
4146,2014/2015,21,2,7,5.673877789903887,9.029758415507867,2,11,5.7500542555425245,8.056351718775693,4,18,11.808663545347613,17.538310151252247,20,13,19.037295404994037,17.094424486081916,4.862068965517241,6.757894736842105,5.080459770114943,6.3578947368421055,9.942528735632184,13.115789473684211,19.49425287356322,22.2,0,6.515478367869635,7.598705237722499,14.11418360559216,23.4532338382736,5.891395862175284,4.440005597977743,10.33140146015303,16.65319049189094,261.6,236.2,219.6,273.8,211.8,299.3333333333334,225.4,215.0,193.4,186.8,197.8,204.3333333333333,49.0,30.4,51.0,76.2,213.6,180.4,203.2,223.6,205.6,105.3333333333333,283.0,265.2,227.8,263.2,245.8,336.6666666666666,355.2,342.2,378.2,392.0,357.8,285.6666666666667,47.4,25.0,57.0,82.8,77.4,73.6,65.8,74.8,76.2,33.66666666666666,0.1557505107559188,0.022041416,6.420524691358023,-0.15837627726438,-0.15837627726438,medium
4147,2014/2015,21,11,7,7.428022071801447,5.377344585652315,5,4,8.674603695630505,5.6022066604689815,16,11,16.898222860865502,10.893943577233614,18,22,20.910583300709646,25.278276250547105,6.685393258426966,5.688172043010753,6.49438202247191,5.709677419354839,13.179775280898877,11.397849462365592,22.134831460674157,24.193548387096776,0,7.575495678590818,6.350025385677544,13.92552106426836,24.63058083670333,4.83963567035103,5.666356862885205,10.50599253323624,19.64999670190655,201.6,183.2,165.4,195.4,173.0,232.6666666666667,284.2,256.8,275.4,328.0,256.8,263.6666666666667,48.2,28.6,51.6,77.4,211.6,186.6,229.4,241.2,217.6,97.00000000000001,265.4,211.6,214.2,263.0,205.6,287.0,340.2,304.4,327.8,354.8,318.2,235.3333333333333,43.4,25.2,60.8,72.2,73.2,59.2,58.4,81.0,68.2,27.0,0.7168214090660842,0.16420914,1.3950476190476189,-1.9514620635611812,-1.9514620635611812,hard
4148,2014/2015,21,3,5,5.896503914780137,3.7756717704405665,4,7,5.265265156422836,3.051149263795071,7,12,10.416983150176595,6.843566139687396,14,21,19.29426716614128,14.26008223533908,5.290322580645161,4.703571428571428,5.483870967741935,5.289285714285714,10.774193548387096,9.992857142857142,19.591397849462364,20.557142857142853,1,6.429762154744349,8.813912110617395,15.24367426536175,25.66469179696312,5.747858694269358,5.390484244755737,11.13834293902509,19.11871997325057,283.6,262.8,247.0,260.8,248.8,315.0,295.6,282.4,306.6,316.4,282.0,205.6666666666667,42.2,29.4,51.4,81.0,161.4,134.6,142.8,160.8,150.6,55.0,319.4,289.8,248.4,280.8,251.8,360.6666666666667,273.4,248.8,256.0,290.4,251.6,225.0,45.0,29.0,51.4,74.2,69.4,60.8,68.2,76.0,67.0,25.0,0.7844827586206897,0.9765979,1.2747252747252746,0.8914142799377441,0.8914142799377441,easy
4149,2014/2015,22,5,7,5.33218613369284,7.463668558036254,10,6,6.08813744166706,6.1241212934151505,15,13,11.81508914941895,13.211598976858443,30,18,20.831292580837,17.672141616401017,4.814432989690721,6.760416666666667,5.268041237113402,6.40625,10.082474226804123,13.166666666666666,18.814432989690722,22.104166666666668,0,5.984860604268089,7.081559591357376,13.06642019562547,25.97679951888281,6.495419812031899,4.693981847883505,11.1894016599154,15.84563828205747,278.0,249.8,252.0,258.4,245.8,302.6666666666667,277.0,247.8,264.4,292.2,249.8,184.6666666666667,43.6,30.0,53.0,78.2,147.2,116.8,120.0,149.6,142.0,57.66666666666666,264.4,247.4,224.8,282.8,240.2,297.6666666666667,213.8,218.4,212.4,214.0,198.0,197.6666666666667,42.4,31.6,57.0,84.8,226.8,213.4,243.4,246.2,226.0,128.0,0.2325581395348837,0.017776176,4.300000000000001,-0.2798674020803335,-0.2798674020803335,medium
4150,2014/2015,22,2,3,4.196152991724335,5.420884748117057,0,6,8.013437707064421,4.632472361159194,2,9,12.111134956782925,9.54263745485622,15,19,27.51053032872874,17.113733350732865,4.976303317535545,4.982332155477032,5.412322274881515,5.084805653710246,10.388625592417062,10.06713780918728,19.793838862559237,19.766784452296815,0,6.60935927497645,7.481869561459805,14.09122883643626,28.8868064184611,4.773375730772202,5.526644367451761,10.30002009822396,17.22674166057351,263.6,246.6,216.8,251.0,221.6,298.6666666666666,366.2,348.2,345.8,337.2,341.6,284.3333333333333,41.8,30.6,56.6,80.2,63.8,65.0,62.6,54.2,74.6,26.66666666666667,275.0,243.2,226.4,280.6,234.6,300.3333333333333,226.0,215.8,220.8,189.2,210.0,236.6666666666667,44.4,28.8,55.6,79.0,216.8,197.6,194.8,233.8,205.2,101.3333333333333,0.3900114372855509,0.49827954,2.5640273704789833,0.1774920427799225,0.1774920427799225,medium
4151,2014/2015,22,9,2,6.606378272369282,5.179326853916155,5,2,4.401867389897019,5.211297160979246,14,4,10.955950197496655,10.462583300409566,38,7,17.505705762251836,16.528806645738264,7.105263157894737,5.26595744680851,6.052631578947368,5.468085106382978,13.157894736842104,10.73404255319149,21.821052631578947,19.53191489361702,0,9.59482355448083,7.905727629708533,17.50055118418939,26.9320896524729,4.461907963282047,4.009152203005999,8.471060166288048,16.46880373410283,304.2,276.4,269.6,280.2,257.6,304.3333333333333,271.2,256.2,292.2,298.4,262.2,195.0,41.2,29.6,64.2,81.0,75.2,66.6,71.2,72.4,73.2,37.33333333333334,253.2,229.8,209.2,267.6,205.2,299.3333333333333,356.0,326.8,348.0,352.4,334.0,283.3333333333334,41.6,31.6,52.6,76.4,76.2,63.2,61.6,63.4,73.4,34.33333333333334,0.5574572127139364,0.03478125,1.793859649122807,-1.1810743776433048,-1.1810743776433048,hard
4152,2014/2015,22,6,6,4.462054896847059,4.392494405908552,2,4,7.3824375867714185,4.289297927452836,8,10,11.79224074800426,7.7406966897964065,21,7,23.221629051579654,18.20991432889413,4.9656398104265405,4.711340206185567,5.327014218009477,5.061855670103093,10.292654028436019,9.77319587628866,20.401658767772506,21.742268041237114,0,4.912372225738791,6.532522059179719,11.44489428491851,21.34836935475042,6.228768906491704,6.949762507342264,13.17853141383398,19.46472328685213,256.2,248.6,233.8,255.0,230.0,318.6666666666667,353.4,344.2,377.2,401.0,351.0,233.0,40.2,24.8,46.2,77.4,80.2,71.4,66.8,61.6,76.2,27.66666666666667,273.2,245.8,231.0,258.0,222.8,292.6666666666666,349.0,350.2,349.8,346.4,344.2,281.0,49.0,30.4,51.0,76.2,66.6,59.2,58.2,69.4,65.0,23.0,0.696594427244582,0.14426792,1.4355555555555557,-1.8204230909444843,-1.8204230909444843,hard
4153,2014/2015,22,6,2,7.9297520531321,6.3188007576806315,4,4,8.011279549811846,3.9776129785188314,10,6,16.711426979089815,9.679885240939832,36,10,26.281411987902807,17.753669144527837,6.701030927835052,7.063157894736842,7.051546391752577,6.031578947368421,13.75257731958763,13.094736842105263,23.36082474226804,23.978947368421053,0,7.673265391685867,6.875786040733963,14.54905143241985,21.63131813668245,6.50825077133157,5.408093131501993,11.91634390283356,18.70003430019471,260.4,213.0,209.2,253.2,207.4,285.6666666666667,271.4,244.4,267.2,277.2,256.8,214.6666666666667,43.4,25.2,60.8,72.2,148.0,123.0,114.6,142.8,133.2,57.66666666666667,266.2,260.2,245.8,267.4,245.2,329.0,297.2,285.6,316.8,322.4,295.0,198.0,42.2,29.4,51.4,81.0,153.4,134.8,148.4,156.0,156.0,49.33333333333333,0.1297297297297297,0.030548763,7.708333333333335,-0.11396570931773005,-0.11396570931773005,medium
4154,2014/2015,22,4,1,4.2187959771630315,1.7947712744479283,10,2,3.6066594840194894,7.45265789731558,14,3,8.297788819559864,8.79136690255173,36,11,29.285292206262472,17.96365927721385,6.0,6.427083333333333,6.03125,6.552083333333333,12.03125,12.979166666666666,20.822916666666668,22.572916666666668,0,7.90064018471572,6.765616091904263,14.66625627661998,24.20076767433553,3.723498598222984,4.519258471227667,8.242757069450656,13.37096478630217,283.0,266.4,228.0,263.2,245.8,337.3333333333333,360.6,342.6,400.6,394.0,364.6,265.0,47.4,25.0,57.0,82.8,77.4,73.6,65.8,74.8,76.2,33.66666666666666,271.0,249.0,241.4,281.4,228.8,311.3333333333333,363.2,338.6,363.2,380.4,336.2,289.6666666666666,44.6,26.8,41.4,75.2,79.2,66.4,56.4,78.8,70.2,28.0,0.6045105789351314,0.053099703,1.6542307692307692,-1.3942493863999494,-1.3942493863999494,hard
4155,2014/2015,22,7,9,7.601100541644822,4.956573844652259,7,1,5.398978012487767,6.395827455152464,14,10,13.805603497556028,11.04133501107463,27,14,23.35167453949331,24.646388584910774,5.417964071856288,5.595744680851064,5.459880239520957,6.148936170212766,10.877844311377245,11.74468085106383,20.211976047904187,25.46808510638298,0,3.669428315598589,7.01018862775018,10.67961694334877,21.82933289541614,7.078618379914052,5.928544111531189,13.00716249144524,21.86271969428019,261.4,228.0,197.4,237.6,212.0,302.0,350.8,316.2,335.8,383.2,310.6,232.0,40.2,22.4,53.8,74.4,70.0,65.6,54.0,64.2,65.4,24.33333333333333,237.4,222.6,216.8,274.4,218.0,282.3333333333333,342.0,306.4,334.8,363.4,313.0,244.3333333333333,40.6,28.2,47.4,75.0,75.4,66.2,56.6,72.6,67.0,25.0,0.5338278264778602,0.023854513,1.8732631578947367,-1.093959169306055,-1.093959169306055,hard
4156,2014/2015,22,3,7,4.110020062400195,7.8863610035130005,6,8,4.6905208715898645,7.186382856331697,9,15,8.973073631376394,14.873139624107205,8,10,18.414076431460614,21.501008354314394,6.733333333333333,7.375,6.477777777777778,6.65625,13.21111111111111,14.03125,22.08888888888889,21.583333333333332,0,5.682551943141922,4.395981482827083,10.07853342596902,22.55278269940918,7.267173490483517,5.708437123969164,12.97561061445268,19.23328350818343,288.8,267.4,238.2,279.0,253.2,318.3333333333333,284.6,272.4,286.0,294.6,273.8,244.6666666666667,44.4,28.8,55.6,78.6,155.4,120.2,127.0,144.2,140.6,53.33333333333333,278.0,249.8,252.0,258.4,245.8,302.6666666666667,350.0,315.4,334.2,372.4,326.4,244.3333333333333,43.6,30.0,53.0,78.2,72.6,55.0,52.4,73.6,68.0,32.66666666666666,0.5338278264778602,0.020029042,1.8732631578947367,-1.102165251003943,-1.102165251003943,hard
4157,2014/2015,22,14,4,8.38739015285785,5.038536388528586,8,1,7.816219871880411,4.219743164427088,22,5,16.648698554391288,9.3645804286827,17,13,25.542350301492178,15.318563082520825,7.298969072164948,4.829545454545454,6.515463917525773,5.045454545454546,13.814432989690722,9.875,22.63917525773196,19.5,1,6.037955658580164,7.470657633325917,13.50861329190609,25.47400578486818,4.885383881423786,5.97964719997869,10.86503108140248,15.88187270434284,316.4,280.4,239.8,291.8,250.6,351.0,207.8,188.2,198.6,211.4,192.2,162.0,45.0,29.0,51.4,74.2,137.4,124.2,125.2,153.4,128.8,62.0,179.0,157.4,121.2,156.6,135.6,212.0,354.8,328.6,350.0,342.2,339.8,314.0,44.4,27.8,51.8,73.0,152.2,128.6,131.8,135.4,136.4,53.66666666666667,0.4437869822485207,0.9518873,2.2533333333333334,0.913499524618717,0.913499524618717,easy
4158,2014/2015,22,6,5,5.823082224481393,6.4091193475599955,8,3,3.5521329227324925,5.934546826262924,14,8,8.2238233976712,13.151059467055005,25,20,26.792511717851866,16.683434497943395,5.702127659574468,4.706713780918728,5.691489361702128,5.307420494699645,11.393617021276595,10.014134275618375,24.170212765957448,20.561837455830386,1,8.106132607639063,7.777709501100409,15.88384210873948,31.20300610104166,4.928210361600857,4.524120311108089,9.452330672708946,19.9867545837783,274.2,258.4,238.8,279.2,246.2,295.0,346.4,350.0,379.0,369.4,352.4,254.0,42.4,31.6,57.0,85.0,85.4,75.4,83.6,77.8,82.6,40.0,304.2,276.4,269.6,282.4,258.2,305.0,271.6,257.4,292.4,298.4,262.4,196.3333333333334,41.2,29.6,64.2,81.0,75.4,66.6,71.2,72.4,73.4,37.33333333333334,0.5127043318187702,0.92437917,1.9504418783679758,0.844815304143177,0.844815304143177,easy
4159,2014/2015,23,3,4,8.510880091916505,4.2097105386043765,5,5,6.752076328430273,5.6653425231263395,8,9,14.428201716276694,10.574513806049024,21,30,26.119249701308235,20.40594087164134,7.010416666666667,4.816326530612245,6.010416666666667,5.316326530612245,13.020833333333334,10.13265306122449,23.833333333333332,18.928571428571427,1,7.009777992715941,5.989802505319311,12.99958049803527,21.81156556038529,5.939702887168369,5.127156817007557,11.06685970417593,19.80321718523983,252.0,239.2,223.0,262.0,221.0,297.3333333333334,299.2,266.0,289.0,278.6,278.4,262.6666666666666,41.4,31.0,42.6,73.4,153.4,122.4,117.8,154.6,141.4,47.0,287.2,247.6,235.2,275.0,244.0,279.6666666666667,346.2,322.0,351.8,394.6,327.6,220.0,45.6,31.0,53.8,76.4,82.0,68.8,61.4,69.0,73.6,26.66666666666667,0.4111321948134092,0.94367254,2.4323076923076927,0.9043461678491627,0.9043461678491627,easy
4160,2014/2015,23,1,4,6.851129453392301,4.584421498682801,1,5,5.829849641004207,5.280891453299481,2,9,12.22809027932496,9.247531226884012,10,25,21.38100861712906,13.218379056764569,7.371134020618556,6.6938775510204085,6.670103092783505,7.020408163265306,14.041237113402062,13.714285714285714,21.463917525773194,23.489795918367346,0,8.214348943011833,7.544923570303719,15.75927251331556,22.01563636246153,5.998416153963446,4.695593957689831,10.69401011165327,17.55115522789576,271.0,228.4,213.8,276.4,210.4,298.6666666666666,214.4,204.8,206.4,202.0,198.4,192.6666666666667,41.6,31.6,52.6,76.4,217.8,185.2,203.2,213.8,209.0,125.0,203.0,182.8,168.0,204.4,167.4,232.6666666666667,284.4,256.8,275.4,328.0,256.8,263.6666666666667,48.2,28.6,51.6,77.4,212.6,186.6,229.8,241.2,217.6,97.00000000000001,0.2432432432432433,0.07596432,4.11111111111111,-0.2210471481084825,-0.2210471481084825,medium
4161,2014/2015,23,7,5,6.906972858992228,5.639991405998034,8,5,4.552567955862806,3.482312198557067,15,10,11.442322147131096,8.986179733649351,56,10,25.548512268640096,19.375780088971993,4.961538461538461,7.125,5.094405594405593,6.041666666666667,10.055944055944055,13.166666666666666,19.758741258741257,21.989583333333332,0,4.687814880911585,5.660105665517948,10.34792054642954,21.95593033749502,6.177918912202215,6.469815200137348,12.64773411233956,22.09427569332691,255.6,237.0,210.2,227.8,223.8,271.3333333333334,293.6,280.6,281.2,285.0,284.2,255.6666666666667,43.0,27.4,52.8,77.6,142.8,117.4,120.4,149.6,133.4,53.0,267.6,248.6,223.6,261.8,224.8,301.3333333333333,366.8,348.2,347.4,337.6,341.8,285.0,41.8,30.6,56.6,80.2,63.8,65.0,62.6,54.2,74.6,26.66666666666667,0.4111321948134092,0.0032977248,2.4323076923076927,-0.692573881019847,-0.692573881019847,hard
4162,2014/2015,23,9,3,3.4062211251170638,4.271136420897815,4,4,6.306602313750382,4.321607158199881,13,7,9.615158982941537,8.042220532445409,20,10,21.118399588355516,19.031726754981086,4.709790209790209,5.979381443298969,5.2832167832167825,6.072164948453608,9.993006993006993,12.051546391752577,20.555944055944053,20.97938144329897,0,6.167549030941499,6.494610493634425,12.66215952457593,25.76777945476372,5.414879715027753,4.984925985744575,10.39980570077233,16.0176341804513,271.4,246.2,218.4,239.4,213.4,302.3333333333333,276.8,263.6,290.2,313.6,251.2,245.3333333333333,45.6,31.0,53.8,76.6,141.8,121.2,126.4,149.0,135.4,66.66666666666669,183.8,168.2,123.2,177.0,139.4,222.6666666666667,398.8,376.4,406.2,422.4,381.8,349.3333333333333,48.8,27.4,52.2,73.8,70.6,64.0,64.6,66.8,65.6,25.0,0.4247885251930856,0.04905059,2.3541125541125547,-0.6532170539031092,-0.6532170539031092,hard
4163,2014/2015,23,10,4,10.906384010611745,5.080538376964244,9,2,9.155653865015177,5.168567882343941,19,6,20.49152539905981,10.481645729161663,17,19,20.581683528323502,24.970406850791008,6.762886597938144,5.705263157894737,6.402061855670103,5.71578947368421,13.164948453608247,11.421052631578947,22.061855670103093,24.178947368421053,1,6.463787167363209,8.717408177023158,15.18119534438635,20.56480907171962,5.468720051345593,5.164389383617564,10.63310943496316,21.17373897401112,258.6,212.2,202.0,263.0,202.0,273.0,281.6,256.6,271.8,266.8,258.8,245.3333333333334,45.4,25.2,60.8,69.8,142.2,116.0,105.4,149.0,123.8,57.0,194.2,163.6,155.2,191.8,169.0,216.0,356.6,343.4,384.0,397.8,365.6,240.6666666666667,42.4,31.6,56.8,82.4,162.0,145.0,166.2,154.0,168.0,65.33333333333333,0.1630716134598792,0.92560434,6.132275132275133,0.9111086948630736,0.9111086948630736,easy
4164,2014/2015,23,7,0,6.049557657597138,3.091017024229963,4,3,5.837504906603598,3.4763518552371986,11,3,11.479452869191189,6.55356497380563,25,17,22.45432442722199,15.12374512446298,5.631578947368421,4.976553341148886,6.094736842105263,5.291910902696364,11.726315789473684,10.268464243845251,25.347368421052632,20.407971864009372,1,8.295228075626085,7.626785033633398,15.92201310925951,25.94834089591928,3.788536199779585,3.720110745080536,7.508646944860119,13.18011090214781,282.8,270.0,240.6,279.6,253.4,319.3333333333333,363.6,346.2,368.0,372.2,351.6,280.6666666666667,44.4,30.0,55.6,80.0,77.8,64.2,64.4,67.8,72.4,24.0,282.4,265.0,227.6,263.4,245.4,329.6666666666667,366.4,358.4,391.6,396.8,370.4,271.0,47.4,25.0,56.6,82.4,75.6,73.8,66.0,74.2,75.8,33.66666666666666,0.2603550295857988,0.97542477,3.840909090909091,0.966774284362793,0.966774284362793,easy
4166,2014/2015,23,2,5,7.343273404607443,5.743015286812454,8,8,6.816240409785297,4.771484937397373,10,13,14.094255110854474,10.656465520192,16,11,25.581842135202784,18.170600707405576,4.724489795918367,5.434834123222749,5.051020408163265,5.476303317535543,9.775510204081632,10.911137440758294,21.591836734693878,20.284360189573455,1,8.395310056608134,6.891550565585335,15.28686062219348,28.8728309592164,5.108980377375434,4.091503753318461,9.200484130693898,17.1978983629317,256.2,216.6,197.2,264.0,192.8,273.6666666666666,263.0,222.8,234.0,281.6,240.0,196.6666666666667,41.8,26.4,51.6,75.6,142.6,112.0,122.2,138.0,132.2,53.33333333333333,271.0,257.6,242.0,266.6,241.0,324.0,358.0,353.2,389.8,397.0,365.0,233.6666666666667,39.2,32.2,53.4,78.6,68.2,54.4,51.0,64.2,59.8,25.0,0.205664194200944,0.96946824,4.862295081967214,0.9615631527528293,0.9615631527528293,easy
4167,2014/2015,23,4,4,5.638909567327986,6.7465341920936925,3,10,5.229889715920683,7.5116989647470795,7,14,10.076442414524987,14.912957930156981,18,23,19.142704569145977,15.587691068616635,4.820224719101123,4.944900351699882,5.0,5.355216881594371,9.820224719101123,10.300117233294255,19.426966292134832,19.7432590855803,1,7.775880259773022,9.080064238079663,16.85594449785268,26.67389134600932,3.875464811258349,4.118622755667027,7.994087566925376,15.00887421697742,288.4,269.2,258.0,257.2,257.4,324.3333333333333,302.6,287.4,317.0,314.8,287.0,229.3333333333333,42.2,29.4,49.8,81.0,153.2,133.6,160.0,166.8,158.8,57.66666666666667,262.4,244.2,223.8,260.4,224.6,295.0,297.0,266.6,269.0,281.0,266.4,225.3333333333333,41.8,30.6,56.4,80.8,140.2,128.6,113.0,135.4,147.6,50.0,0.8243645523242501,0.924051,1.2130555555555556,0.5675758268718148,0.5675758268718148,medium
4168,2014/2015,23,7,6,6.863941528977666,6.910884062128439,6,6,5.32163050968998,3.746793388416246,13,12,12.605199730633242,10.430022703860992,19,9,19.429913018263772,19.210350708033026,5.231578947368421,7.36734693877551,5.431578947368421,6.530612244897959,10.663157894736843,13.89795918367347,19.4,22.581632653061224,0,4.44778882187591,5.59856886399978,10.04635768587568,22.09640666982174,7.391455546781414,6.452628811295327,13.84408435807675,23.22801002556853,270.6,242.8,243.8,267.6,233.6,301.3333333333334,363.8,340.2,352.8,375.2,348.6,303.0,43.6,30.0,53.0,78.2,71.0,55.6,52.4,76.6,68.4,32.66666666666666,256.4,220.6,191.4,243.6,204.6,294.6666666666667,356.4,313.2,322.8,348.6,319.4,255.6666666666667,47.0,25.6,54.2,73.4,65.6,45.0,57.4,78.8,64.0,25.0,0.5555555555555556,0.015816038,1.7999999999999998,-1.2144139204174282,-1.2144139204174282,hard
4169,2014/2015,24,1,5,3.813040693457231,7.130494537381426,7,4,6.046082517468958,5.345401878500996,8,9,10.194379685942629,11.61661770062917,34,11,21.33941143537779,20.228287608674,4.808080808080808,7.3061224489795915,5.313131313131313,6.612244897959184,10.121212121212121,13.918367346938776,19.04040404040404,21.346938775510203,0,5.702069256563735,3.965711100115112,9.66778035667885,21.37300690837053,7.572997220368182,5.385478357351647,12.95847557771983,14.44342434020894,166.4,169.8,146.4,173.2,153.2,230.6666666666667,373.8,356.4,350.8,383.4,338.8,305.0,39.8,28.2,46.6,75.6,132.0,114.6,115.4,152.6,119.8,58.66666666666666,236.6,225.4,210.6,267.0,207.4,299.3333333333334,223.6,207.0,210.2,207.0,205.8,207.6666666666667,45.8,29.0,55.0,70.8,217.6,183.4,195.2,220.0,202.0,81.00000000000001,0.4055587067498582,0.006848213,2.4657342657342656,-0.6707314871258693,-0.6707314871258693,hard
4170,2014/2015,24,7,4,4.4942222363873965,3.750124596921199,3,2,6.412111323590918,4.514087736352461,10,6,10.516381273734233,7.497303741710699,25,21,23.062824967283433,10.266743020621153,4.935034802784222,5.25,5.403712296983757,5.4375,10.338747099767982,10.6875,19.777262180974475,19.395833333333332,0,7.424229293068906,6.497372830465443,13.92160212353435,27.14354673307331,4.818408131882268,5.148751043390123,9.96715917527239,18.06444151809799,300.8,271.4,248.6,267.6,243.8,305.3333333333333,276.4,257.0,294.0,293.6,274.2,198.0,42.2,29.6,64.2,81.2,76.6,67.8,65.4,67.2,77.2,22.33333333333333,263.8,235.4,225.2,272.0,217.8,302.3333333333333,288.0,271.8,291.4,307.2,271.2,253.0,52.8,28.6,50.6,79.8,155.2,133.2,147.6,152.8,150.4,49.66666666666667,0.3608247422680412,0.063802995,2.771428571428572,-0.46469530198843234,-0.46469530198843234,medium
4171,2014/2015,24,2,12,6.437874502639524,6.560630608109425,2,4,5.133518854336607,6.417711598801207,4,16,11.786590047741738,12.396076137994047,12,15,21.70750831995068,18.35393587260296,7.103092783505154,6.795918367346939,6.030927835051546,6.428571428571429,13.1340206185567,13.224489795918368,21.8659793814433,22.010204081632654,0,8.411568301001878,7.796148334248306,16.20771663525021,24.21356707061899,5.549525813260566,4.426807816580641,9.97633362984121,15.63565270389726,257.0,233.4,216.2,267.2,209.6,300.6666666666667,358.4,330.0,348.2,365.8,335.6,246.6666666666667,49.0,27.8,51.0,75.8,71.6,62.0,56.0,60.4,68.0,19.33333333333333,255.4,231.8,217.8,284.2,218.0,296.6666666666667,285.2,271.2,298.2,299.6,263.6,235.3333333333333,44.6,26.8,43.4,74.0,154.6,126.8,112.4,136.4,143.4,57.66666666666667,0.3495811119573496,0.5132369,2.860566448801743,0.25161595297083084,0.25161595297083084,medium
4172,2014/2015,24,12,6,4.08503367302678,5.155588186729347,8,9,5.837000966797224,4.522342447326347,20,15,9.431200312548253,9.695758346188779,25,25,24.468421533024298,20.96347802602643,4.924593967517401,4.982698961937715,5.26798143851508,5.124567474048442,10.192575406032482,10.107266435986158,20.37238979118329,20.13494809688581,0,6.983654456606216,7.354046602256011,14.33770105886223,26.54568048092557,5.762659158310043,5.426106961226392,11.18876611953642,15.72246894474961,281.6,250.4,238.8,270.0,230.2,284.0,272.4,264.0,287.4,318.6,254.6,185.6666666666667,45.6,31.0,53.8,76.4,155.8,126.8,125.8,145.0,146.6,61.00000000000001,253.2,229.8,209.2,267.6,205.2,299.3333333333333,214.4,204.8,206.4,202.0,198.4,192.6666666666667,41.6,31.6,52.6,76.4,217.8,185.2,203.2,213.8,209.0,125.0,0.3756449948400413,0.8158225,2.662087912087912,0.7050115457251052,0.7050115457251052,medium
4173,2014/2015,24,10,3,7.498790211309999,2.797353212623761,3,3,6.6328695702190945,2.19931503072333,13,6,13.577809338136948,4.719215527524627,27,7,23.055535850070196,13.644255871671076,6.666666666666667,4.7543252595155705,7.0,5.2698961937716255,13.666666666666666,10.024221453287197,23.505050505050505,20.550173010380618,0,9.720537488545308,11.87993624233033,21.60047373087564,29.47221589849985,2.403663111127219,2.986000474034533,5.38966358516176,12.72489631250998,179.0,157.4,121.2,156.6,135.6,212.0,355.6,320.0,337.8,355.6,331.8,305.3333333333333,44.4,27.8,51.8,73.0,151.8,124.2,129.2,151.4,136.8,53.0,282.4,268.0,236.6,260.2,249.2,335.0,369.2,357.0,391.4,395.6,369.2,299.0,47.4,25.0,57.0,82.8,77.4,73.8,65.8,74.8,76.2,33.66666666666666,0.1337302574573407,0.07200479,7.477739286630739,-0.07125432853733858,-0.07125432853733858,medium
4174,2014/2015,24,3,4,5.161136020371976,2.5946838380514397,4,2,5.983303518082449,5.092488940512254,7,6,10.956387103534976,7.22614448494374,18,22,22.87795353731189,14.247558214696344,5.948979591836735,4.696969696969697,6.051020408163265,5.08080808080808,12.0,9.777777777777779,20.867346938775512,21.535353535353536,0,8.452335292817505,6.60477868229515,15.05711397511265,23.09695996072686,5.988488622498237,4.771446630779192,10.75993525327743,19.22463641333036,203.0,182.8,168.0,204.4,167.4,232.6666666666667,287.4,257.8,275.6,328.6,256.8,263.6666666666667,48.2,28.6,51.6,77.4,212.6,186.6,229.8,241.2,217.6,97.00000000000001,274.2,258.4,238.8,279.2,246.2,295.0,346.4,349.4,379.0,369.4,352.4,253.6666666666667,42.4,31.6,57.0,85.0,85.4,75.4,83.6,77.8,82.6,40.0,0.4603234298608499,0.035336874,2.172385620915033,-0.7874838176037374,-0.7874838176037374,hard
4175,2014/2015,24,6,5,5.993409671976622,4.6801163197406455,5,7,6.304604783972908,5.846667150592493,11,12,13.32952537623996,10.219605459968445,16,17,31.19541820957102,17.92720802540492,5.430246189917937,6.371134020618556,5.5029308323563875,6.505154639175258,10.933177022274325,12.876288659793815,20.18640093786635,22.45360824742268,0,4.464712034374968,6.613468146674933,11.0781801810499,19.85061389570628,6.595243150540829,6.738770926340424,13.33401407688125,21.12611367198384,280.6,260.4,255.4,291.6,245.2,328.3333333333334,282.8,276.6,305.2,301.4,287.8,194.3333333333333,42.2,29.4,51.4,81.0,161.4,134.0,142.8,160.8,150.6,55.0,250.0,231.8,191.6,213.8,218.2,295.0,365.6,340.4,339.8,350.2,347.4,328.6666666666666,43.0,31.8,50.2,71.6,65.4,57.8,64.2,74.4,63.0,24.0,0.7197844495765973,0.18227912,1.389304812834225,-1.9181852492984817,-1.9181852492984817,hard
4176,2014/2015,24,10,2,8.43378175012205,3.8173591763342665,8,2,8.576256669710848,4.392016330277024,18,4,17.97790498141142,7.634853073620455,26,7,21.649393609738098,13.482653586986684,6.6923076923076925,4.811111111111111,6.472527472527473,4.977777777777778,13.164835164835164,9.78888888888889,21.934065934065934,19.41111111111111,0,6.411499244353291,6.264378013543676,12.67587725789698,28.57972930201096,4.412063551969925,5.099524652405286,9.51158820437521,18.7885236584796,276.8,256.2,256.2,263.6,240.0,296.0,343.8,324.8,353.8,388.2,336.6,271.0,43.6,30.0,53.0,78.2,62.8,58.2,71.2,78.6,65.8,24.0,268.4,251.6,242.6,286.0,237.6,312.6666666666667,372.6,347.0,371.8,397.8,353.6,246.3333333333333,40.2,24.8,46.2,77.4,80.2,71.4,66.8,61.6,76.2,27.66666666666667,0.1562352694704865,0.020635424,6.40060341937647,-0.1607081216970986,-0.1607081216970986,medium
4177,2014/2015,24,10,4,5.896287488114313,6.842095314269661,11,1,4.9126488153642605,5.1104250570385314,21,5,10.671202191897272,11.795056730112877,28,17,24.499849275701788,16.786208260419976,7.353535353535354,6.969072164948454,6.525252525252525,6.0,13.878787878787879,12.969072164948454,22.444444444444443,23.804123711340207,1,6.956482992153437,5.536354631088365,12.49283762324182,21.30547078011415,5.719236692886585,5.682505388738404,11.40174208162497,14.55304868472079,253.4,246.6,243.2,291.8,233.0,295.0,289.2,264.6,270.0,295.4,262.8,207.0,40.6,28.2,47.4,75.0,148.6,131.2,124.4,129.4,137.2,56.0,287.0,267.4,242.2,292.4,255.2,319.3333333333333,284.6,272.4,286.0,294.6,273.8,244.6666666666667,44.4,28.8,55.6,78.6,155.4,120.2,127.0,144.2,140.6,53.33333333333333,0.2852682926829269,0.89083225,3.505471956224349,0.847260512535669,0.847260512535669,easy
4178,2014/2015,24,8,10,5.244745127706302,6.321416358461652,5,7,4.614103044078064,4.187635046746587,13,17,9.789824753822346,9.901443333987986,32,32,26.848440508180737,18.523992277344906,5.6875,5.645833333333333,5.677083333333333,6.072916666666667,11.364583333333334,11.71875,24.125,25.34375,0,4.247211963431424,5.306410779201756,9.55362274263318,22.7014428753741,6.86786543733882,6.329733228140968,13.1975986654798,20.88276323554834,271.0,249.2,242.0,284.0,228.8,311.6666666666667,295.8,274.4,282.2,304.6,274.4,206.6666666666667,44.6,26.8,41.4,75.6,142.4,119.0,130.8,143.0,136.6,63.33333333333333,260.4,213.0,209.2,253.2,207.4,285.6666666666667,271.8,244.4,268.4,277.2,257.6,214.6666666666667,43.4,25.2,60.8,72.2,148.0,123.0,114.6,142.8,133.2,57.66666666666667,0.6676557863501484,0.05367862,1.4977777777777777,-1.8474134137587892,-1.8474134137587892,hard
4179,2014/2015,25,10,5,7.659737624701551,4.244238810205209,4,5,6.737397851984962,4.95437974114909,14,10,13.839457451477235,9.566225695519343,11,25,22.156256869224503,21.519833476971037,6.938775510204081,4.997703788748565,5.948979591836735,5.29621125143513,12.887755102040817,10.293915040183697,23.73469387755102,20.420206659012624,1,10.27157834301208,7.842123415200593,18.11370175821268,28.13428663522475,4.3330392777254,3.262097831840205,7.595137109565609,13.82860634570819,262.6,260.8,233.2,265.8,229.8,300.6666666666667,351.2,346.8,331.2,350.4,352.2,240.0,41.8,30.6,56.6,80.2,63.8,65.0,62.6,54.2,74.6,26.66666666666667,267.6,238.0,214.8,246.6,213.6,299.0,350.8,316.2,335.8,383.2,310.6,232.0,40.2,22.4,53.8,74.4,70.0,65.6,54.0,64.2,65.4,24.33333333333333,0.4471544715447154,0.9138501,2.2363636363636368,0.8441700856475269,0.8441700856475269,easy
4180,2014/2015,25,4,4,5.973167847740831,4.134903251519958,4,6,5.689408457226707,5.41511830542585,8,10,11.805616953190054,9.68496926856502,11,20,23.455426564462805,18.414347323280186,4.736301369863013,4.77,5.246575342465753,5.33,9.982876712328768,10.1,20.410958904109584,19.19,1,3.637707130394428,6.417773394736399,10.05548052513084,19.35901268847002,5.830935891420135,5.634586362441083,11.46552225386123,20.80867962973478,304.2,276.4,269.6,282.4,258.2,305.0,271.6,258.8,292.4,298.4,262.4,197.6666666666667,41.2,29.6,64.2,81.0,75.4,66.6,71.2,72.4,73.4,37.33333333333334,187.4,163.8,132.2,140.2,140.0,217.6666666666667,272.8,254.2,244.0,284.8,244.6,272.3333333333333,41.8,26.4,52.8,75.6,210.6,182.2,177.8,213.4,195.0,97.33333333333333,0.6106870229007634,0.88724726,1.6375,0.7103802281267502,0.7103802281267502,medium
4181,2014/2015,25,4,3,6.3623846834620235,2.7041993769567676,3,9,5.576256284558648,3.5401891005294326,7,12,11.813212827857104,6.004434435573961,22,29,27.94424411889557,16.278608213075703,5.690721649484536,4.956371986222733,6.082474226804123,5.378874856486795,11.77319587628866,10.335246842709529,25.412371134020617,19.831228473019515,1,7.403024789958191,8.224320895596021,15.62734568555422,27.31509619457632,3.820241081310061,3.499405295407901,7.319646376717955,16.64170301598631,278.2,248.0,234.4,265.2,223.4,291.3333333333333,349.0,350.2,349.8,346.4,344.2,281.0,49.0,30.4,51.0,76.2,66.6,59.2,58.2,69.4,65.0,23.0,252.0,239.2,223.0,262.0,221.0,297.3333333333334,221.2,206.4,219.0,202.0,210.4,178.3333333333333,41.4,31.0,42.6,73.4,227.4,180.6,181.8,224.4,207.2,72.0,0.5223880597014926,0.98665434,1.9142857142857141,0.9720575269311666,0.9720575269311666,easy
4182,2014/2015,25,11,4,7.480892195844352,3.754727826855006,7,0,8.118029820762361,3.2980839140306752,18,4,15.523858141269816,6.7479166960305355,33,9,20.8297151327281,27.96522417403264,6.357142857142857,5.711340206185567,6.510204081632653,5.670103092783505,12.86734693877551,11.381443298969073,22.397959183673468,24.20618556701031,0,6.318661855366861,8.339996745948131,14.658658601315,23.29647988869228,5.415995542984713,5.063939188861442,10.47993473184615,19.12470291092277,250.4,241.0,228.4,271.2,224.4,309.0,357.4,351.4,387.2,395.2,352.0,240.0,40.2,24.8,46.2,77.6,80.2,71.4,66.8,61.6,76.2,27.66666666666667,215.6,190.4,184.0,198.0,169.4,232.0,287.2,273.6,274.0,307.4,249.2,289.6666666666667,48.2,28.6,51.6,77.4,189.2,174.2,224.8,258.8,200.6,117.6666666666667,0.5198277142432793,0.04078443,1.923714285714286,-0.99764877004319,-0.99764877004319,hard
4183,2014/2015,25,3,0,4.887676147413243,4.463489415839648,4,2,5.7763622593768265,3.6195953169768935,7,2,10.58363588577855,7.931172464773439,33,14,31.020563731657553,16.68987321530951,4.993150684931506,5.91919191919192,5.1643835616438345,6.03030303030303,10.157534246575342,11.94949494949495,20.18493150684931,20.838383838383837,0,4.123693514996832,6.122055231777933,10.24574874677477,22.00731937474435,6.19969605317434,6.263907902747266,12.4636039559216,24.05058273619439,260.4,213.0,209.6,253.2,208.0,285.6666666666667,271.8,246.2,270.6,277.4,258.8,216.6666666666667,43.4,25.2,60.8,72.2,148.2,123.0,114.6,142.8,133.2,57.66666666666667,299.8,262.4,254.6,285.6,253.0,302.6666666666667,283.4,275.0,292.8,292.8,271.4,242.3333333333333,46.4,27.8,63.4,78.6,75.4,66.6,71.2,72.4,73.4,37.33333333333334,0.2705570291777188,0.023333171,3.6960784313725497,-0.3389214265414259,-0.3389214265414259,medium
4184,2014/2015,25,8,8,10.175872494032639,6.206146322932819,5,6,6.307794085188371,5.17120432053186,13,14,17.092001598458936,11.317607134309455,13,12,20.245386448233155,15.598114256267767,6.848484848484849,7.38,6.404040404040404,6.57,13.252525252525253,13.95,21.939393939393938,22.5,1,5.563639923338949,7.153701540543002,12.71734146388197,16.29113043778875,5.942618624746252,5.666182953313274,11.60880157805953,23.14099494605907,283.0,266.4,228.0,263.2,245.8,337.3333333333333,360.6,341.4,400.6,394.0,364.6,265.0,47.4,25.0,57.0,82.8,78.0,67.0,65.2,79.8,74.6,22.66666666666667,259.8,250.4,207.6,252.0,224.0,302.3333333333334,355.4,353.8,345.2,331.0,340.0,298.0,41.8,30.6,56.6,80.2,75.2,66.2,45.8,77.2,73.0,29.66666666666667,0.7397444519166108,0.23307256,1.3518181818181816,-1.9468244985323557,-1.9468244985323557,hard
4185,2014/2015,25,6,4,5.469625333708562,5.145817986551635,5,5,6.582787870580958,4.442879174530197,11,9,12.161632544877616,9.934273525821563,18,21,18.254368234310917,16.176661612460155,5.237113402061856,6.728260869565218,5.402061855670103,6.489130434782608,10.639175257731958,13.217391304347826,19.412371134020617,21.97826086956522,1,5.677925089845349,5.792122286277656,11.47004737612301,23.95458427431701,5.809593142816932,6.293003931529192,12.10259707434613,22.66414409820485,262.2,228.0,200.4,239.8,214.6,303.3333333333334,349.8,317.8,336.4,383.2,311.0,232.0,40.2,22.4,53.8,74.4,71.0,66.0,54.6,64.6,66.2,24.33333333333333,266.0,253.6,240.0,267.2,247.2,324.0,297.2,285.6,316.8,322.4,295.0,198.0,42.2,29.4,51.4,81.0,153.4,134.2,148.4,156.0,156.0,49.33333333333333,0.1906936911218955,0.9325698,5.244011976047905,0.9166814870304532,0.9166814870304532,easy
4186,2014/2015,25,12,5,8.790421010951354,3.5583253564226496,9,2,5.818372213927779,3.5207068245275415,21,7,14.18999990560621,6.852322178621854,41,9,23.324210111345042,15.681467566899816,7.282828282828283,7.051020408163265,6.585858585858586,5.989795918367347,13.868686868686869,13.040816326530612,21.242424242424242,21.76530612244898,1,7.91526127829679,7.318441917035319,15.2337031953321,23.58434481785968,5.401777103146155,4.202225670969916,9.60400277411606,15.69673008265671,287.0,267.4,242.2,292.4,255.2,319.3333333333333,355.8,341.0,361.4,361.8,345.6,304.0,44.4,28.8,55.6,78.6,77.6,56.2,62.6,74.2,68.0,29.33333333333333,271.0,249.6,242.2,284.0,228.8,312.0,370.4,335.4,341.8,377.4,330.2,272.3333333333333,47.4,31.4,55.4,67.4,77.8,60.2,59.0,58.4,70.6,29.66666666666667,0.3621665319320938,0.9095789,2.761160714285714,0.85823716515975,0.85823716515975,easy
4187,2014/2015,25,3,4,3.048207828192478,5.222948052461935,8,4,3.8304163454370475,5.436450822882417,11,8,6.12066095078366,10.002168975821371,33,14,19.749744114490493,17.72086685897087,4.69,6.7,5.05,6.96,9.74,13.66,21.54,23.54,0,3.174429987160418,4.817064415342206,7.991494402502638,22.5090434230214,7.108966300228244,7.238189300045793,14.34715560027403,21.28702037219532,263.0,222.8,197.0,250.0,204.8,279.3333333333333,345.6,309.4,315.2,362.0,319.0,220.3333333333333,41.8,26.4,52.8,75.6,72.8,61.0,61.2,62.8,68.2,39.0,271.8,241.2,224.8,259.2,214.6,296.6666666666667,284.8,276.4,267.2,277.6,262.2,257.6666666666666,49.0,30.4,51.0,76.2,145.0,134.0,124.4,124.6,138.0,84.66666666666666,0.4017751944073522,0.014909998,2.4889540566959916,-0.646688668198195,-0.646688668198195,hard
4188,2014/2015,25,8,7,5.468510004743824,9.286507292227162,3,8,4.535184275846012,8.966232736758226,11,15,9.350494956502434,18.959248390897457,29,19,16.090151114205298,18.455301559759857,4.78021978021978,5.4361948955916475,4.945054945054945,5.497679814385149,9.725274725274724,10.933874709976797,19.274725274725274,20.14269141531322,0,7.572745737759127,6.155444507932998,13.72819024569213,23.06149108487434,4.434985197558325,5.234604942887133,9.669590140445445,20.65324601719917,295.2,270.8,257.4,285.4,261.6,294.0,346.4,349.4,379.0,369.4,352.4,253.6666666666667,42.4,31.6,57.0,85.0,85.4,75.4,83.6,77.8,82.6,40.0,280.2,247.0,226.0,271.2,230.2,290.6666666666667,289.6,263.8,274.8,296.8,249.6,215.3333333333333,45.6,31.0,53.8,75.6,156.4,126.8,125.8,145.0,146.6,61.00000000000001,0.7318695941450432,0.017078217,1.3663636363636364,-2.665834827722967,-2.665834827722967,hard
4189,2014/2015,26,2,6,4.028153433771249,4.131655810046144,0,2,6.308192537048949,3.9797230976589004,2,8,9.883721537605572,7.727623020103621,29,20,23.066336815344904,19.2162147741006,4.762376237623762,4.673267326732673,5.336633663366337,5.079207920792079,10.099009900990099,9.752475247524753,19.198019801980198,21.653465346534652,0,6.746727199850799,7.347241921646514,14.09396912149732,23.82427071738494,5.546271114841367,5.452828682714787,10.99909979755616,17.73325017285394,253.2,233.8,230.8,274.2,220.2,293.6666666666667,214.0,204.8,215.4,200.8,199.8,185.3333333333333,41.4,31.0,42.6,73.4,227.4,180.6,181.8,224.4,207.2,72.0,276.8,256.2,256.2,263.6,240.0,296.0,351.0,321.6,358.8,376.0,347.8,265.6666666666666,43.6,30.0,53.0,78.2,62.8,58.2,71.2,78.6,65.8,24.0,0.3827160493827161,0.47632775,2.6129032258064515,0.15165096879005432,0.15165096879005432,medium
4190,2014/2015,26,4,5,7.709556675039998,1.9199202434488947,9,4,6.8091623106668475,4.230237299942969,13,9,13.757163304607111,6.039169855215021,16,18,23.90907315450573,16.48606854703042,7.33,4.9363636363636365,6.61,5.415909090909089,13.94,10.352272727272727,21.44,19.924999999999997,0,8.87699882664057,9.40549024963994,18.28248907628051,26.24816427535069,4.049133253464546,4.183140535090829,8.232273788555366,16.5573409759245,253.2,229.8,209.2,267.6,205.2,299.3333333333333,356.0,326.8,348.0,352.4,334.0,283.3333333333334,41.6,31.6,52.6,76.4,76.2,63.2,61.6,63.4,73.4,34.33333333333334,179.0,157.4,121.2,156.6,135.6,212.0,357.0,320.4,350.4,356.8,334.2,285.3333333333333,44.4,27.8,51.8,73.0,151.8,124.2,129.2,151.4,136.8,53.0,0.4998809807188764,0.21277328,2.0004761904761907,-0.5740787667399186,-0.5740787667399186,hard
4191,2014/2015,26,9,7,5.7137086381588045,5.04058700284672,7,3,6.32741250967835,3.4174995760298423,16,10,12.680255582982095,7.441650719690976,43,7,40.16197134615858,13.25022398365087,4.972881355932203,6.96969696969697,5.152542372881355,5.929292929292929,10.125423728813558,12.8989898989899,20.315254237288134,23.606060606060606,0,4.790586600528139,6.315780780251107,11.10636738077925,20.44270633629127,6.329362149559219,6.843651680600498,13.17301383015972,22.11938000656868,267.2,243.6,231.6,233.2,242.2,275.3333333333334,293.6,280.6,281.2,285.0,284.2,255.6666666666667,43.0,31.8,50.2,71.6,142.8,117.4,120.4,149.6,133.4,53.0,253.4,246.2,243.2,291.8,232.6,294.0,292.4,261.2,275.0,297.0,267.2,213.0,40.6,28.2,47.4,75.0,147.6,131.2,124.4,129.0,136.6,56.0,0.5223880597014926,0.02987759,1.9142857142857141,-1.0311937816441061,-1.0311937816441061,hard
4192,2014/2015,26,5,7,7.830830189043813,6.242636539152564,9,6,4.844556858525138,5.055300317138501,14,13,12.924077784817413,11.931995050429165,15,24,15.500167752039973,24.226848534588825,7.03030303030303,4.997727272727272,5.94949494949495,5.293181818181816,12.97979797979798,10.290909090909091,21.636363636363637,20.46704545454545,0,10.48542759327739,10.10720332901261,20.59263092229002,30.88525300032942,4.155148136853142,2.701278732333416,6.856426869186562,14.05339869965602,260.4,213.0,209.6,253.2,208.0,285.6666666666667,271.8,246.2,270.6,277.4,258.8,216.6666666666667,43.4,25.2,60.8,72.2,148.2,123.0,114.6,142.8,133.2,57.66666666666667,251.0,247.8,230.8,271.2,226.4,313.3333333333334,358.0,354.4,387.2,397.6,352.0,255.6666666666666,40.2,24.8,46.2,77.6,80.4,71.8,67.0,61.6,76.6,27.66666666666667,0.1505733353120065,0.0655839,6.641282122946117,-0.10005506239876134,-0.10005506239876134,medium
4194,2014/2015,26,4,2,6.850477372791742,1.9640259223074468,6,4,5.649862210591047,2.559374623671302,10,6,12.072851825369545,3.633774201047371,14,19,25.467391631079337,14.42159726310033,6.673267326732673,5.86,6.930693069306931,5.99,13.603960396039604,11.85,23.445544554455445,20.77,1,8.141249159942712,8.203929318150776,16.34517847809349,25.40021897108695,3.969874011187755,4.140144086870142,8.1100180980579,13.29223467853315,290.4,261.6,252.0,292.2,248.8,305.3333333333334,210.6,208.8,209.6,222.2,184.8,215.0,48.2,28.6,51.6,77.4,196.6,162.0,207.0,250.2,188.2,134.6666666666667,271.8,258.2,255.4,270.6,237.0,294.3333333333334,350.6,323.6,343.4,376.8,316.4,288.6666666666666,43.6,30.0,53.0,78.2,62.8,58.2,71.2,78.6,65.8,24.0,0.696594427244582,0.9662089,1.4355555555555557,0.8886272110501114,0.8886272110501114,easy
4195,2014/2015,26,13,2,4.125893694605864,4.881817079510613,2,2,5.743939529363439,4.247543025334048,15,4,9.153723161154012,8.408335393605793,24,4,20.70205942241408,13.795067021039943,6.404040404040404,6.86,6.515151515151516,6.39,12.919191919191919,13.25,22.505050505050505,21.85,0,7.874816354469242,9.828156097674288,17.70297245214353,25.42785017300954,5.375940874672607,3.571563083240068,8.947503957912676,12.75543926845789,274.2,258.4,238.8,279.2,246.2,295.0,346.4,349.4,379.0,369.4,352.4,253.6666666666667,42.4,31.6,57.0,85.0,85.4,75.4,83.6,78.2,82.6,40.0,266.2,260.0,245.8,267.4,245.2,328.0,375.2,360.0,394.8,394.8,371.0,265.3333333333333,42.2,29.4,51.4,81.0,76.0,67.0,79.0,87.6,79.4,23.33333333333333,0.3722005139043043,0.06535523,2.6867238562091504,-0.4887631939122002,-0.4887631939122002,medium
4196,2014/2015,26,6,2,5.182224262594604,6.273178304510013,7,1,2.8878230192642254,6.900152836892909,13,3,7.758964798824486,13.060340500063802,39,25,22.341226723052138,16.88789865338111,4.815217391304348,5.244897959183674,4.923913043478261,5.3979591836734695,9.73913043478261,10.642857142857142,19.380434782608695,19.397959183673468,0,7.392440474756604,8.299916525777899,15.69235700053451,28.4460079514605,4.755168155833597,4.513063891007215,9.268232046840811,19.28469408159519,238.8,241.4,219.6,255.6,215.0,296.6666666666666,292.4,264.2,261.0,272.6,253.8,255.3333333333333,40.6,28.2,47.4,75.0,147.6,131.2,124.4,129.0,136.6,56.0,283.0,266.4,228.0,263.2,245.8,337.3333333333333,369.2,357.0,391.4,395.6,369.2,299.0,47.4,25.0,57.0,82.8,78.6,73.8,75.6,63.4,79.4,27.66666666666667,0.108359133126935,0.009208356,9.228571428571428,-0.11120034764624305,-0.11120034764624305,medium
4197,2014/2015,26,5,7,5.164788748693392,4.807495458895103,3,9,5.834849464394164,4.5337841937241325,8,16,11.213772126127974,9.316583248319407,14,41,21.25297402705882,18.560057892177575,6.698924731182796,5.673469387755102,6.473118279569892,6.051020408163265,13.172043010752688,11.724489795918368,21.967741935483872,25.377551020408163,1,5.070542967976403,5.43285299996397,10.50339596794037,22.58099181375655,6.761554130162295,5.729078561331903,12.4906326914942,20.33373318575353,263.4,241.6,226.4,271.0,215.6,307.6666666666667,372.8,338.8,339.8,382.0,333.8,286.0,47.4,31.4,55.4,67.4,77.4,60.2,59.0,58.0,70.6,29.66666666666667,236.4,213.4,175.0,227.6,185.0,284.0,293.0,271.0,284.0,269.0,276.6,262.6666666666666,41.8,28.0,49.0,69.2,147.0,121.0,139.0,152.2,134.4,64.33333333333333,0.6376389141920205,0.96130776,1.568285714285714,0.8932218787776818,0.8932218787776818,easy
4198,2014/2015,26,11,6,10.692106306804705,6.095746960611409,11,2,8.536545626368206,2.6193848657495713,22,8,20.193363474462878,8.727017140483232,21,22,22.416044398090406,18.02463065641029,7.3861386138613865,5.6938775510204085,6.564356435643564,5.612244897959184,13.950495049504951,11.306122448979592,22.396039603960396,24.051020408163264,0,7.244483796432314,6.497309186609129,13.74179298304145,24.30469626837827,4.52954034366283,5.320663862221216,9.85020420588404,16.16332717165906,253.2,233.8,230.8,274.2,220.2,293.6666666666667,218.2,201.8,205.4,203.6,197.4,196.0,41.4,31.0,42.6,73.6,227.4,180.6,181.8,224.4,207.2,72.0,268.4,238.0,217.8,248.8,216.2,300.3333333333334,347.8,322.4,334.4,372.2,311.6,239.0,40.2,22.4,53.8,74.4,71.0,66.0,54.6,64.6,66.2,24.33333333333333,0.3355339805825243,0.89895475,2.9803240740740735,0.8479301455005577,0.8479301455005577,easy
4199,2014/2015,27,7,5,9.444183516589844,5.6531502684497665,10,4,5.371759160090523,5.088258154425839,17,9,15.129180027676401,11.006597739601164,30,41,26.046262991825607,21.23319852803905,6.97,7.01,5.9,5.98,12.87,12.99,23.44,21.57,1,8.476578103280794,8.162506817561262,16.63908492084207,23.64178643855657,3.679908523126321,3.524144599207198,7.204053122333514,11.23846990893409,258.0,238.6,223.2,261.0,209.8,301.6666666666667,289.2,271.0,284.8,270.4,270.8,246.6666666666667,41.6,31.6,52.6,76.4,143.0,119.0,124.8,145.4,136.6,71.0,287.0,267.4,242.2,292.4,255.2,319.3333333333333,355.8,340.4,360.0,361.2,345.6,304.0,44.4,28.8,55.6,78.6,77.6,56.2,62.6,74.2,68.0,29.33333333333333,0.3900114372855509,0.9785807,2.5640273704789833,0.9648857568204402,0.9648857568204402,easy
4200,2014/2015,27,7,3,5.638024369513428,3.907958445440184,3,5,7.80075792077015,4.539681490575065,10,8,13.816595566458522,7.936113468458739,27,12,25.192019108173664,13.529135024085875,4.937007874015748,6.680851063829787,5.401574803149605,6.4361702127659575,10.338582677165354,13.117021276595745,19.90551181102362,21.882978723404257,0,5.448362523297653,6.348571141797431,11.79693366509509,23.68857854567252,4.534638946925202,5.896209174135457,10.43084812106066,22.15863115853629,279.2,247.2,234.2,254.2,241.0,302.6666666666667,271.8,259.4,293.4,298.4,262.8,199.3333333333333,46.4,27.8,63.4,78.6,75.4,67.2,71.4,73.2,73.6,38.33333333333334,290.0,266.8,263.4,265.6,252.2,290.3333333333333,264.4,258.0,271.2,292.4,237.4,205.3333333333333,45.6,31.0,53.8,75.6,156.4,126.8,125.8,145.0,146.6,61.00000000000001,0.6039689387402933,0.025571784,1.6557142857142857,-1.4604843500676954,-1.4604843500676954,hard
4201,2014/2015,27,2,5,4.7372801736340495,6.701114489115264,5,6,5.9324696710363884,6.41698355793662,7,11,11.309734996079337,12.866525303924593,25,29,23.161521110531496,12.926082169139374,5.017997750281214,7.297029702970297,5.300337457817771,6.633663366336633,10.318335208098988,13.930693069306932,20.502812148481436,21.386138613861387,0,2.395341020465314,3.406516424607009,5.801857445072327,16.29616482229901,8.585901890269213,7.31078442082238,15.89668631109159,25.36389575811791,255.6,237.0,210.2,227.8,223.8,271.3333333333334,292.0,278.2,270.8,266.0,267.6,283.6666666666666,43.0,31.8,50.2,71.6,142.8,117.4,120.4,149.6,133.4,53.0,263.0,222.8,197.0,250.0,204.8,279.3333333333333,343.2,317.2,322.8,357.2,325.2,223.0,41.8,26.4,52.8,75.6,72.8,61.0,61.2,62.8,68.2,39.0,0.425,0.41370603,2.3529411764705883,-0.019641657238421206,-0.019641657238421206,medium
4202,2014/2015,27,3,0,6.160616657391779,6.36488888876748,5,6,5.384090736713503,5.000672998164563,8,6,11.607695256129992,11.191076458144614,14,20,14.810991591710835,17.91615572325012,6.811881188118812,6.647058823529412,6.346534653465347,6.921568627450981,13.158415841584159,13.568627450980392,21.673267326732674,23.352941176470587,1,3.707357711616968,7.333382880423473,11.04074059204045,15.0619053443653,7.945737582590263,6.516866533160659,14.46260411575093,21.84984521034865,271.8,241.2,224.8,259.2,214.6,296.6666666666667,363.8,335.4,335.0,356.4,330.4,302.3333333333334,49.0,30.4,51.0,76.2,66.6,59.2,58.2,69.4,65.0,23.0,259.8,250.4,207.6,252.0,224.0,302.3333333333334,360.4,345.8,359.6,339.4,346.6,267.6666666666666,41.8,30.6,56.6,80.2,78.2,70.2,63.4,71.0,69.6,52.66666666666666,0.425,0.9002505,2.3529411764705883,0.8265225990958837,0.8265225990958837,easy
4203,2014/2015,27,11,2,8.101498205203937,2.4463250420292484,11,2,7.292020833228442,2.573734591815829,22,4,15.700443771061952,4.621378553756283,35,6,33.441206998146654,18.52769796316896,5.686868686868687,4.827956989247312,6.08080808080808,4.946236559139785,11.767676767676768,9.774193548387096,25.535353535353536,19.591397849462364,1,6.684189154086486,6.834454142610387,13.51864329669688,24.01609141753016,4.8556647416001,4.177774209482619,9.033438951082706,20.43194918506986,250.0,251.2,229.6,274.4,227.2,315.0,360.6,360.0,405.0,403.0,366.4,244.6666666666666,40.2,24.8,46.2,77.6,80.4,71.4,67.0,61.6,76.8,27.66666666666667,250.6,228.4,209.8,261.2,211.6,293.3333333333333,213.8,204.6,220.2,214.8,203.4,173.3333333333333,41.4,31.0,42.6,73.8,223.8,177.8,187.2,212.4,202.4,85.33333333333334,0.7491486946651532,0.91506255,1.334848484848485,0.6614031840233782,0.6614031840233782,medium
4204,2014/2015,27,5,6,4.858785192826048,2.79241663762764,5,6,5.0402307279742775,5.194573053141794,10,12,8.98508404865396,8.008969623125239,19,19,22.15973976625437,20.419962118624216,5.821782178217822,4.735294117647059,5.97029702970297,5.284313725490196,11.792079207920793,10.019607843137255,20.752475247524753,19.294117647058822,1,4.195137317721493,7.122077423131966,11.31721474085346,22.37807650957989,5.253645372542525,6.376989360662465,11.63063473320499,22.08460196208771,290.0,266.8,263.4,265.6,252.2,290.3333333333333,264.4,258.0,271.2,292.4,237.4,205.3333333333333,45.6,31.0,53.8,75.6,156.4,126.8,125.8,145.0,146.6,61.00000000000001,238.8,241.4,219.6,255.6,215.0,296.6666666666666,289.6,260.0,281.8,279.4,268.0,218.3333333333333,40.6,28.2,47.4,75.0,147.6,131.2,124.4,129.0,136.6,56.0,0.4549295774647887,0.12678516,2.198142414860681,-0.6020220595120768,-0.6020220595120768,hard
4205,2014/2015,27,11,6,8.6904308297776,8.93511512810013,6,5,5.403073701205897,6.721192015102368,17,11,14.037813749663348,16.502131795091024,14,12,22.6229525610931,17.396384310764304,5.452353616532721,7.421568627450981,5.523536165327208,6.607843137254902,10.97588978185993,14.029411764705882,20.130884041331797,22.38235294117647,0,7.693469223231755,8.262402898563867,15.95587212179561,26.27599241718688,2.852642656553448,3.297394038201866,6.150036694755315,17.11777679695835,283.0,266.4,228.0,263.2,245.8,337.3333333333333,360.6,342.6,381.2,373.2,357.4,287.3333333333333,47.4,25.0,57.0,82.8,78.6,73.8,75.6,63.4,79.4,27.66666666666667,239.8,234.6,235.8,284.0,220.6,281.0,359.6,352.0,387.8,385.8,362.8,221.3333333333333,42.4,31.6,57.0,85.0,78.4,70.6,73.6,79.2,78.2,30.66666666666667,0.4877741700351202,0.058859255,2.0501290585518275,-0.837355132245809,-0.837355132245809,hard
4206,2014/2015,27,10,2,5.111724506980785,2.6884860891648836,6,1,5.121354819631421,2.7411788224332785,16,3,9.882026163471888,5.317378936106649,21,7,24.015808634971602,12.3285465681409,4.686274509803922,4.728813559322034,5.049019607843137,5.233898305084745,9.735294117647058,9.96271186440678,21.637254901960784,20.315254237288134,1,7.79591655707725,8.96421703404702,16.76013359112427,31.12512281929989,3.940259460649531,4.359521515486064,8.299780976135601,17.06451561411498,272.8,240.8,211.4,247.2,221.6,294.3333333333334,347.8,322.6,335.2,372.2,312.0,239.0,40.2,22.4,53.8,74.4,71.0,66.0,54.6,64.6,66.2,24.33333333333333,255.6,237.0,210.2,227.8,223.8,271.3333333333334,292.0,278.2,270.8,266.0,267.6,283.6666666666666,43.0,31.8,50.2,71.6,136.6,120.8,115.8,138.2,132.6,65.33333333333334,0.5023923444976077,0.9407369,1.9904761904761903,0.8809039420806445,0.8809039420806445,easy
4207,2014/2015,27,3,3,2.6390133750815292,5.214566451275001,2,10,3.0749883454902056,4.495232349212721,5,13,5.503156038686872,9.954088079620837,18,25,20.547676972340525,22.818245594981384,5.212121212121212,6.47,5.353535353535354,6.47,10.565656565656566,12.94,19.454545454545453,22.52,1,5.881251822842072,7.193501283497248,13.07475310633935,24.67516250406944,6.338444883085251,6.168595463616624,12.50704034670187,17.88102683698671,287.0,267.4,242.2,292.4,255.2,319.3333333333333,358.2,330.6,363.6,370.8,347.2,295.3333333333334,44.4,28.8,55.6,78.6,77.6,56.2,62.6,74.2,68.0,29.33333333333333,260.4,213.0,209.6,253.2,208.0,285.6666666666667,271.8,246.2,270.6,277.4,258.8,216.6666666666667,43.4,25.2,60.8,72.2,148.2,123.0,114.6,142.8,133.2,57.66666666666667,0.5650328476033415,0.9230392,1.7698086124401915,0.8230652552630815,0.8230652552630815,easy
4208,2014/2015,27,5,4,6.209317966955869,7.841375706729087,10,4,4.490063002012837,6.686264969913363,15,8,10.938194801994683,15.070357026094449,32,20,27.085081689559498,28.323818203692728,5.696969696969697,5.013422818791946,5.575757575757576,5.171140939597315,11.272727272727273,10.184563758389261,24.03030303030303,20.543624161073822,0,7.380289053195074,6.421870457002193,13.80215951019728,29.67630139430759,7.172917119064095,5.095436677239864,12.26835379630396,16.88747629688917,318.8,291.6,276.4,324.0,273.6,329.3333333333334,218.4,207.0,213.0,196.0,206.4,195.6666666666667,41.8,28.0,49.0,69.2,147.0,121.0,139.0,152.2,134.4,64.33333333333333,277.0,251.8,233.2,270.2,238.0,310.0,208.2,197.4,224.8,238.2,198.8,168.0,48.2,28.6,51.6,77.8,210.8,172.4,199.4,237.4,193.2,126.3333333333333,0.2252998475912795,0.03400142,4.438529411764708,-0.24693222059020264,-0.24693222059020264,medium
4209,2014/2015,28,7,1,5.511523668910707,3.729974961217152,7,1,6.922742366026851,1.7876458358930813,14,2,12.830337643495797,4.765095356018398,17,17,32.41979801291587,14.822008110243036,4.747572815533981,5.19,5.29126213592233,5.32,10.03883495145631,10.51,19.29126213592233,19.44,1,8.642033856743614,7.456890243947438,16.09892410069106,28.09557773024122,4.802478091891554,3.9403685294685,8.74284662136005,15.15830115287969,267.6,229.2,197.8,220.2,210.0,277.0,277.4,257.2,273.0,282.2,273.2,184.0,41.8,26.4,52.8,75.6,140.8,124.4,118.2,140.2,130.0,76.0,270.2,231.8,207.8,251.8,201.8,303.0,214.4,204.8,206.4,202.0,198.4,192.6666666666667,41.6,31.6,52.6,76.4,214.0,188.2,205.4,221.8,203.2,123.6666666666667,0.4533736332118411,0.9798565,2.205686274509804,0.9631494012455142,0.9631494012455142,easy
4210,2014/2015,28,7,3,8.652760782582483,3.5116935831971863,6,4,7.932277100522587,2.5279412061952082,13,7,17.66226374056323,5.56494033134462,32,20,25.4424669092717,12.324517997702175,4.701342281879194,4.797872340425532,5.191275167785234,4.914893617021277,9.89261744966443,9.712765957446809,20.18120805369127,19.4468085106383,0,5.763782050764805,6.791970189015636,12.55575223978044,22.83724236289798,4.64882751615455,5.26619556931595,9.915023085470487,20.99217715656269,283.8,269.2,252.4,261.0,246.8,316.6666666666667,369.2,359.6,387.2,372.6,362.8,266.3333333333333,42.2,29.4,51.4,81.0,76.0,67.0,79.0,87.6,79.4,23.33333333333333,271.8,241.2,224.8,259.2,214.6,296.6666666666667,363.8,335.4,335.0,356.4,330.4,302.3333333333334,49.0,30.4,51.0,76.2,71.6,62.0,54.6,58.8,67.4,19.33333333333333,0.7657295850066934,0.048281178,1.305944055944056,-3.062479723436491,-3.062479723436491,hard
4211,2014/2015,28,8,11,8.30803380736075,6.749724061666674,3,6,6.80089405576512,5.326825218642293,11,17,15.687882426923274,11.608848949754714,26,26,30.854062263495003,16.33103341233241,5.50909090909091,6.97029702970297,5.528409090909089,5.9405940594059405,11.037499999999998,12.910891089108912,20.068181818181813,23.504950495049506,0,5.191439071750657,4.829386355658267,10.02082542740894,20.98565513573582,5.999306133736218,5.544401002292198,11.54370713602841,19.366290301487,270.0,252.2,241.2,269.8,237.0,299.0,213.4,194.0,206.4,211.4,178.0,204.3333333333333,43.6,30.0,53.0,78.2,198.6,187.2,216.8,238.8,211.8,127.6666666666667,283.6,261.2,249.2,251.0,246.2,305.0,285.2,267.6,303.2,299.0,281.8,202.3333333333333,46.4,27.8,63.4,78.6,75.4,67.2,71.4,73.2,73.6,38.33333333333334,0.2960647296800294,0.03246504,3.3776397515527954,-0.3744658068865693,-0.3744658068865693,medium
4212,2014/2015,28,7,7,5.522203062101626,2.3812973154601966,11,2,6.671559032055811,3.382456744443861,18,9,12.597945021009007,5.2069438107018575,27,19,23.626666409482038,23.67148954303756,6.435643564356436,5.003322259136212,6.5049504950495045,5.159468438538205,12.94059405940594,10.162790697674419,22.544554455445546,20.53820598006644,1,9.559866896628312,8.396377724616737,17.95624462124506,29.92374065481122,4.648381665170672,3.075313698724441,7.723695363895118,14.99973005971369,249.0,250.8,208.2,251.2,218.8,304.0,356.2,345.8,345.0,344.0,339.8,275.6666666666667,41.8,30.6,56.6,80.2,75.2,66.2,45.8,77.2,73.0,29.66666666666667,258.8,241.4,225.4,289.2,219.2,306.3333333333334,358.2,330.2,361.8,373.8,328.6,292.0,47.4,31.4,55.4,67.4,77.4,60.2,59.0,58.0,70.6,29.66666666666667,0.2778810408921933,0.9587773,3.59866220735786,0.9429142650029834,0.9429142650029834,easy
4213,2014/2015,28,12,7,4.286585440815503,8.298677496192273,6,3,4.781832616478832,6.605901451765785,18,10,9.01625990543762,14.392181093957937,37,24,27.54790138246162,21.15821669292956,5.69,7.2745098039215685,5.62,6.627450980392157,11.31,13.901960784313726,24.11,21.46078431372549,0,5.562641093001978,4.702281767317714,10.26492286031969,25.9231014400883,7.416880091702674,5.35248742825301,12.76936751995569,17.9675090963833,251.0,247.8,230.8,271.2,226.4,313.3333333333334,358.0,354.8,387.2,397.6,352.0,255.6666666666666,40.2,24.8,46.2,77.6,80.4,71.4,67.0,61.6,76.8,27.66666666666667,283.0,266.4,228.0,263.2,245.8,337.3333333333333,369.2,357.0,391.6,395.6,369.4,299.0,47.4,25.0,57.0,82.8,66.2,59.8,81.0,82.0,69.4,44.66666666666666,0.4074074074074074,0.03255491,2.4545454545454546,-0.6325635798275471,-0.6325635798275471,hard
4214,2014/2015,28,11,4,7.353281877234547,3.9659419330306416,6,4,6.967740621267155,4.325053198177259,17,8,13.821499373922304,8.189954311541765,11,12,15.728097750795309,19.01495265207538,6.7745098039215685,4.957683741648107,6.333333333333333,5.377505567928729,13.107843137254902,10.335189309576837,21.598039215686274,19.976614699331844,1,6.949941628704961,9.868081439260592,16.81802306796555,21.66006614247127,4.767358698650951,4.029454252025436,8.796812950676388,17.32007161164043,260.4,213.0,209.6,253.2,208.0,285.6666666666667,271.2,254.4,282.8,267.2,260.8,241.6666666666667,43.4,25.2,60.8,72.2,146.2,118.2,115.6,151.2,129.6,57.0,332.0,289.6,273.0,280.6,270.0,310.0,215.0,202.6,199.0,202.8,201.6,194.3333333333333,41.8,26.4,52.8,75.6,140.8,124.4,118.2,140.2,130.0,76.0,0.3698407791003246,0.9578332,2.703866248693835,0.9330854366472802,0.9330854366472802,easy
4215,2014/2015,28,13,4,7.870038526735882,2.377214824767463,7,3,7.898833147810938,3.515287546177266,20,7,15.744152714645839,5.436716648353528,26,9,25.19362367856693,14.613162059566834,6.58252427184466,4.987750556792873,6.912621359223301,5.297327394209352,13.495145631067961,10.285077951002226,23.320388349514563,20.5478841870824,1,9.733457789045087,8.26195385133356,17.99541164037866,28.15518734500964,3.465036640606463,3.283740101953847,6.748776742560311,13.34880126390021,263.2,232.8,218.4,244.8,215.4,300.3333333333334,347.8,322.6,335.2,372.2,312.0,239.0,40.2,22.4,53.8,74.4,71.0,66.0,54.6,64.6,66.2,24.33333333333333,177.8,167.6,134.8,173.2,142.6,215.0,359.4,331.0,354.6,346.8,337.4,310.0,41.8,28.0,49.0,69.2,147.0,121.0,139.0,152.2,134.4,64.33333333333333,0.4740892765520781,0.956715,2.109307359307359,0.9176951328138025,0.9176951328138025,easy
4216,2014/2015,28,2,5,4.654680477737038,4.109481580948485,3,5,5.416279857932181,4.874360166486486,5,10,10.41831018231089,9.40683336764185,17,20,21.586773531358467,22.81725601389219,5.813725490196078,5.74,5.96078431372549,6.13,11.77450980392157,11.87,20.735294117647058,25.63,0,4.22459677990245,4.603919412113406,8.828516192015863,18.64029634007762,7.759370859957577,7.325826084139413,15.08519694409699,24.27147519496381,287.0,267.4,242.2,292.4,255.2,319.3333333333333,355.8,340.4,360.0,361.2,345.6,304.0,44.4,28.8,55.6,78.6,77.8,64.0,64.4,70.0,72.6,24.0,239.8,234.6,235.8,284.0,220.6,281.0,346.4,346.2,373.0,379.6,342.4,255.6666666666667,42.4,31.6,57.0,85.0,85.4,75.4,83.6,78.2,82.6,40.0,0.2599342163747889,0.59373945,3.8471272229822153,0.4510480567929264,0.4510480567929264,medium
4217,2014/2015,28,4,7,7.808225696287883,3.6704987471707637,3,1,7.283931786593296,2.811322899702641,7,8,16.122016958786585,5.939831043856948,29,22,33.55400274462581,15.173937753673108,4.737864077669903,6.99009900990099,5.058252427184466,5.96039603960396,9.79611650485437,12.950495049504951,21.631067961165048,21.762376237623762,1,4.505354182897626,4.046133160732486,8.551487343630116,25.61184521848569,7.521274944479301,6.699150763339054,14.22042570781835,19.11214878425133,283.8,269.2,252.4,261.0,246.8,316.6666666666667,369.2,359.6,387.2,372.6,362.8,266.3333333333333,42.2,29.4,51.4,81.0,76.0,67.0,79.0,87.6,79.4,23.33333333333333,292.2,256.2,253.0,274.2,238.6,290.6666666666667,327.6,322.0,341.6,365.6,296.4,267.3333333333334,45.6,31.0,53.8,75.6,82.0,68.8,61.4,69.0,73.6,26.66666666666667,0.7561436672967865,0.94097775,1.3224999999999998,0.7579630303752513,0.7579630303752513,easy
4218,2014/2015,28,10,4,7.8434627167072,5.26559280934768,4,2,7.5196977571919295,3.993972642547228,14,6,15.52074723255738,9.455594507846532,24,13,19.626231351449775,13.620773358369053,7.407766990291262,6.6421052631578945,6.592233009708738,6.421052631578948,14.0,13.063157894736841,22.281553398058254,21.778947368421054,1,6.358766413174131,5.376160845456508,11.73492725863065,22.91450066606487,5.176052281281936,6.275937759128897,11.45199004041084,17.26686673315508,270.0,252.2,241.2,269.8,237.0,299.0,280.0,261.8,291.6,292.6,260.4,268.6666666666666,43.6,30.0,53.0,78.2,135.4,113.2,123.6,152.2,133.8,56.66666666666666,270.2,231.8,207.8,251.8,201.8,303.0,357.0,319.2,344.2,370.6,325.4,253.6666666666667,41.6,31.6,52.6,76.4,72.4,66.2,63.8,71.4,67.6,33.0,0.3987730061349692,0.8805712,2.5076923076923086,0.8013581980247887,0.8013581980247887,easy
4219,2014/2015,29,8,2,10.140027492519351,6.259212435097707,5,4,7.502756254490962,3.964905557691301,13,6,17.64104748776355,10.57422873316754,36,23,24.197365596452524,30.53491310580279,7.009803921568627,5.752475247524752,5.9411764705882355,5.623762376237623,12.950980392156863,11.376237623762377,23.529411764705884,24.237623762376238,1,7.729088664468317,7.751303298800463,15.48039196326878,25.29735636517033,4.114596272151915,4.435583894455224,8.55018016660714,20.68843626776939,230.2,223.2,179.8,210.2,192.2,300.0,292.4,264.2,261.0,272.6,253.8,255.3333333333333,40.6,28.2,47.4,75.0,149.2,131.2,124.4,129.0,138.6,60.0,252.6,223.4,206.8,246.8,201.6,273.6666666666666,353.6,340.0,341.0,344.6,336.0,276.6666666666666,49.0,30.4,51.0,76.2,79.0,59.0,67.8,78.8,68.2,44.33333333333334,0.4111321948134093,0.43106586,2.432307692307692,0.033850827675500655,0.033850827675500655,medium
4220,2014/2015,29,2,12,2.906461739034727,5.314974543283748,6,9,4.263170381434016,5.269382955841223,8,21,7.032058077457041,9.91586401659601,15,34,20.383983700497648,15.902179027932316,4.9481808158765155,6.644230769230769,5.363836824696801,6.913461538461538,10.312017640573318,13.557692307692308,19.897464167585444,23.346153846153847,1,3.627205077106456,4.932746052434233,8.559951129540698,20.36819862473655,6.46750674261276,7.368507527803621,13.83601427041638,22.73530753678548,258.8,241.4,225.4,289.2,219.2,306.3333333333334,357.4,333.6,360.4,370.0,320.0,319.6666666666666,47.4,31.4,55.4,67.4,77.4,60.2,59.0,58.0,70.6,29.66666666666667,277.0,258.0,248.4,249.0,240.6,305.0,271.2,264.4,303.0,297.2,273.6,196.3333333333333,41.2,29.6,64.2,81.0,75.4,67.2,71.4,73.2,73.6,38.33333333333334,0.4645476772616137,0.9500906,2.1526315789473682,0.906790183287233,0.906790183287233,easy
4221,2014/2015,29,9,6,5.132955270275235,3.7427143547309414,10,4,4.870289028957555,4.734869726191381,19,10,9.980989854188358,9.010238463175648,21,14,22.85760336191687,19.730778476578056,7.271844660194175,6.4411764705882355,6.592233009708738,6.549019607843137,13.864077669902912,12.990196078431373,21.485436893203882,22.58823529411765,0,8.392709377641088,7.790224214019526,16.18293359166061,22.94524237672945,5.215049445588757,4.716625875794332,9.931675321383082,16.30535671108594,249.0,250.8,208.2,251.2,218.8,304.0,354.4,350.8,348.8,344.2,348.6,263.0,41.8,30.6,56.6,80.2,75.2,66.2,45.8,77.2,73.0,29.66666666666667,250.6,228.4,209.6,261.2,211.6,293.3333333333333,284.6,264.4,266.4,280.0,258.0,220.0,41.4,31.0,42.6,73.6,151.6,119.6,128.8,152.2,137.0,49.33333333333333,0.5133945804060835,0.06607253,1.9478195488721803,-0.9192705941499558,-0.9192705941499558,hard
4222,2014/2015,29,2,4,7.732018701352095,6.338832981111236,6,4,6.352154244729106,5.619986571012357,8,8,14.383520717395538,11.947212807672845,25,19,33.52848834069101,11.818201779224534,5.0230263157894735,5.534308211473566,5.12828947368421,5.502812148481438,10.151315789473683,11.037120359955004,20.52302631578947,20.12823397075365,1,5.801210536834219,6.203462836918741,12.00467337375295,23.76304494165095,5.20776793685524,5.033075474112488,10.24084341096773,19.97176112543983,255.6,237.0,210.2,227.8,223.8,271.3333333333334,357.4,336.0,335.0,340.4,330.6,307.6666666666666,43.0,31.8,50.2,71.6,71.2,63.0,51.6,63.8,69.6,41.33333333333334,202.0,183.6,165.4,195.8,173.0,233.3333333333333,430.0,384.2,432.4,463.4,405.8,349.6666666666667,48.2,28.6,51.6,77.8,79.2,68.6,74.2,71.0,74.6,24.0,0.2432432432432433,0.9279628,4.11111111111111,0.9048079592841012,0.9048079592841012,easy
4223,2014/2015,29,9,8,5.157418347294759,4.438007246157831,3,5,3.8240375365530754,4.439047918778385,12,13,8.530055325322207,8.433677037168518,11,19,17.159614866622732,24.566978938180327,6.990196078431373,5.776699029126213,5.911764705882353,5.932038834951456,12.901960784313726,11.70873786407767,21.764705882352942,20.699029126213592,1,8.448259535150695,8.08825643194787,16.53651596709856,28.24547709193605,4.040559493773489,3.867736915989036,7.90829640976253,18.0223679393461,292.2,256.2,253.0,274.2,238.6,290.6666666666667,316.8,315.6,352.2,383.0,304.6,244.0,45.4,32.2,52.4,73.2,82.0,67.4,63.0,69.0,73.6,26.66666666666667,287.0,267.4,242.2,293.2,255.4,319.3333333333333,285.2,265.0,293.4,298.2,279.6,240.3333333333333,44.4,28.8,55.6,78.6,153.8,137.4,131.4,145.2,142.0,69.33333333333334,0.3551797040169133,0.94396347,2.8154761904761907,0.9130974439323927,0.9130974439323927,easy
4224,2014/2015,29,8,6,6.681589057872356,4.945691185899642,9,4,5.556757750952281,3.89344209201266,17,10,12.662910354617631,9.011151646753408,28,26,20.70706574124184,14.256827544322086,4.977949283351709,4.724252491694352,5.274531422271222,5.199335548172757,10.252480705622931,9.92358803986711,20.43329658213891,20.299003322259132,0,7.140248713861059,8.971249065925926,16.11149777978699,25.74457351902603,5.512873410514172,5.758971374651125,11.2718447851653,14.73771676506692,283.0,266.4,228.0,263.2,245.8,337.3333333333333,367.8,350.6,397.8,397.6,368.8,275.6666666666667,47.4,25.0,57.0,82.8,78.6,73.8,75.6,63.4,79.4,27.66666666666667,259.2,228.2,191.2,247.2,203.4,301.0,350.2,326.8,342.6,374.4,314.0,269.3333333333333,40.2,22.4,53.8,74.4,73.6,59.2,67.4,81.6,61.0,27.0,0.7168214090660842,0.10573292,1.3950476190476189,-2.1579614802979465,-2.1579614802979465,hard
4225,2014/2015,29,2,2,7.45988178730094,5.742420898961016,5,2,4.714072401399523,4.236005812036165,7,4,12.40221673056836,9.884907223453633,16,11,26.682667971067296,13.002162624519329,5.732673267326732,7.4326923076923075,6.118811881188119,6.5673076923076925,11.851485148514852,14.0,25.574257425742573,22.298076923076923,1,9.098428814135241,6.959486049916167,16.0579148640514,27.33725073111455,3.546756118329287,2.783170613238553,6.329926731567838,14.89475622996905,177.8,167.6,134.8,173.2,142.6,215.0,359.4,331.0,354.6,346.8,337.4,310.0,41.8,28.0,49.0,69.2,147.0,121.0,139.0,152.2,134.4,64.33333333333333,251.0,247.8,230.8,271.2,226.4,313.3333333333334,358.0,354.8,387.2,397.6,352.0,255.6666666666666,40.2,24.8,46.2,77.6,80.4,71.4,67.0,61.6,76.8,27.66666666666667,0.1782437745740498,0.9164394,5.610294117647059,0.8983146298254887,0.8983146298254887,easy
4226,2014/2015,29,4,5,4.223984878134765,6.889475463685674,6,4,3.2007555201733497,7.906635587909671,10,9,6.687624554013556,14.848383638173198,17,10,20.315974596593733,25.234707619371726,4.778947368421052,4.769230769230769,4.905263157894737,5.3076923076923075,9.68421052631579,10.076923076923077,19.45263157894737,19.26923076923077,0,4.989646216183526,7.827584492954066,12.81723070913759,23.64910543794194,5.233959034926538,5.705106175846203,10.93906521077275,19.03626042482615,202.0,168.6,140.4,141.2,150.6,214.0,335.0,307.2,330.0,363.8,316.0,250.6666666666667,41.8,26.4,52.8,75.6,140.8,124.4,118.2,140.2,130.0,76.0,262.4,238.0,235.0,261.4,236.0,298.0,298.2,268.6,289.6,285.4,260.6,281.6666666666666,43.6,30.0,53.0,78.2,135.4,113.2,123.6,152.2,133.8,56.66666666666666,0.5109014200387137,0.012337256,1.9573247612508586,-1.0193531090305865,-1.0193531090305865,hard
4227,2014/2015,29,8,6,4.94830188154064,7.109642385690297,2,7,4.326698077827155,5.338975780912422,10,13,8.787520058264672,12.347150796418283,18,12,17.170398774703656,11.888732031904073,6.614583333333333,6.815533980582524,6.375,6.330097087378641,12.989583333333334,13.145631067961165,21.6875,21.49514563106796,0,5.15336056250403,6.70398597578075,11.85734653828479,24.85210893717553,6.659383162251717,4.840760478995874,11.50014364124758,13.76991561590862,277.0,251.8,233.2,270.2,238.0,310.0,223.4,212.2,239.4,222.6,222.2,170.6666666666667,48.2,28.6,51.6,77.8,218.2,191.4,220.2,224.0,211.2,119.6666666666667,230.2,222.4,179.4,210.0,190.4,300.0,375.6,337.8,322.8,345.4,325.2,327.0,40.6,28.2,47.4,75.0,77.0,66.0,56.6,71.6,69.0,29.0,0.7168214090660842,0.017971283,1.3950476190476189,-2.467877701990013,-2.467877701990013,hard
4228,2014/2015,29,9,4,3.413815228548496,4.589786519098465,4,3,2.2084226761431016,4.818391314805169,13,7,4.5597937476368084,9.284453696687756,23,22,19.32855323309715,20.27127795325375,5.148514851485149,4.730769230769231,5.2772277227722775,5.038461538461538,10.425742574257425,9.76923076923077,19.415841584158414,21.701923076923077,1,6.600721998015019,7.070614262017327,13.67133626003235,23.95167594302032,5.306518362351448,5.821844824263872,11.12836318661532,21.44193136030926,251.0,241.4,237.6,280.0,228.0,279.0,359.6,352.0,387.8,385.8,362.8,221.3333333333333,42.4,31.6,57.0,85.0,75.0,68.4,81.8,72.2,83.6,25.33333333333333,250.0,231.8,191.6,213.8,218.2,295.0,367.4,347.6,340.2,328.4,319.4,351.0,43.0,31.8,50.2,71.6,65.4,57.8,64.2,74.4,63.0,24.0,0.7168214090660842,0.92040014,1.3950476190476189,0.718905807576046,0.718905807576046,medium
4239,2014/2015,30,7,8,6.268933454977943,4.636267076480394,6,2,5.771538560491014,3.6019386597869385,13,10,12.037330274502548,8.341354601277065,13,16,24.26655827251308,14.862219284299378,4.771428571428571,6.628865979381444,5.295238095238095,6.329896907216495,10.066666666666666,12.958762886597938,19.18095238095238,21.649484536082475,0,7.143099084722063,5.934566958792384,13.07766604351446,23.37608667309111,4.768684715611486,5.524960115145085,10.29364483075657,19.920675906475,250.6,228.4,209.6,261.2,211.6,293.3333333333333,214.2,204.8,215.6,200.8,199.8,185.3333333333333,41.4,31.0,42.6,73.8,223.4,177.8,186.6,211.6,202.4,84.66666666666667,258.8,241.4,225.4,289.2,219.2,306.3333333333334,371.6,329.6,336.4,371.0,325.4,278.0,47.4,31.4,55.4,67.4,77.4,60.2,59.0,58.0,70.6,29.66666666666667,0.2334226389819156,0.076841936,4.284074605451937,-0.20425948893180212,-0.20425948893180212,medium
4240,2014/2015,30,9,4,5.10723845704526,6.303636595221274,8,2,4.363351926942379,6.266093150272622,17,6,10.016589316843781,12.550352646035726,22,18,23.428975791875967,19.183876532268556,4.7368421052631575,7.288461538461538,5.187499999999999,6.625,9.924342105263158,13.913461538461538,20.355263157894733,21.48076923076923,0,3.750817470356961,4.843373661739839,8.59419113209679,17.20978321372813,7.91658966642349,6.534428184803174,14.45101785122666,22.67061142550653,258.0,238.6,223.2,261.0,209.8,301.6666666666667,357.0,319.2,344.2,370.6,325.4,253.6666666666667,41.6,31.6,52.6,76.4,72.4,66.2,63.8,71.4,67.6,33.0,267.6,248.6,223.6,261.8,224.8,301.3333333333333,366.6,356.0,351.2,331.2,348.6,289.0,43.0,29.6,55.4,71.6,75.2,66.2,45.8,77.2,73.0,29.66666666666667,0.425,0.021790037,2.3529411764705883,-0.7012347252634556,-0.7012347252634556,hard
4241,2014/2015,30,2,3,6.806009546778563,4.534931712099473,3,1,5.636535710498045,4.207748111392794,5,4,12.243446723872225,8.887849629704615,10,14,13.142880964448322,21.710079891696743,6.8076923076923075,5.696078431372549,6.336538461538462,6.107843137254902,13.14423076923077,11.803921568627452,21.403846153846153,25.480392156862745,0,5.202006103163613,7.990006653056058,13.19201275621967,15.43585188138967,5.945962483538017,4.884335914349429,10.83029839788744,20.52175875387622,283.6,261.2,249.2,251.0,247.8,305.0,271.2,264.4,303.0,297.2,273.6,196.3333333333333,41.2,29.6,64.2,81.0,75.8,67.2,71.4,73.4,73.6,38.33333333333334,283.8,269.2,252.4,261.0,246.8,316.6666666666667,373.6,365.0,387.0,365.4,364.6,311.6666666666666,42.2,29.4,51.4,81.0,76.0,67.0,79.0,87.6,79.4,23.33333333333333,0.2611464968152866,0.6269388,3.8292682926829267,0.49508098898262815,0.49508098898262815,medium
4242,2014/2015,30,20,0,8.896300649485731,1.640911398363131,17,2,7.802370315764922,1.8557869197561643,37,2,17.56620641458982,2.9905345594665187,19,7,31.37029577211265,11.430606505085017,6.695238095238095,5.186274509803922,6.933333333333334,5.264705882352941,13.628571428571428,10.450980392156863,23.447619047619046,19.45098039215686,1,10.81623004315798,9.547003623527722,20.3632336666857,31.47393405125197,2.727381480960673,2.644176191356305,5.371557672316984,14.00605728449453,252.6,223.4,206.8,246.8,201.6,273.6666666666666,222.8,215.0,192.0,186.8,197.8,204.6666666666667,49.0,30.4,51.0,76.2,214.0,193.0,219.2,226.4,209.6,133.3333333333333,260.4,213.0,209.6,253.2,208.0,285.6666666666667,271.2,254.4,282.8,267.2,260.8,241.6666666666667,43.4,25.2,60.8,72.2,147.0,120.8,119.6,151.4,134.8,65.33333333333334,0.4339106654512306,0.953783,2.304621848739496,0.9183573660451242,0.9183573660451242,easy
4243,2014/2015,30,8,3,5.033040383407234,5.282136262074949,7,2,5.073903137879429,4.345975697277096,15,5,10.105693735052206,9.543915738505916,20,17,29.579154632340874,14.828601586935626,5.798076923076923,7.019417475728155,5.923076923076923,5.932038834951456,11.721153846153847,12.951456310679612,20.682692307692307,23.650485436893202,0,6.31510684929529,5.332729365619147,11.64783621491444,18.93427426831276,6.595657610449705,6.712381107458353,13.30803871790806,19.10606656934591,251.2,248.4,231.4,271.2,226.8,313.3333333333334,358.0,354.8,387.2,397.6,352.0,255.6666666666666,40.2,24.8,46.2,77.6,80.4,71.4,67.0,61.6,76.8,27.66666666666667,258.0,238.6,223.2,261.0,209.8,301.6666666666667,214.4,204.8,206.4,202.0,198.4,192.6666666666667,41.6,31.6,52.6,76.4,216.2,182.6,214.4,234.4,194.4,123.3333333333333,0.7491486946651532,0.07462616,1.334848484848485,-2.6889337581072446,-2.6889337581072446,hard
4244,2014/2015,30,4,3,9.413584864642793,7.568570123807279,10,2,6.029995665079426,4.8208636230987665,14,5,15.506881067711856,12.803153954570515,33,8,26.558971207871355,21.083518194301792,5.518930957683742,7.009708737864078,5.4877505567928715,5.883495145631068,11.006681514476613,12.893203883495145,20.116926503340753,21.660194174757283,0,5.773875971527616,5.984075905904518,11.75795187743214,24.65172557619779,4.629271887081186,5.10395322767652,9.733225114757706,18.84316122461782,292.2,256.4,253.6,277.2,239.2,292.0,322.0,320.8,353.8,386.0,305.8,246.0,45.4,32.2,52.4,73.2,82.0,67.4,63.0,69.0,73.6,26.66666666666667,252.6,223.4,206.8,246.8,201.6,273.6666666666666,357.8,349.0,343.4,334.4,339.2,293.6666666666666,49.0,30.4,51.0,76.2,79.0,59.0,67.8,78.8,68.2,44.33333333333334,0.5109014200387137,0.016150394,1.9573247612508586,-1.011556842294181,-1.011556842294181,hard
4245,2014/2015,30,8,4,7.282617954859891,3.3319354565114274,10,7,7.398978413224836,3.5912890828690665,18,11,15.396804994574243,7.184001347414238,28,20,23.14981144855941,16.067599384362612,6.436893203883495,4.919213973799127,6.524271844660194,5.37008733624454,12.96116504854369,10.289301310043667,22.50485436893204,19.849344978165934,1,7.930748174448163,8.355373189664293,16.28612136411247,28.53918704337657,4.288530839867517,4.167929755328026,8.456460595195544,17.72163322322172,279.8,267.8,242.0,255.2,249.2,325.0,345.2,319.2,359.4,370.2,331.0,255.0,47.4,25.0,57.0,82.8,78.0,67.0,65.2,79.8,74.6,22.66666666666667,277.0,251.8,233.2,270.2,238.0,310.0,223.4,212.2,239.8,222.6,223.2,170.6666666666667,48.2,28.6,51.6,77.8,218.2,191.4,220.2,224.0,211.2,119.6666666666667,0.4645476772616137,0.96904826,2.1526315789473682,0.9421951553048609,0.9421951553048609,easy
4246,2014/2015,30,6,3,4.836062186185092,3.6207075489898513,8,6,6.5435305223673375,3.155121916619187,14,9,11.5295513513307,6.847960446047553,37,15,28.583943690977513,19.766872507373208,4.723809523809524,4.993485342019543,5.019047619047619,5.136807817589576,9.742857142857142,10.13029315960912,21.704761904761906,20.56677524429967,0,6.115834463548195,5.118311910247277,11.23414637379547,28.76908202969207,6.490515496148432,6.043497948853576,12.53401344500201,18.20739734605027,268.4,238.0,217.8,248.8,216.2,300.3333333333334,215.6,213.6,201.2,207.2,193.4,212.0,40.2,22.4,53.8,74.4,207.4,181.6,186.2,226.8,185.8,82.33333333333333,263.0,251.6,237.0,283.2,238.8,297.0,346.4,346.2,373.0,379.6,342.4,255.6666666666667,42.4,31.6,57.0,85.0,85.4,75.4,83.6,78.2,82.6,40.0,0.2171071327081557,0.014587041,4.606020942408377,-0.2586817422533533,-0.2586817422533533,medium
4247,2014/2015,30,2,3,8.492372108786054,4.942034143088201,5,6,7.068461949403026,3.7951083161030414,7,9,15.781073058951689,8.588053746713168,19,26,19.966201251655633,14.244552335005958,7.380952380952381,5.007641921397379,6.523809523809524,5.311135371179038,13.904761904761905,10.318777292576417,22.19047619047619,20.507641921397372,1,7.785860182523665,6.931122253650344,14.71698243617402,26.29630249827128,6.170159173345321,5.455925845031064,11.62608501837639,15.17150167793253,287.0,267.4,242.2,293.2,255.4,319.3333333333333,355.8,339.4,360.0,361.2,345.6,304.0,44.4,28.8,55.6,78.6,77.8,64.8,67.4,70.0,72.6,24.0,251.8,229.8,207.6,262.2,207.8,292.0,214.2,204.8,215.6,200.8,199.8,185.3333333333333,41.4,31.0,42.6,73.8,223.4,177.8,186.6,211.6,202.4,84.66666666666667,0.5434782608695653,0.9463292,1.8399999999999996,0.8824353388377597,0.8824353388377597,easy
4248,2014/2015,30,8,4,9.197935378211156,5.359118858300139,4,3,7.586383997090594,3.2740240312428313,12,7,17.004511254734496,8.178613241653942,36,12,32.92953653150667,19.95219090339112,5.715686274509804,4.770833333333333,5.607843137254902,4.916666666666667,11.323529411764707,9.6875,24.225490196078432,19.427083333333332,1,6.010399742850864,6.271699067420107,12.28209881027098,27.47339893961241,5.412454411282947,6.793959144204664,12.20641355548761,20.08812262461047,177.8,167.6,134.8,173.2,142.6,215.0,359.4,331.0,354.6,346.8,337.4,310.0,41.8,28.0,49.0,69.2,147.0,121.0,139.0,152.2,134.4,64.33333333333333,260.4,213.0,209.6,253.2,208.0,285.6666666666667,271.2,254.4,282.8,267.2,260.8,241.6666666666667,43.4,25.2,60.8,72.2,147.0,120.8,119.6,151.4,134.8,65.33333333333334,0.5023923444976077,0.13845778,1.9904761904761903,-0.7313685096227208,-0.7313685096227208,hard
4249,2014/2015,31,6,4,6.654901246684314,5.22989470483626,6,7,3.9196132696980825,4.935148142365547,12,11,9.98704246036954,9.306811235336728,20,12,22.17645015565101,14.852026835465022,6.980769230769231,6.761904761904762,5.894230769230769,6.304761904761905,12.875,13.066666666666666,23.58653846153846,21.295238095238094,1,8.064638590843233,8.557716415845823,16.62235500668906,26.00245590473396,5.465862953282341,4.008586690401076,9.474449643683412,15.15195658186192,202.0,168.6,140.4,141.2,150.6,214.0,335.0,307.2,330.0,363.8,316.0,250.6666666666667,41.8,26.4,52.8,75.6,140.8,124.4,118.2,140.2,130.0,76.0,271.0,249.6,242.2,284.0,228.8,312.0,346.6,317.0,340.2,388.0,317.4,265.6666666666666,49.8,28.8,58.0,67.2,77.4,60.2,59.0,58.0,70.6,29.66666666666667,0.3757621951219512,0.92397374,2.6612576064908726,0.8782094575837709,0.8782094575837709,easy
4250,2014/2015,31,9,5,5.393648609989388,6.380940074979442,4,7,5.4198221057646645,5.147098744099691,13,12,10.434509467615724,11.188819605166842,28,13,21.089596963755774,15.169979933843718,4.91027027027027,7.330188679245283,5.385945945945944,6.509433962264151,10.296216216216214,13.839622641509434,19.850810810810806,22.160377358490567,0,5.949214135897066,6.650205477475756,12.59941961337282,24.81009175965591,3.735472035064954,5.435333140530358,9.170805175595321,19.6282679061646,283.8,269.2,252.4,261.0,246.8,316.6666666666667,373.6,365.0,387.0,365.4,364.6,311.6666666666666,42.2,29.4,51.4,81.0,76.0,67.0,79.0,87.6,79.4,23.33333333333333,173.0,163.0,125.0,144.4,135.0,226.0,368.6,329.8,320.8,355.4,323.2,317.6666666666666,40.6,28.2,47.4,75.0,149.2,131.0,124.4,128.0,138.6,60.0,0.7958533997224717,0.00849146,1.2565128205128204,-3.8568457245084953,-3.8568457245084953,hard
4251,2014/2015,31,11,2,6.535236036703641,4.144882545146867,6,3,5.499624106550638,3.0579892045834445,17,5,11.727179219507182,7.331223720709248,21,6,22.365516578506977,18.331788760049644,7.257142857142857,4.735849056603773,6.580952380952381,5.047169811320755,13.838095238095239,9.783018867924529,21.447619047619046,21.849056603773583,1,10.70556305615044,9.847753064766614,20.55331612091705,25.9102206315178,4.42518069721974,3.184360119121148,7.609540816340889,17.30555477306831,269.0,247.0,263.2,287.6,237.4,291.6666666666667,288.4,268.4,292.2,300.4,268.4,266.0,43.6,30.0,53.0,78.2,135.4,113.2,123.6,152.2,133.8,56.66666666666666,250.0,231.8,191.6,213.8,218.2,295.0,367.4,347.6,340.2,328.4,319.4,351.0,43.0,31.8,50.2,71.6,71.2,63.0,51.6,63.8,69.6,41.33333333333334,0.3812824956672444,0.46999258,2.622727272727272,0.1433773600086777,0.1433773600086777,medium
4252,2014/2015,31,1,10,2.794925936624785,7.618476359202038,1,13,4.91117198262924,7.6853714615542215,2,23,7.600041633181228,16.20107174148117,8,27,25.59424484012793,20.559773857866688,4.974193548387096,6.820754716981132,5.14516129032258,7.028301886792453,10.119354838709677,13.849056603773585,20.512903225806447,23.40566037735849,1,3.943505319242079,5.179252221768643,9.122757541010726,20.22249572480544,6.832205708183825,6.442845684136998,13.27505139232082,22.44338650816544,252.6,260.2,228.6,267.2,224.8,300.3333333333333,366.6,356.0,351.2,331.2,348.6,289.0,43.0,29.6,55.4,71.6,75.2,66.2,45.8,77.2,73.0,29.66666666666667,288.0,255.2,239.8,246.4,247.2,307.3333333333333,271.2,264.4,303.0,297.2,273.6,196.3333333333333,41.2,29.6,64.2,81.0,75.8,67.2,71.4,73.4,73.6,38.33333333333334,0.336890243902439,0.8848846,2.9683257918552037,0.8264006779111664,0.8264006779111664,easy
4253,2014/2015,31,5,5,5.508681335947836,6.059387277985101,6,6,3.4768959986421226,7.306524089956022,11,11,9.916817243245717,13.726211172581355,15,24,17.209705165834762,26.394627888294924,6.971153846153846,6.451923076923077,5.846153846153846,6.5576923076923075,12.817307692307692,13.009615384615385,21.528846153846153,22.557692307692307,1,8.242025050372696,7.550888771324429,15.79291382169713,26.01920065713975,4.06987354406338,4.205823673823696,8.275697217887073,19.0521141232434,260.4,213.0,209.6,253.2,208.0,285.6666666666667,344.8,316.0,344.0,337.6,327.4,280.0,43.4,25.2,60.8,72.2,73.4,59.2,58.4,81.0,68.2,27.0,252.6,260.2,228.6,267.2,224.8,300.3333333333333,366.6,356.0,351.2,331.2,348.6,289.0,43.0,29.6,55.4,71.6,75.2,66.2,45.8,77.2,73.0,29.66666666666667,0.3628865979381443,0.36410013,2.7556818181818183,0.0019047153227537924,0.0019047153227537924,medium
4254,2014/2015,31,6,8,8.520420613784173,5.831865716795848,9,7,8.297832809562907,3.788962671644451,15,15,17.118554121284294,9.476457218985633,30,28,29.584253254689035,22.158322892444428,4.988108108108109,5.737864077669903,5.317837837837836,5.592233009708738,10.305945945945945,11.330097087378642,20.561081081081074,24.339805825242717,1,5.449477414415292,4.77567807573099,10.22515549014629,21.72226724458786,5.888578763609543,6.15912708164311,12.04770584525266,23.10127345879622,202.4,183.6,165.4,195.8,173.6,234.0,297.6,269.6,278.8,301.0,273.4,262.6666666666667,48.2,28.6,51.6,77.8,205.0,178.6,229.2,250.6,207.8,125.6666666666667,268.2,235.2,230.0,267.2,227.0,301.3333333333334,213.4,201.6,205.8,221.0,192.2,174.0,39.2,23.2,51.0,74.2,215.2,193.2,207.8,226.2,202.6,115.6666666666667,0.6727152024784244,0.91585976,1.4865131578947368,0.7429143003791954,0.7429143003791954,easy
4255,2014/2015,31,8,2,5.114130977924731,2.383856216693913,8,2,4.9773192607341725,3.34735193788378,16,4,9.501980805329314,5.275132656971139,37,9,22.94578843446601,13.188171763246011,5.669902912621359,4.7924528301886795,6.058252427184466,5.30188679245283,11.728155339805825,10.09433962264151,25.368932038834952,19.12264150943396,1,7.686838862493329,6.354312925656492,14.04115178814983,25.17316948606397,4.581104203931694,4.289551235925995,8.87065543985769,14.8499510678913,279.4,255.8,233.2,278.6,247.8,299.3333333333334,346.4,346.2,373.0,379.6,342.4,255.6666666666667,42.4,31.6,57.0,85.0,78.4,70.6,73.6,79.2,78.2,30.66666666666667,251.2,248.4,231.4,271.2,226.8,313.3333333333334,358.0,354.8,387.2,397.6,352.0,255.6666666666666,40.2,24.8,46.2,77.6,80.4,71.4,67.0,61.6,76.8,27.66666666666667,0.3973509933774835,0.92984843,2.5166666666666666,0.8835946517986255,0.8835946517986255,easy
4256,2014/2015,31,10,4,3.6568912495525994,5.864044587086957,7,6,3.333984481984896,5.395774276845557,17,10,6.744721816797559,10.74798228693987,28,18,15.331980482141875,18.54404928707553,4.762886597938144,5.819047619047619,4.896907216494846,5.933333333333334,9.65979381443299,11.752380952380953,19.350515463917525,20.676190476190477,1,6.189168571632282,7.41785595921304,13.60702453084532,26.99165371962268,4.509521987590953,5.241735269697003,9.751257257287953,19.12679494781143,230.2,222.4,179.4,210.0,190.4,300.0,368.8,329.4,326.2,360.4,326.0,273.0,40.6,28.2,47.4,75.0,77.0,66.0,56.6,71.6,69.0,29.0,277.4,250.8,259.2,280.8,250.6,287.6666666666667,350.6,326.8,367.8,378.8,331.6,298.0,43.6,30.0,53.0,78.2,72.6,55.0,52.4,73.6,68.0,32.66666666666666,0.3147246159610341,0.9106702,3.177380952380952,0.8696439690834972,0.8696439690834972,easy
4257,2014/2015,31,3,4,6.496265467430854,5.529963310684701,4,3,3.566258820299516,4.742458185904567,7,7,9.971300811765325,10.762457720424326,13,22,17.13038994381783,17.953089967932183,6.642857142857143,4.778501628664495,6.285714285714286,5.214983713355048,12.928571428571429,9.993485342019543,21.591836734693878,20.37133550488599,1,6.724873955142101,8.602643616245148,15.32751757138726,29.17120766819898,4.826809757190769,4.553110335848984,9.37992009303975,15.94168045717203,271.0,249.2,242.2,284.0,228.8,311.3333333333334,368.0,334.2,345.8,385.6,333.8,266.0,49.8,28.8,58.0,67.2,77.4,60.2,59.0,58.0,70.6,29.66666666666667,288.0,253.8,245.2,267.2,226.8,298.6666666666667,204.4,207.6,212.0,229.8,188.2,180.6666666666667,45.4,32.2,52.4,73.2,200.8,183.0,209.8,225.8,198.8,98.33333333333333,0.5574572127139364,0.9835354,1.793859649122807,0.9627954821560264,0.9627954821560264,easy
4258,2014/2015,31,7,5,5.266627933806664,6.836129184996768,7,2,4.809058042485506,7.227327183149994,14,7,9.613063354382373,14.177979705543853,26,10,19.026034666147478,16.643225673493344,5.135922330097087,5.503858875413451,5.233009708737864,5.532524807056228,10.368932038834952,11.03638368246968,19.33009708737864,20.244762954796027,0,4.377269662813317,4.712976142224795,9.090245805038117,21.20809723447453,6.341199218008764,7.286818840408426,13.62801805841719,23.20764216491543,250.6,228.4,209.8,261.2,211.6,293.3333333333333,215.6,196.2,204.8,210.6,193.8,211.3333333333333,41.4,31.0,42.6,73.8,223.8,177.8,187.2,212.4,202.4,85.33333333333334,202.0,168.6,140.4,141.2,150.6,214.0,337.6,307.6,328.6,363.4,323.8,245.0,41.8,26.4,52.8,75.6,140.8,124.4,118.2,140.2,130.0,76.0,0.3488372093023256,0.007385316,2.8666666666666667,-0.5243725519228194,-0.5243725519228194,hard
4259,2014/2015,32,6,9,6.448606154098854,5.230249571790511,2,8,7.456715451349627,6.157647793612739,8,17,14.60655333918525,12.096608043135728,17,19,25.355716690121515,19.32929596083876,4.949678800856532,4.949678800856532,5.372591006423981,5.372591006423981,10.322269807280513,10.322269807280513,19.929336188436825,19.929336188436825,0,4.48238399091687,4.554819682581708,9.037203673498578,20.52337458201091,5.81085400748523,6.799620448947171,12.6104744564324,22.99182030802407,283.6,261.2,249.2,251.0,247.8,305.0,271.2,264.4,303.0,297.2,273.6,196.3333333333333,41.2,29.6,64.2,81.0,75.8,67.2,71.4,73.4,73.6,38.33333333333334,177.8,167.6,134.8,173.2,142.6,215.0,356.2,327.0,348.4,339.4,337.0,303.6666666666667,41.8,28.0,49.0,69.2,152.2,128.6,131.8,135.4,136.4,53.66666666666667,0.5397727272727273,0.09911977,1.8526315789473684,-0.9574681419281311,-0.9574681419281311,hard
4260,2014/2015,32,9,4,7.153343936448258,4.870821948762296,5,6,5.350387269334229,4.215794642797578,14,10,12.3874936510995,8.618735757041096,21,22,12.450507558974316,5.69962611072057,6.735849056603773,6.735849056603773,6.311320754716981,6.311320754716981,13.047169811320755,13.047169811320755,21.20754716981132,21.20754716981132,1,8.207445745739918,8.458352508035972,16.66579825377589,25.46155880862916,6.041945122990616,3.811948858300753,9.853893981291368,14.85991929364822,271.8,241.2,224.8,259.2,214.6,296.6666666666667,284.8,276.4,267.2,277.6,262.2,258.0,49.0,30.4,51.0,76.2,150.6,121.0,122.4,137.6,135.6,63.66666666666667,264.6,235.2,209.4,278.6,225.6,298.6666666666667,355.8,339.4,360.0,361.2,345.6,304.0,44.4,28.8,55.6,78.6,77.8,64.8,66.8,69.8,72.6,24.0,0.336890243902439,0.9037287,2.9683257918552037,0.8548184888116245,0.8548184888116245,easy
4261,2014/2015,32,6,4,3.6376595052726017,2.4330163844497963,0,3,4.535788443554708,3.036674452845373,6,7,7.7031862865691,5.061110890688046,15,11,23.91641559177625,20.25175490985784,5.6923076923076925,5.6923076923076925,6.076923076923077,6.076923076923077,11.76923076923077,11.76923076923077,25.48076923076923,25.48076923076923,1,7.402742816391206,5.050665481193898,12.45340829758511,24.91787994100116,5.973095819370402,4.421530898916391,10.3946267182868,17.39738177202565,276.2,245.2,244.8,260.4,234.6,272.0,329.6,319.2,343.8,381.6,319.4,240.0,40.4,26.4,47.2,61.2,82.0,68.0,66.0,69.0,73.8,26.66666666666667,265.4,211.8,214.6,264.2,206.2,287.3333333333333,267.4,248.8,277.0,276.2,252.4,226.3333333333333,43.4,25.2,60.8,72.2,147.0,120.8,119.6,151.4,134.8,65.33333333333334,0.4665629860031104,0.96140826,2.1433333333333335,0.9276545468294238,0.9276545468294238,easy
4262,2014/2015,32,10,3,7.128097203592935,6.071042085597107,4,4,6.337903429288033,5.123292606169628,14,7,12.488557754006969,10.273591911215735,20,28,20.645690085646457,15.55636291739047,5.498908296943232,5.498908296943232,5.497816593886461,5.497816593886461,10.996724890829693,10.996724890829693,20.144104803493445,20.144104803493445,0,5.104005941138949,4.689268164073384,9.793274105212337,22.30014196666996,6.613328630452478,5.619762110488772,12.23309074094125,17.6574609701413,283.0,266.4,228.0,263.2,245.8,337.3333333333333,370.2,341.6,382.6,383.2,351.2,289.6666666666667,36.2,28.2,56.4,81.4,78.6,73.8,75.6,63.4,79.4,27.66666666666667,250.6,228.4,209.8,261.2,211.6,293.3333333333333,373.0,325.8,352.8,368.4,350.4,216.3333333333333,45.8,29.0,56.0,72.8,75.8,61.0,53.0,72.2,70.2,22.66666666666667,0.7131622220633446,0.059678536,1.4022055137844611,-2.278234330122011,-2.278234330122011,hard
4263,2014/2015,32,5,8,5.366917546442561,4.024426278999435,2,7,6.767476171269312,5.451868964125376,7,15,13.1151486436987,9.759443382505046,17,24,21.17599721105428,18.55257366345414,6.438095238095238,6.438095238095238,6.552380952380952,6.552380952380952,12.99047619047619,12.99047619047619,22.571428571428573,22.571428571428573,1,6.784503690141456,7.343343611231255,14.12784730137272,29.11952262029023,4.17809780061114,5.042295473451483,9.220393274062623,19.44996387766166,264.6,235.2,209.4,278.6,225.6,298.6666666666667,365.4,340.2,372.4,355.0,358.8,321.3333333333334,44.4,28.8,55.6,78.6,77.8,64.8,67.4,69.8,72.8,25.0,213.6,194.8,185.4,173.8,183.6,229.3333333333333,351.4,336.4,376.0,376.2,344.8,262.6666666666667,41.2,29.6,64.2,81.0,75.8,67.2,71.4,73.4,73.6,38.33333333333334,0.4054054054054055,0.9400397,2.4666666666666663,0.8991576677018946,0.8991576677018946,easy
4264,2014/2015,32,3,8,7.390981247262126,5.241944633558594,7,0,6.3469140125874155,5.2786072921798475,10,8,13.976914719192731,10.178731172490712,16,15,27.663808760024835,19.394368627352623,4.816326530612245,4.816326530612245,4.918367346938775,4.918367346938775,9.73469387755102,9.73469387755102,19.43877551020408,19.43877551020408,0,7.624550775395431,7.379304388469937,15.00385516386538,28.25532942081923,4.827842437488623,4.730047659952941,9.557890097441568,17.98156843849812,177.8,167.6,134.8,173.2,142.6,215.0,356.2,327.0,348.4,339.4,337.0,303.6666666666667,41.8,28.0,49.0,69.2,152.2,128.6,131.8,135.4,136.4,53.66666666666667,280.6,255.8,233.4,278.8,247.8,299.3333333333334,345.2,343.6,389.8,401.8,344.6,238.0,47.8,29.2,60.2,82.0,85.4,75.4,83.6,78.2,82.6,40.0,0.305291723202171,0.44288367,3.275555555555555,0.19805715826805678,0.19805715826805678,medium
4265,2014/2015,32,3,8,6.555258718847096,5.330986578844435,5,2,4.607460481726748,4.4944198967205145,8,10,10.95142232359281,9.920621459046615,15,17,18.824261280682414,16.748380574852835,6.606060606060606,6.606060606060606,6.262626262626263,6.262626262626263,12.868686868686869,12.868686868686869,21.505050505050505,21.505050505050505,0,5.493004538608782,6.023964212829488,11.51696875143826,25.95038103385069,5.865261757211088,5.757894906587798,11.62315666379889,18.6143823718335,202.0,168.6,140.4,141.2,150.6,214.0,347.8,318.4,323.4,348.6,333.8,261.0,41.8,26.4,52.8,75.6,132.0,114.4,123.4,157.0,120.0,60.0,239.6,234.8,188.0,219.4,205.6,292.0,299.6,266.4,258.8,278.2,259.8,248.3333333333333,43.2,29.0,52.0,73.0,134.2,111.4,104.4,142.0,120.8,52.66666666666667,0.6111790721746495,0.03154437,1.6361816782140106,-1.4907497271772798,-1.4907497271772798,hard
4266,2014/2015,32,5,3,6.692631038159529,5.857005054040186,11,7,4.768500734979989,3.785323729894258,16,10,10.680678466049965,8.908838873180434,28,22,17.502053102806904,13.64374937314442,7.308411214953271,7.308411214953271,6.514018691588785,6.514018691588785,13.822429906542055,13.822429906542055,22.074766355140188,22.074766355140188,0,4.179494850729399,5.666937540596434,9.846432391325825,19.95266896609394,5.929277658274354,7.146510662129467,13.07578832040383,22.16470092391484,283.8,269.2,251.4,260.2,244.6,316.6666666666667,382.4,374.8,403.0,364.2,380.8,301.6666666666666,42.2,29.4,51.4,81.0,76.0,67.4,79.0,87.6,79.4,23.33333333333333,271.0,249.2,242.2,284.0,228.8,311.3333333333334,364.4,323.6,343.0,389.0,334.8,239.0,47.4,31.4,55.4,67.4,77.4,60.2,59.0,58.0,70.6,29.66666666666667,0.6209037599172128,0.034090392,1.6105555555555555,-1.547927151351923,-1.547927151351923,hard
4267,2014/2015,32,4,4,7.102393953144212,4.6219877739562065,2,5,6.3589145878265665,4.120339322055195,6,9,14.711534015909324,8.982496358018091,14,34,22.343873743979273,15.532825313888647,5.153846153846154,5.153846153846154,5.25,5.25,10.403846153846153,10.403846153846153,19.39423076923077,19.39423076923077,0,5.618419952522665,6.550157039134587,12.16857699165726,26.57891756036901,5.748556588186578,6.034502164838619,11.7830587530252,20.80707702915353,261.6,237.6,234.0,260.2,235.8,296.6666666666667,363.2,326.4,332.6,371.0,319.8,311.6666666666666,43.6,30.0,53.0,77.2,74.6,61.8,67.6,76.0,74.0,25.0,255.2,220.6,202.4,265.0,201.4,278.3333333333333,222.6,212.6,183.0,194.6,196.0,211.3333333333333,49.0,30.4,51.0,76.2,218.6,183.2,199.6,213.0,208.0,101.6666666666667,0.5318773242762691,0.09043463,1.880132794457275,-0.943006450791495,-0.943006450791495,hard
4268,2014/2015,32,7,10,8.943300090636576,7.381069874841316,4,9,6.799161433882379,4.093844375482464,11,19,15.835028248450982,11.226224454170552,21,36,33.23474657211279,24.482028320621765,5.759615384615385,5.759615384615385,5.605769230769231,5.605769230769231,11.365384615384615,11.365384615384615,24.375,24.375,0,7.269182743615183,6.454581897587331,13.72376464120251,25.12786905371411,5.510949523166237,5.520990797513111,11.03194032067936,20.14797639310921,252.6,260.2,228.6,267.2,224.8,300.3333333333333,367.6,356.0,351.2,331.2,348.6,289.0,41.8,30.6,56.6,80.2,75.2,66.2,45.8,77.2,73.0,29.66666666666667,279.4,247.8,231.4,290.0,232.4,309.0,290.4,291.4,292.2,285.6,267.2,283.0,48.2,28.6,51.6,77.8,137.6,123.8,158.8,161.2,144.0,72.33333333333334,0.2777678090794904,0.08440151,3.6001291989664086,-0.2677342647739819,-0.2677342647739819,medium
4269,2014/2015,33,17,4,8.269990115650163,3.706553989444358,10,3,7.025124332539313,4.176208448257963,27,7,15.16059979195301,8.12513847073183,37,6,28.38620501187117,14.219316622366222,4.9883351007423125,4.797979797979798,5.397667020148461,4.9393939393939394,10.386002120890772,9.737373737373737,19.9204665959703,19.404040404040405,0,8.21894582906607,8.010706848772259,16.22965267783833,26.72934001872083,3.844063807649447,4.226077805112189,8.070141612761642,17.8924597026059,271.0,257.6,242.0,266.6,241.0,324.0,360.6,363.0,385.6,396.6,359.8,272.6666666666667,39.2,32.2,53.4,78.6,79.0,61.2,68.8,81.4,76.4,30.33333333333333,267.4,261.8,253.8,272.8,248.2,329.6666666666666,372.0,358.8,395.8,391.2,380.2,252.6666666666666,42.2,29.4,49.8,81.0,75.4,67.4,79.4,88.0,80.2,23.33333333333333,0.3244274809160305,0.043055214,3.0823529411764707,-0.4164945312728316,-0.4164945312728316,medium
4270,2014/2015,33,9,4,5.660565381720078,5.672170403053871,6,1,6.846425625735985,4.121320013446567,15,5,11.508660538006076,9.17497449582467,29,18,20.201352691770676,16.161664014182392,7.268518518518518,5.542702702702703,6.518518518518518,5.483243243243241,13.787037037037036,11.025945945945944,22.074074074074073,20.142702702702696,0,6.517648008478796,5.021635183107207,11.539283191586,24.38649718388572,5.08372218698054,5.822656812599637,10.90637899958018,19.83445856068872,282.4,265.0,227.6,263.4,245.4,329.6666666666667,366.0,348.4,398.6,395.6,376.6,242.3333333333333,47.4,25.0,56.6,82.4,75.6,73.8,66.0,74.2,75.8,33.66666666666666,275.0,238.2,229.2,266.8,215.8,303.6666666666667,354.4,319.8,354.0,367.8,323.0,249.3333333333333,41.6,31.6,52.6,75.0,75.2,63.2,62.4,67.4,73.2,34.33333333333334,0.7493890849850665,0.22795963,1.3344202898550726,-2.0806334475912998,-2.0806334475912998,hard
4271,2014/2015,33,4,5,4.530925519606883,6.174289117147563,3,9,4.013707434475199,4.533150255082564,7,14,7.438898871705327,10.965631820286884,10,24,18.03949773182709,22.75251694351619,5.474594594594595,5.695238095238095,5.483243243243241,6.019047619047619,10.957837837837836,11.714285714285714,20.220540540540533,25.38095238095238,1,7.137896938958445,7.536452470673346,14.67434940963181,20.71052250978414,5.34438683844605,4.423264411077221,9.767651249523265,20.23614784115269,261.2,225.8,188.6,243.4,200.2,293.3333333333333,269.4,248.2,265.0,289.4,248.8,210.0,47.0,25.6,54.2,73.4,134.0,102.6,113.8,159.0,133.0,59.0,258.6,212.2,202.0,263.0,202.0,273.0,338.2,303.0,318.0,350.6,316.0,232.6666666666667,45.4,25.2,60.8,69.8,72.6,59.2,53.2,68.4,60.6,30.0,0.4334975369458128,0.94399226,2.306818181818182,0.9011341582173886,0.9011341582173886,easy
4272,2014/2015,33,6,2,7.430656726559737,4.0801829922213955,12,2,5.945036103337516,4.068496810975414,18,4,14.903734698740863,6.731217796322418,42,14,24.764711723122534,16.449547428016963,4.848484848484849,5.142857142857143,4.8686868686868685,5.219047619047619,9.717171717171718,10.361904761904762,19.393939393939394,19.34285714285714,0,7.240227236507505,7.654616961660984,14.89484419816849,26.67914266284121,4.058282559078216,4.603212440206212,8.661494999284425,18.66521451127743,242.4,227.2,208.6,264.0,206.6,287.6666666666666,297.0,273.4,278.2,275.4,272.8,270.3333333333333,48.8,27.4,52.2,73.8,138.2,122.8,127.8,147.6,130.4,50.0,261.8,237.0,218.0,261.8,205.8,304.0,219.4,203.4,204.4,218.6,195.0,175.6666666666667,49.0,27.8,51.0,75.8,203.2,177.4,196.8,226.8,201.0,106.3333333333333,0.4533736332118411,0.035593215,2.205686274509804,-0.7642888175691652,-0.7642888175691652,hard
4273,2014/2015,33,10,5,7.196069208919595,5.084402790673098,6,4,5.705777137918087,4.99555400316838,16,9,13.375503996861447,10.108570198868618,23,23,19.13646481406051,18.933019254230235,6.62,4.959703075291623,6.22,5.340402969247082,12.84,10.300106044538705,21.46,19.901378579003175,1,9.10292514903973,8.622061101559256,17.724986250599,28.08922008752891,4.154399330793132,3.585019453447389,7.739418784240518,16.08471254325003,263.8,235.4,225.2,272.0,217.8,302.3333333333333,220.2,210.2,236.2,225.6,220.2,166.3333333333333,52.8,28.6,50.6,79.8,208.8,198.4,226.6,236.8,215.4,97.0,257.6,229.6,190.6,232.8,199.4,296.6666666666666,200.8,202.6,210.4,230.8,180.6,165.3333333333333,45.6,31.0,53.8,76.6,215.4,190.6,200.2,226.0,203.6,143.6666666666667,0.7491486946651532,0.924076,1.334848484848485,0.6973347251231854,0.6973347251231854,medium
4274,2014/2015,33,5,12,6.451719510081266,4.4981738768372965,2,1,6.248118263731935,4.155057000141962,7,13,13.08585071714612,8.172841084555666,23,19,23.516224836262005,8.482396765152552,6.452830188679245,6.757009345794392,6.556603773584905,6.299065420560748,13.00943396226415,13.05607476635514,22.58490566037736,21.205607476635514,1,6.710046957847676,6.281525898930211,12.99157285677788,26.84001347590623,5.752729799626851,5.962492133748195,11.71522193337505,13.67559302118016,258.4,228.4,245.6,273.4,237.2,258.3333333333333,276.2,283.0,307.6,321.6,270.4,205.0,42.4,31.6,56.8,82.4,162.0,145.0,166.2,154.0,168.0,65.33333333333333,235.4,241.4,219.6,255.2,216.4,304.3333333333333,232.6,208.0,208.8,212.2,212.2,189.6666666666667,39.8,28.2,46.6,75.6,203.0,178.0,183.2,236.2,188.2,83.33333333333333,0.7610929294466855,0.9201015,1.3138999999999998,0.6655667142223954,0.6655667142223954,medium
4275,2014/2015,33,5,7,6.51657876183627,4.984958888121197,10,3,4.8097407918840815,4.580797723693137,15,10,11.675115176422745,9.365621150019967,22,13,25.75010240760868,12.548706051330566,5.142857142857143,6.57,5.247619047619048,6.25,10.39047619047619,12.82,19.533333333333335,21.44,1,5.113087124604331,5.986393431167796,11.09948055577213,21.12313895316425,6.526438433626679,7.159186871664817,13.6856253052915,21.78385249720039,267.6,242.4,233.0,276.2,227.2,304.3333333333334,210.4,203.0,195.8,215.6,191.8,217.3333333333333,44.6,26.8,43.4,74.0,225.8,192.8,194.4,213.6,215.6,90.00000000000001,270.6,242.8,243.8,267.6,233.6,301.3333333333334,348.8,337.4,349.4,386.0,327.2,320.6666666666667,43.6,30.0,53.0,78.2,71.0,55.6,52.4,76.6,68.4,32.66666666666666,0.5434782608695653,0.057149246,1.8399999999999996,-1.0652921448151276,-1.0652921448151276,hard
4276,2014/2015,33,11,7,8.17985808636719,3.4510970275705763,6,3,7.789954812466458,1.510499968307471,17,10,16.285897412419768,4.779688402538325,28,15,31.424216521427454,15.812213943213193,5.6761904761904765,5.771428571428571,6.0476190476190474,5.59047619047619,11.723809523809523,11.361904761904762,25.34285714285714,24.34285714285714,1,7.753059719622827,7.693280672538039,15.44634039216089,26.11684309819431,4.704547629707277,4.892418287839234,9.596965917546505,16.61640396022112,262.4,244.2,223.8,260.4,224.6,295.0,358.8,321.6,344.6,363.4,334.4,248.3333333333333,41.8,30.6,56.4,80.8,64.6,65.4,63.0,56.0,74.0,25.0,256.2,216.6,197.2,264.0,192.8,273.6666666666666,263.0,222.8,234.0,281.6,240.0,196.6666666666667,41.6,25.2,52.0,65.2,142.6,112.0,122.2,138.0,132.2,53.33333333333333,0.4667124227865477,0.8787442,2.1426470588235293,0.7726258397716047,0.7726258397716047,easy
4277,2014/2015,33,7,7,7.717699911600078,5.209065011208624,3,4,5.932347547276563,4.489946073962406,10,11,13.598942130392187,9.469849982149578,24,12,17.707222824630463,13.577633412855228,6.710280373831775,7.287037037037037,6.308411214953271,6.555555555555555,13.018691588785046,13.842592592592593,21.214953271028037,22.12962962962963,0,7.765358749200551,9.155532530180732,16.92089127938128,27.80055151066986,3.75412432030097,3.649452486405065,7.403576806706033,11.37441311590577,236.6,225.4,210.6,267.0,207.4,299.3333333333334,223.6,207.0,210.2,207.0,205.8,207.6666666666667,45.8,29.0,55.0,70.8,218.6,194.6,223.6,218.0,207.6,117.6666666666667,295.8,257.4,234.4,276.8,238.6,303.3333333333333,294.8,264.6,301.2,307.6,285.0,207.3333333333333,42.2,29.6,64.2,81.2,76.6,67.8,65.4,67.2,77.2,22.33333333333333,0.2700520366050602,0.13717546,3.70299003322259,-0.1820356951497182,-0.1820356951497182,medium
4278,2014/2015,33,4,8,6.685659361881231,6.3203797216396564,8,2,6.345925776398375,4.720465164071399,12,10,14.648138447081777,10.24471137474344,27,18,30.364442922272264,19.494606996480584,5.8,6.4245283018867925,5.6380952380952385,6.509433962264151,11.438095238095238,12.933962264150944,24.485714285714284,22.5188679245283,1,5.238394317762107,6.649114780020096,11.88750909778222,26.62758033384082,4.769410429355655,5.922133174813311,10.69154360416896,19.6761923641299,265.4,244.8,213.2,241.0,218.2,294.6666666666667,219.2,208.6,207.4,220.2,182.2,178.3333333333333,45.6,31.0,53.8,76.6,215.2,190.4,199.6,225.6,203.4,141.0,255.0,252.8,231.6,257.8,231.2,322.3333333333333,354.2,352.0,397.8,383.8,360.8,234.6666666666667,39.2,32.2,53.4,78.4,79.0,61.2,68.4,81.4,76.4,30.33333333333333,0.2046240110607574,0.9034676,4.887012012012011,0.8786329914843156,0.8786329914843156,easy
4279,2014/2015,34,4,4,7.809762157376956,5.139944277418143,6,3,7.675174215908309,4.297161570785899,10,7,16.31241805263297,8.819756326997638,31,6,24.906622327698592,14.00871995679431,5.101890756302521,5.460385438972163,5.441176470588234,5.459314775160598,10.543067226890756,10.91970021413276,20.081932773109237,20.122055674518194,0,7.95904575856477,5.620880968271676,13.57992672683645,25.38300758326704,5.995922162966935,4.27183116086199,10.26775332382892,16.70132987868381,259.8,211.4,204.8,257.2,204.2,279.6666666666666,267.4,245.8,267.4,268.8,254.6,207.3333333333333,43.4,25.2,60.8,72.2,144.0,114.0,116.6,144.2,123.2,62.0,236.2,228.0,214.2,264.6,210.2,298.6666666666667,357.0,344.4,362.8,366.8,343.2,302.0,45.8,29.0,56.0,73.0,74.0,58.0,64.4,69.2,65.0,24.66666666666667,0.3900114372855509,0.027259758,2.5640273704789833,-0.5946860286965967,-0.5946860286965967,hard
4280,2014/2015,34,11,4,7.099567045468158,4.453237411122751,0,1,5.73343275827421,5.155011083495019,11,5,13.025782385641335,10.104955452111422,22,20,21.917813510026754,19.97048905134779,4.9600840336134455,5.1415094339622645,5.327731092436974,5.2924528301886795,10.287815126050418,10.433962264150944,19.930672268907557,19.556603773584907,0,7.001722730918615,6.866948709972878,13.86867144089151,26.25806936962586,4.441141715518053,5.802119937902328,10.24326165342038,20.04696899366719,270.0,257.6,230.0,271.8,238.0,315.6666666666666,360.4,347.8,367.0,368.4,354.6,276.6666666666666,44.4,28.8,55.6,80.4,77.8,64.2,64.4,70.8,73.0,24.0,265.2,225.8,198.2,238.0,215.0,298.3333333333334,353.0,328.2,333.4,361.0,317.4,274.3333333333333,40.2,22.4,53.8,74.4,67.8,57.6,55.6,79.4,68.2,30.66666666666667,0.696594427244582,0.06781698,1.4355555555555557,-2.0723991538492994,-2.0723991538492994,hard
4281,2014/2015,34,4,7,5.39711060514731,6.00176402924912,3,12,4.081912339570093,6.694722367839539,7,19,10.64708104857056,12.036704605326564,15,29,24.08729317845666,21.047484857715947,4.86,6.4392523364485985,4.94,6.514018691588785,9.8,12.953271028037383,19.62,22.588785046728972,0,5.829163284394101,8.51373789205047,14.34290117644457,25.41598693414701,4.371810995353916,5.599748178838087,9.971559174192002,20.15990944921646,257.2,219.2,194.8,260.6,193.4,276.6666666666666,347.0,319.4,310.8,345.6,315.0,250.3333333333333,41.8,26.4,51.6,76.0,72.4,59.4,61.2,62.6,67.4,38.0,259.6,230.4,248.2,275.6,239.6,266.3333333333334,295.4,295.6,312.6,314.8,278.8,221.3333333333333,42.4,31.6,56.8,82.4,154.6,141.0,156.2,155.6,164.2,56.0,0.1784778238632026,0.054906875,5.602936983176505,-0.15041706465947396,-0.15041706465947396,medium
4282,2014/2015,34,5,12,4.3211827649271575,5.18455919630044,0,5,2.503478157963363,5.240571642876967,5,17,6.435122172870162,10.62864789014058,14,33,12.13856828117525,24.51792710557163,6.653465346534653,5.688679245283019,6.217821782178218,6.047169811320755,12.871287128712872,11.735849056603774,21.475247524752476,25.367924528301888,1,7.17584367144304,6.338883939667904,13.51472761111095,22.90867238680979,5.126834085807142,4.324408539040096,9.45124262484723,19.74537275949056,302.4,277.0,271.0,281.4,254.2,326.6666666666667,311.0,299.2,321.4,307.4,303.2,247.0,42.2,29.4,51.4,81.0,151.0,134.4,148.2,155.4,155.8,49.33333333333333,282.8,265.2,227.6,262.0,245.6,334.6666666666666,226.4,226.0,229.6,219.4,228.4,220.3333333333333,47.4,25.0,56.0,82.8,217.6,204.8,227.2,249.8,216.8,110.3333333333333,0.4085397996837112,0.8833017,2.4477419354838705,0.8026945437445786,0.8026945437445786,easy
4283,2014/2015,34,6,4,6.554970326447804,3.9528883809177824,2,6,5.187924646937504,3.006586251143485,8,10,12.186619075488384,6.835888772427342,16,28,27.337137293007167,11.877679620892657,5.726415094339623,7.284403669724771,6.047169811320755,6.513761467889908,11.773584905660377,13.79816513761468,25.367924528301888,22.137614678899084,1,6.555281753221472,7.708177357394688,14.26345911061617,23.6927395358917,4.743815467124052,4.923295929986557,9.667111397110599,17.04032373277021,260.4,238.0,236.0,259.4,233.8,298.3333333333334,363.6,337.2,343.2,380.4,336.8,328.6666666666667,43.6,30.0,53.0,78.2,72.6,55.6,52.4,74.0,68.8,32.66666666666666,262.2,236.2,211.6,269.2,214.0,290.3333333333333,293.2,274.8,279.2,269.8,275.0,269.0,44.4,27.8,52.2,73.8,137.8,120.0,126.8,145.0,128.8,49.33333333333333,0.4437869822485207,0.9679206,2.2533333333333334,0.9423253365019534,0.9423253365019534,easy
4284,2014/2015,34,1,3,8.21909475145505,4.557970862364051,4,4,6.8196761149646346,2.7901892040452703,5,7,14.96864063731407,7.500557922012207,25,14,18.57938963052227,12.498206615785449,6.712962962962963,6.574257425742574,6.277777777777778,6.217821782178218,12.99074074074074,12.792079207920793,21.24074074074074,21.356435643564357,0,7.440268616643387,7.999402520084012,15.43967113672739,24.75388152605202,5.500946190079467,5.17485623925826,10.67580242933773,15.69684513301737,243.6,240.0,246.0,280.4,231.8,301.3333333333333,303.8,279.0,288.0,283.2,278.2,242.6666666666667,40.6,28.2,46.6,75.2,148.0,122.2,129.2,155.0,133.0,55.66666666666667,267.6,248.2,222.8,260.6,224.2,299.3333333333334,363.8,337.8,327.0,345.0,344.2,259.0,41.8,30.6,56.4,80.8,63.8,65.0,62.6,54.2,73.8,26.66666666666667,0.3494623655913978,0.4407881,2.8615384615384616,0.14038499820330913,0.14038499820330913,medium
4285,2014/2015,34,9,3,9.646975477761831,6.826358018012549,8,5,6.354529109421794,4.399942737581277,17,8,15.710541471475318,11.653075441087113,28,19,25.905535954553407,24.146051270473038,5.527837259100643,5.783018867924528,5.440042826552461,5.566037735849057,10.967880085653103,11.349056603773585,20.122055674518194,24.254716981132077,0,5.531184349187583,7.995331719680973,13.52651606886856,25.41792345183679,4.57133665807867,5.338848799247328,9.910185457325996,20.99064532152204,258.0,240.0,223.4,261.2,211.2,303.6666666666667,288.6,266.0,290.4,286.8,259.4,211.6666666666667,41.6,31.6,52.6,75.0,151.2,121.4,127.4,154.6,133.8,68.33333333333333,255.8,231.4,216.2,285.2,216.8,297.0,351.6,328.4,338.8,345.0,330.2,274.6666666666667,44.6,26.8,43.4,74.6,78.4,66.4,56.4,78.2,69.8,28.0,0.3900114372855509,0.6150662,2.5640273704789833,0.36894910357892513,0.36894910357892513,medium
4286,2014/2015,34,4,3,6.8198726621493595,4.9540117626232,6,3,4.577120154810413,5.559965442113807,10,6,11.206975706912015,10.324323208752682,23,17,23.680279104529305,14.813098903828898,6.4392523364485985,7.284403669724771,6.4672897196261685,6.532110091743119,12.906542056074766,13.81651376146789,22.476635514018692,22.03669724770642,0,8.60472388494895,7.297663904712429,15.90238778966139,29.90718617833652,3.258452041556448,2.708501579674087,5.966953621230535,16.1095583971059,293.2,256.0,231.8,271.8,239.0,303.0,295.2,264.6,299.4,296.2,285.2,207.3333333333333,41.2,29.6,64.2,81.4,76.6,67.8,65.2,67.2,77.2,22.33333333333333,258.2,235.2,209.2,256.4,216.4,297.0,365.4,347.8,367.8,361.4,354.6,283.0,43.0,27.4,52.8,77.6,62.4,53.6,63.0,72.2,58.2,24.0,0.6361646262244228,0.09764584,1.5719201583635762,-1.4801166618754231,-1.4801166618754231,hard
4287,2014/2015,34,14,6,10.385590886510938,5.012848763263515,8,8,7.701967217636204,2.800559157906801,22,14,18.438263531662507,7.411104548057246,44,25,36.65809452530634,13.947120605682379,5.783018867924528,4.79,5.660377358490566,4.92,11.443396226415095,9.71,24.50943396226415,19.27,0,5.755422955819092,6.879044959463538,12.63446791528263,30.15986615381381,5.621986163019435,6.382493165625556,12.004479328645,21.06893765411821,261.4,237.0,217.8,257.6,205.8,304.0,216.8,214.2,190.0,202.2,189.8,219.6666666666667,49.0,27.8,51.0,75.8,210.6,179.4,202.0,225.6,202.6,105.3333333333333,267.2,236.8,223.4,283.6,226.6,308.0,290.8,275.4,290.8,296.8,269.2,270.0,48.2,28.6,50.6,79.8,149.8,134.4,142.0,147.6,148.0,48.33333333333333,0.2166076105376676,0.03390661,4.61664295874822,-0.23321774710947799,-0.23321774710947799,medium
4288,2014/2015,34,4,13,4.181925551578259,7.406125134315202,4,10,2.3407349044714008,6.662944690353419,8,23,6.270519191437263,14.103365930650092,13,22,20.088155038394454,16.570467616431923,5.113207547169812,6.805555555555555,5.188679245283019,6.25,10.30188679245283,13.055555555555555,19.29245283018868,21.185185185185187,0,2.87925948925303,4.896626483183929,7.775885972436967,23.87855217511676,7.104180974932784,6.842112646773105,13.94629362170589,19.84277876369525,255.0,252.8,231.6,257.8,231.2,322.3333333333333,357.2,360.6,393.4,382.4,355.6,270.3333333333333,39.2,32.2,53.4,78.4,79.0,61.2,68.4,81.4,76.4,30.33333333333333,289.2,263.0,235.0,284.6,245.6,306.6666666666666,274.0,247.2,289.4,288.4,276.4,181.0,41.2,29.6,64.2,81.4,76.6,67.8,65.2,67.2,77.2,22.33333333333333,0.5559515324305061,0.05644011,1.7987179487179485,-1.1249029229710519,-1.1249029229710519,hard
4289,2014/2015,35,3,4,7.275678890807548,5.252283573203517,4,3,6.645483970650417,2.35893252358504,7,7,13.783283913516575,7.42785962134071,20,15,25.019427139588586,15.74603907274344,7.254545454545455,6.637254901960785,6.509090909090909,6.1568627450980395,13.763636363636364,12.794117647058824,22.19090909090909,21.401960784313726,1,5.827744502720371,2.62275934979651,8.450503852516873,19.8399680345151,7.326639275048191,6.323188082406404,13.64982735745458,18.47483051698021,282.8,265.2,227.6,262.0,245.6,334.6666666666666,357.4,342.0,399.2,393.2,364.4,263.0,47.4,25.0,56.0,82.8,77.4,73.2,65.8,74.8,76.2,33.66666666666666,251.4,230.8,190.4,230.4,198.8,297.3333333333333,202.2,204.0,209.6,228.8,181.4,170.6666666666666,45.6,31.0,53.8,76.6,215.2,190.4,199.6,225.6,203.4,141.0,0.7996572897329717,0.49733835,1.250535714285714,-1.5090089114920564,-1.5090089114920564,hard
4290,2014/2015,35,8,4,7.395091161501853,4.503267356870655,8,3,6.993130068151194,4.4381058688161925,16,7,13.711733931123614,8.626253024386505,15,28,24.212319960486745,18.292666789688326,5.446447507953341,4.851485148514851,5.435843054082713,4.920792079207921,10.882290562036054,9.772277227722773,19.987274655355243,19.574257425742573,1,9.800081243394622,8.446054548000498,18.24613579139514,25.92489288160095,5.153998738781204,3.356866415678322,8.510865154459538,14.33813958791818,265.2,225.8,198.2,238.0,215.0,298.3333333333334,211.6,208.8,198.2,206.0,192.6,211.6666666666667,40.2,22.4,53.8,74.4,209.2,177.0,190.8,234.4,193.0,93.33333333333333,257.2,219.2,194.8,260.6,193.4,276.6666666666666,211.0,200.6,194.6,198.8,189.8,195.0,41.8,26.4,51.6,76.0,208.4,178.2,177.4,209.4,192.6,93.33333333333333,0.3722005139043043,0.9865767,2.6867238562091504,0.9786184539354011,0.9786184539354011,easy
4291,2014/2015,35,2,13,7.3704557763461285,5.805110342900084,4,8,7.365947264346636,3.9648081267718966,6,21,15.054754166170781,10.4659648700476,21,19,22.335266532953312,20.049950248516723,6.444444444444445,5.091571279916754,6.564814814814815,5.446409989594171,13.00925925925926,10.537981269510924,22.64814814814815,20.184183142559828,0,4.12701266661866,5.285153266049317,9.41216593266798,18.38176187298498,6.868779538808195,5.761565560309757,12.63034509911796,22.63033769593272,252.4,228.8,196.6,267.2,201.0,290.6666666666667,293.8,276.4,281.2,266.2,278.8,278.6666666666666,44.4,27.8,52.2,73.8,137.8,120.0,126.8,145.0,128.8,49.33333333333333,284.2,261.0,257.0,294.2,247.2,330.0,311.0,299.2,321.4,307.4,303.2,247.0,47.4,28.2,58.8,77.6,151.0,134.4,148.2,155.4,155.8,49.33333333333333,0.149527200163269,0.033900727,6.68774643615408,-0.13595552018570067,-0.13595552018570067,medium
4292,2014/2015,35,7,5,5.098275726417027,5.6122197036584724,9,8,4.210970167757981,4.189137567992335,16,13,9.605599047501796,9.078333729246776,32,20,23.170345845960103,11.402426672732892,5.130841121495327,6.660550458715596,5.252336448598131,6.256880733944954,10.383177570093459,12.917431192660551,19.560747663551403,21.275229357798164,1,4.046760444289236,6.449541415311208,10.49630185960044,19.83654427196099,5.913265835359128,6.470799003418889,12.38406483877801,20.36481354940683,267.2,236.8,223.4,283.6,226.6,308.0,353.8,334.2,374.4,391.6,354.4,262.6666666666667,48.2,28.6,50.6,79.8,79.6,69.0,74.6,72.4,74.8,24.0,267.2,255.4,216.0,273.8,231.6,315.3333333333333,215.0,204.4,212.8,203.0,195.4,235.3333333333333,44.4,28.8,55.6,80.4,226.8,195.8,207.2,228.6,214.2,117.6666666666667,0.5127043318187702,0.8569653,1.9504418783679758,0.7064724644221883,0.7064724644221883,medium
4293,2014/2015,35,10,3,9.048582342185401,4.608309208689746,10,7,6.864922536653635,2.962204855258959,20,10,16.347715462194266,6.852435316272038,31,25,20.41131450895535,14.460318883892572,6.862385321100917,5.560975609756098,6.284403669724771,5.464475079533402,13.146788990825687,11.0254506892895,21.192660550458715,20.19724284199363,1,10.81541653005584,8.86825099436279,19.68366752441863,29.23483280252078,4.134730825868448,2.600065701138776,6.734796527007222,13.62442712203596,268.0,238.2,232.8,278.6,226.4,304.6666666666667,228.8,212.0,208.0,217.8,197.4,220.0,44.6,26.8,43.4,74.6,209.8,185.4,208.2,220.4,207.0,95.66666666666667,243.6,240.0,246.0,280.4,231.8,301.3333333333333,296.4,260.0,268.2,288.6,271.4,223.3333333333333,40.6,28.2,46.6,75.2,148.0,122.2,129.2,155.0,133.0,55.66666666666667,0.6745566213511834,0.9600307,1.4824552429667521,0.8771850107027577,0.8771850107027577,easy
4294,2014/2015,35,15,3,8.74300441257185,0.7272419372894258,7,3,8.803758835127377,0.4397288926048557,22,6,19.094974782010063,0.3535160311917627,39,9,33.88562513335124,7.952942413389352,5.747663551401869,5.102803738317757,6.037383177570093,5.177570093457944,11.785046728971963,10.280373831775702,25.439252336448597,19.233644859813083,0,9.802865489842358,7.820703240322725,17.62356873016508,31.71784985837522,3.018450043529961,3.054269085833585,6.072719129363548,13.92259886626296,264.2,245.6,217.6,262.8,220.4,298.0,363.8,337.8,327.0,345.0,344.2,259.0,41.8,30.6,56.4,80.8,63.8,65.0,62.6,54.2,73.8,26.66666666666667,260.4,238.0,236.0,259.4,233.8,298.3333333333334,363.6,337.2,343.2,380.4,336.8,328.6666666666667,43.6,30.0,53.0,78.2,72.6,55.6,52.4,74.0,68.8,32.66666666666666,0.4549295774647887,0.105994776,2.198142414860681,-0.6401646354786801,-0.6401646354786801,hard
4295,2014/2015,35,6,3,3.87386545641671,7.840899775091058,3,5,5.665644528694973,5.982182459641787,9,8,10.530387201667136,13.788262346516472,13,16,19.712266006827164,22.741494006609745,4.801980198019802,6.416666666666667,4.9504950495049505,6.462962962962963,9.752475247524753,12.87962962962963,19.326732673267326,22.48148148148148,1,6.669001680652793,6.957450615599727,13.62645229625252,25.5754724907931,4.176886667979885,4.677044098446213,8.853930766426098,19.50138291677781,248.8,226.4,228.8,275.6,218.6,293.0,358.0,336.2,348.8,361.8,334.6,265.3333333333334,45.8,29.0,56.0,73.0,74.0,58.0,64.4,69.2,65.0,24.66666666666667,258.0,240.0,223.4,261.2,211.2,303.6666666666667,354.8,320.8,353.8,368.2,322.6,248.3333333333333,41.6,31.6,52.6,75.0,76.2,63.2,62.0,63.4,73.6,34.33333333333334,0.335407327253053,0.9337729,2.9814494757460537,0.9003493701426617,0.9003493701426617,easy
4296,2014/2015,35,5,4,7.260897479878064,6.377305802629223,6,3,5.506619664583987,5.523629607761167,11,7,12.30792668672977,12.110868295683822,20,11,20.06491588742304,26.75418340022831,6.53921568627451,5.859813084112149,6.196078431372549,5.682242990654205,12.735294117647058,11.542056074766355,21.284313725490197,24.69158878504673,1,7.49309550193675,7.774144957729149,15.2672404596659,25.89858653606298,4.484780750447178,4.700256171556541,9.18503692200371,18.75302920406616,258.2,235.2,209.2,256.4,216.4,297.0,292.8,281.6,290.4,294.6,285.0,234.6666666666667,43.0,27.4,52.8,77.6,135.0,119.8,140.4,139.0,127.8,72.33333333333334,259.8,211.4,204.8,257.2,204.2,279.6666666666666,331.2,310.0,332.2,352.2,312.2,222.6666666666667,43.4,25.2,60.8,72.2,73.2,59.2,57.6,70.2,62.2,30.0,0.4883720930232558,0.89397573,2.047619047619048,0.7927707542072644,0.7927707542072644,easy
4297,2014/2015,35,10,9,4.393257005359353,4.784780230406158,7,5,4.853347884312388,3.558632543083225,17,14,8.562309025061065,8.183230911416961,34,23,16.743638981035907,21.930123646604486,7.245454545454545,5.728971962616822,6.5,6.009345794392523,13.745454545454546,11.738317757009346,21.990909090909092,25.2803738317757,0,4.483157376066403,4.588826936882984,9.071984312949397,20.64740235144972,7.134877204774591,7.691903331810252,14.82678053658485,21.13290486199079,251.4,230.8,190.4,230.6,198.8,297.3333333333333,202.2,204.0,209.8,228.8,182.2,170.6666666666666,45.6,31.0,53.8,76.6,210.2,193.8,212.2,230.6,197.2,153.3333333333333,302.6,277.0,271.0,282.2,254.2,326.6666666666667,310.4,299.2,321.4,307.4,303.2,241.0,42.2,29.4,51.4,81.0,152.2,134.6,148.2,156.2,155.8,49.33333333333333,0.1304347826086956,0.39947236,7.6666666666666705,0.30939320921897895,0.30939320921897895,medium
4298,2014/2015,35,14,4,8.293247072285006,7.39771346249256,9,4,6.587449325613534,4.3437538974344925,23,8,15.457513428085214,11.557146144133286,46,21,28.707619158765155,22.73941579841638,5.757009345794392,5.016649323621229,5.5607476635514015,5.277835587929239,11.317757009345794,10.294484911550468,24.205607476635514,19.95005202913631,1,5.940865886773103,6.981156361342773,12.92202224811586,28.04307386596836,5.178520392993886,4.72040215372584,9.898922546719728,16.76465016452412,282.8,265.2,227.6,263.0,245.6,334.6666666666666,365.2,348.2,397.8,392.0,376.6,243.6666666666667,47.4,25.0,56.0,82.8,77.4,73.2,65.8,74.8,76.2,33.66666666666666,255.0,252.8,232.0,257.8,231.2,322.3333333333333,355.4,349.4,393.8,403.4,360.8,226.6666666666667,39.2,32.2,53.4,78.4,79.0,61.2,68.4,81.4,76.4,30.33333333333333,0.5828476269775187,0.21557033,1.715714285714286,-0.8804391874762586,-0.8804391874762586,hard
4299,2014/2015,36,20,4,7.095965375266717,3.7080822015263215,5,3,7.001538213673495,3.513873913753657,25,7,14.233089171120717,6.876798226943835,28,9,25.80957067557246,11.059951615857265,5.164948453608248,6.524271844660194,5.4701030927835035,6.194174757281553,10.635051546391752,12.718446601941748,20.173195876288652,21.271844660194176,0,8.42601189406531,7.158889142418902,15.5849010364842,25.34762144455931,5.006117472449612,4.614761332248611,9.620878804698227,20.08852496259797,182.6,166.6,135.8,189.6,136.8,228.6666666666667,357.2,334.2,339.2,342.4,336.0,346.6666666666666,41.8,28.0,49.0,69.2,137.8,120.0,126.8,145.0,129.2,49.33333333333333,263.0,227.2,197.8,238.8,213.6,300.6666666666667,211.8,210.2,198.8,205.8,192.2,211.6666666666667,40.2,22.4,53.8,74.4,209.2,177.0,191.2,234.4,193.4,93.33333333333333,0.4645476772616137,0.046095997,2.1526315789473682,-0.7814919764864936,-0.7814919764864936,hard
4300,2014/2015,36,6,3,7.734010668297709,5.8258956592547175,7,3,7.834566551776486,3.522433446723518,13,6,15.141170262405941,9.394546452067816,30,19,26.669065229717248,21.478705740110353,7.216216216216216,5.833333333333333,6.486486486486487,5.592592592592593,13.702702702702704,11.425925925925926,22.17117117117117,24.40740740740741,1,7.918837115984871,6.053912931846439,13.97275004783132,26.18604339382946,4.030548674543804,5.000368570025643,9.030917244569451,18.6085583394345,257.2,219.2,194.8,259.4,193.6,279.0,265.8,236.2,244.6,288.0,234.6,206.3333333333333,41.8,26.4,51.6,76.0,140.8,124.4,118.2,140.2,129.2,76.0,259.8,212.0,208.8,257.2,206.2,281.3333333333333,331.6,306.4,317.6,351.8,318.6,234.0,43.4,25.2,60.8,72.2,73.2,59.2,57.6,70.2,62.2,30.0,0.5434782608695653,0.9478993,1.8399999999999996,0.8858746176674253,0.8858746176674253,easy
4301,2014/2015,36,4,5,5.540658573869541,7.97601822011598,3,10,4.583492025349229,6.092574572571517,7,15,9.924462375254372,14.313622076971136,15,19,18.826466043585995,17.236780332630264,5.470588235294118,6.890909090909091,5.460084033613444,6.318181818181818,10.930672268907562,13.209090909090909,19.94012605042016,21.28181818181818,0,6.524508177060453,7.475420694627154,13.99992887168763,19.25343094099755,5.700397501441061,6.621819870636624,12.32221737207768,19.53037116471796,267.2,236.8,223.4,283.6,226.6,308.0,357.0,330.8,381.2,387.8,356.6,263.0,48.2,28.6,50.6,79.2,77.2,71.2,73.4,58.6,73.6,26.33333333333333,272.0,240.6,225.2,274.6,226.8,290.3333333333333,354.6,335.2,353.4,366.8,343.2,258.6666666666667,43.0,27.4,52.8,77.6,72.6,66.2,77.4,66.8,69.6,48.33333333333334,0.6756756756756758,0.5550217,1.4799999999999998,-0.37201641499996235,-0.37201641499996235,medium
4302,2014/2015,36,5,7,3.7393698108647095,7.443328640596939,5,4,3.2102131740784046,6.8621879464338535,10,11,7.0954211400749445,14.44983510800401,38,19,18.91356583484073,25.731570765912743,4.8431372549019605,5.833333333333333,4.901960784313726,6.046296296296297,9.745098039215685,11.87962962962963,19.65686274509804,25.564814814814813,0,5.286306946285745,6.43326909463549,11.71957604092124,19.98770963830482,5.983481787907432,5.750949675930906,11.73443146383833,19.32827373038243,248.8,228.0,228.8,275.6,218.6,293.0,279.4,267.0,276.0,277.4,260.2,206.0,45.8,29.0,56.0,73.0,149.8,119.0,117.2,141.4,135.0,47.33333333333334,268.4,246.0,217.6,264.0,224.4,299.3333333333333,362.4,342.4,356.8,339.4,345.2,269.3333333333333,41.8,30.6,56.4,80.6,63.8,65.0,62.6,54.2,73.8,26.66666666666667,0.3835538212620158,0.00346757,2.607196029776675,-0.6165765451097115,-0.6165765451097115,hard
4303,2014/2015,36,14,4,9.69600062127468,4.52289536144845,9,4,4.90351600461461,4.129841476079736,23,8,14.658383274070886,8.955825881800969,37,10,25.036658485562725,17.23231063704523,6.611650485436893,4.813725490196078,6.12621359223301,4.931372549019608,12.737864077669903,9.745098039215685,21.339805825242717,19.264705882352942,0,8.33788167368305,8.260789967132027,16.59867164081508,27.21565342538369,3.603483972048978,4.434816967986448,8.038300940035416,16.41304897544446,289.2,263.0,235.0,284.6,245.6,306.6666666666666,274.0,247.8,289.4,288.4,276.4,184.3333333333333,41.2,29.6,64.2,81.4,76.6,67.8,65.2,67.2,77.2,22.33333333333333,269.0,238.2,232.8,278.6,226.4,304.6666666666667,228.8,212.0,208.0,217.8,197.4,220.0,44.6,26.8,43.4,74.6,209.8,185.4,208.2,220.4,207.0,95.66666666666667,0.4430379746835444,0.3431166,2.2571428571428567,-0.17940424247221531,-0.17940424247221531,medium
4304,2014/2015,36,13,2,8.459327787745913,5.518683384057882,7,4,8.062467559575552,2.6474567056224227,20,6,17.055781576324698,8.34117789722062,35,18,29.413650858403244,17.201159173558704,6.4036697247706424,5.007216494845361,6.541284403669724,5.265979381443297,12.944954128440367,10.273195876288659,22.63302752293578,19.959793814432985,0,5.372190980250564,7.889888220160284,13.26207920041085,23.86308963389934,5.183354601717284,4.841495408580507,10.0248500102978,19.35479808117588,261.6,235.6,219.4,273.4,210.2,299.3333333333334,343.8,331.0,349.8,371.2,339.8,222.0,49.0,27.8,51.0,75.8,78.4,59.0,66.6,78.8,67.2,44.33333333333334,233.2,228.6,228.0,266.8,225.6,302.3333333333333,372.6,332.2,333.8,353.0,336.0,286.0,40.6,28.2,46.6,75.2,74.4,61.6,56.0,70.6,62.0,25.0,0.5115089514066496,0.067644104,1.9549999999999998,-0.9086447759916647,-0.9086447759916647,hard
4305,2014/2015,36,3,5,4.438194665261021,5.475724036182813,4,5,5.632821090264265,4.894060492309389,7,10,10.690570885515033,10.277587364335902,16,27,23.171288004970982,16.910219660090533,5.148148148148148,6.385321100917431,5.287037037037037,6.4495412844036695,10.435185185185185,12.8348623853211,19.675925925925927,22.422018348623855,1,2.941652914793836,5.64246079486443,8.584113709658276,16.13795659626835,5.870946997907949,6.86787903951141,12.73882603741935,23.44386512668718,253.6,246.8,237.8,273.6,229.0,300.6666666666666,364.6,346.4,379.6,409.2,347.2,244.6666666666667,39.2,32.2,53.4,78.4,79.0,61.2,68.4,81.4,76.4,30.33333333333333,182.6,166.6,135.8,189.6,136.8,228.6666666666667,359.8,334.2,339.2,342.4,337.4,346.6666666666666,41.8,28.0,49.0,69.2,144.0,122.0,142.4,160.2,138.6,55.33333333333333,0.696594427244582,0.96439815,1.4355555555555557,0.8826591944207951,0.8826591944207951,easy
4306,2014/2015,36,9,4,6.79514586310556,4.002107103185615,6,5,6.356085833018135,3.2408543291171292,15,9,13.37890791416353,7.4022761532686205,24,23,27.611729478271222,17.986794556526412,5.7592592592592595,5.536764705882353,6.0,5.478991596638654,11.75925925925926,11.015756302521007,25.25925925925926,20.242647058823522,1,9.81901664762314,9.30843110678662,19.12744775440977,28.5923387237255,4.784832306231606,3.854439724041016,8.639272030272627,14.48393910450385,259.8,212.0,208.8,257.2,206.2,281.3333333333333,331.4,299.2,321.6,362.2,317.2,217.0,43.4,25.2,60.8,72.2,73.2,59.2,57.6,70.2,62.2,30.0,271.8,240.6,224.6,258.8,213.0,296.6666666666667,204.8,208.0,214.2,218.2,206.4,166.0,49.0,27.8,51.0,75.8,215.0,193.6,196.6,213.0,197.0,137.6666666666667,0.3495811119573496,0.8780075,2.860566448801743,0.8124400587355505,0.8124400587355505,easy
4307,2014/2015,36,5,3,9.24503941265227,3.2148736270655083,9,3,8.898706087701296,2.818227630816377,14,6,18.660250136030008,6.055198633214486,32,12,27.88041848374398,13.393875527613824,6.6454545454545455,5.083333333333333,6.2727272727272725,5.157407407407407,12.918181818181818,10.24074074074074,21.263636363636362,19.13888888888889,0,10.54243363986287,9.492854124355546,20.03528776421842,30.69634433400811,2.244254832207925,3.367475665222989,5.611730497430909,12.39473197265763,258.0,225.8,198.2,218.4,216.8,297.6666666666667,211.8,210.2,198.8,205.8,192.2,211.6666666666667,40.2,22.4,53.8,74.4,209.2,176.6,191.2,234.4,193.4,93.33333333333333,282.8,265.2,227.6,263.0,245.6,334.6666666666666,357.0,342.0,399.0,393.4,364.0,263.0,47.4,25.0,57.0,82.8,78.0,67.0,65.2,79.8,74.6,22.66666666666667,0.1150449920107644,0.798702,8.692251461988308,0.7725330704826145,0.7725330704826145,easy
4308,2014/2015,36,11,6,7.5050588374804175,7.554081673514583,3,3,5.489963399738998,5.271447701922376,14,9,13.178548311676618,12.67135918721847,35,29,31.618895611638273,20.240502298031707,5.842592592592593,7.27027027027027,5.657407407407407,6.504504504504505,11.5,13.774774774774775,24.564814814814813,22.0990990990991,1,6.581118376240535,7.255165795620588,13.83628417186111,33.29783415170318,4.126643382414716,4.842580789547,8.969224171961715,17.84444063332537,288.8,267.2,238.2,278.2,253.0,318.3333333333333,369.4,352.4,358.8,350.4,348.4,317.3333333333334,44.4,28.8,55.6,80.4,77.8,64.2,64.4,70.8,73.0,24.0,265.4,242.2,216.2,241.0,210.4,306.3333333333333,202.0,202.2,212.4,225.0,190.4,179.6666666666666,45.6,31.0,53.8,76.6,224.0,188.2,203.0,227.0,213.6,107.6666666666667,0.6074766355140188,0.89685386,1.646153846153846,0.7372229397296904,0.7372229397296904,easy
4309,2014/2015,37,6,5,6.858491402470985,8.532880509950076,1,5,5.090713522403893,5.334773374852595,7,10,11.357826293302605,14.663739931505521,27,28,26.827977543824776,26.442933516352262,4.9795709908069465,5.889908256880734,5.254341164453522,5.63302752293578,10.23391215526047,11.522935779816514,19.94177732379979,24.660550458715598,0,6.425463607697445,7.130559005249111,13.55602261294656,25.62792949254209,4.632457392894845,5.866200700182375,10.49865809307722,23.06286769443133,266.0,253.6,242.0,269.6,249.2,328.0,363.4,351.6,382.4,374.4,366.0,263.6666666666666,42.2,29.4,51.4,81.0,75.0,67.4,78.8,87.6,79.2,23.33333333333333,280.2,252.6,231.0,246.8,231.6,303.6666666666667,275.0,247.8,289.0,288.4,276.8,184.3333333333333,41.2,29.6,64.2,81.0,77.8,70.8,70.2,74.8,76.8,36.33333333333334,0.6727152024784244,0.3901019,1.4865131578947368,-0.8635087696743464,-0.8635087696743464,hard
4310,2014/2015,37,8,5,10.010669831803177,2.974851746402414,8,7,9.049605427837477,3.084370010696613,16,12,19.5172391526857,6.019627394035789,16,17,21.86227682193234,21.32835308109317,6.873873873873874,4.844660194174757,6.351351351351352,4.902912621359223,13.225225225225225,9.74757281553398,21.26126126126126,19.83495145631068,0,6.124125527506932,7.671155083396311,13.79528061090325,19.28418216722857,7.321447283708905,5.317863443800315,12.63931072750922,20.40161487400705,259.8,238.0,238.2,265.4,237.6,297.6666666666667,353.0,327.6,329.8,377.4,315.4,284.6666666666667,43.6,30.0,53.0,78.2,75.0,59.8,67.6,76.0,74.8,25.0,257.2,219.2,194.8,259.4,193.6,279.0,335.4,321.2,327.6,357.0,317.6,287.6666666666667,41.8,26.4,52.8,76.0,72.8,61.0,61.2,62.8,67.4,39.0,0.4334975369458128,0.12796551,2.306818181818182,-0.5393304477567257,-0.5393304477567257,hard
4311,2014/2015,37,7,4,7.293542451182285,6.829382260235686,6,2,4.856928436600402,4.398308516236927,13,6,12.21116842121844,12.837804418941879,23,19,24.547463982518384,17.926666003002936,5.844036697247707,5.301327885597549,6.027522935779817,5.465781409601632,11.871559633027523,10.767109295199182,25.504587155963304,20.245148110316645,0,7.589697895880684,4.705704504656627,12.29540240053733,23.41067277755873,5.703886859415376,4.422813472956864,10.12670033237223,18.02059442677671,244.0,225.4,199.6,243.0,208.4,295.0,298.0,280.8,259.0,281.6,259.6,298.0,43.2,29.0,52.0,73.0,147.6,126.6,123.2,129.0,131.8,56.0,277.4,251.8,231.2,276.6,234.2,319.6666666666667,228.6,221.8,226.2,214.8,215.4,203.6666666666667,48.2,28.6,51.6,79.2,217.6,189.2,220.0,237.2,211.2,117.3333333333333,0.161849710982659,0.03807394,6.178571428571427,-0.14767729755619483,-0.14767729755619483,medium
4312,2014/2015,37,3,17,6.987762479986012,4.197531971451857,3,6,5.622029641953798,6.1069424864562585,6,23,12.794655038822128,9.452519023931334,22,27,24.45535453858377,19.271844720369774,5.5223725286160255,6.63063063063063,5.474505723204993,6.297297297297297,10.996878251821018,12.927927927927929,20.268470343392295,21.36036036036036,1,4.16902467515904,7.342970231388655,11.5119949065477,23.29676913562129,5.398234021142698,5.761876933851536,11.16011095499424,21.4681201501383,269.0,238.2,232.8,278.6,226.4,304.6666666666667,210.8,204.6,197.0,212.6,191.8,219.6666666666667,44.6,26.8,44.8,74.6,224.4,193.0,193.8,214.4,211.0,90.00000000000001,238.2,231.4,214.2,264.6,210.2,298.6666666666667,213.0,204.8,214.6,200.6,199.6,182.6666666666667,45.8,29.0,56.0,73.0,216.2,181.2,177.8,218.2,195.6,70.66666666666667,0.6185111552904793,0.91276294,1.6167857142857145,0.7713247417851411,0.7713247417851411,easy
4313,2014/2015,37,9,4,5.334692618757245,3.9945001444091552,3,4,4.847724079109083,4.303203426691736,12,8,9.557233170763581,7.566841146274362,19,28,21.455610156068538,17.355721054757193,6.372727272727273,7.205357142857143,6.4363636363636365,6.491071428571429,12.809090909090909,13.696428571428571,22.463636363636365,22.241071428571427,1,4.773558873146244,6.193077723665683,10.96663659681191,22.77446440460132,5.732736341489026,6.115699786732889,11.84843612822191,22.20841306871949,267.6,248.6,222.8,261.8,224.2,300.6666666666667,351.6,339.4,324.6,358.0,344.2,237.6666666666667,41.8,30.6,56.4,80.6,63.8,65.0,62.6,54.2,73.8,26.66666666666667,258.0,240.0,223.2,261.0,209.8,304.3333333333334,333.4,312.0,349.8,375.4,320.6,239.3333333333333,41.6,31.6,52.6,75.0,85.4,66.6,63.8,73.2,70.6,31.66666666666667,0.3900114372855509,0.9131497,2.5640273704789833,0.8576198131591082,0.8576198131591082,easy
4314,2014/2015,37,7,4,7.227317784444862,6.098590128276718,4,5,5.495908077507841,4.971641597449561,11,9,13.464191259075818,10.740433172577967,18,30,20.152358218408075,24.054736508625403,4.805825242718447,5.128440366972477,4.922330097087379,5.275229357798165,9.728155339805825,10.403669724770642,19.174757281553397,19.642201834862384,0,8.319993847166469,9.561965599403301,17.88195944656977,28.44418151464572,4.611825757992295,3.605024024190014,8.216849782182306,16.72534421948886,258.2,235.2,209.2,256.4,216.4,297.0,363.4,347.8,367.8,360.4,354.6,283.0,43.0,31.8,50.2,71.6,62.6,55.4,63.0,72.2,58.6,24.0,273.0,252.2,264.0,288.2,251.6,282.6666666666667,335.6,337.4,386.0,399.4,332.6,227.6666666666667,42.4,31.6,56.8,82.4,75.0,69.4,82.2,74.8,84.8,25.33333333333333,0.1958041958041958,0.03455057,5.107142857142857,-0.20051538367634236,-0.20051538367634236,medium
4316,2014/2015,37,2,4,6.327582667512612,5.833889368978651,7,8,5.805808538156175,5.050087927490517,9,12,12.637371867879342,11.201924336291574,22,34,21.59487888902043,24.80462070497905,7.258928571428571,6.463636363636364,6.473214285714286,6.545454545454546,13.732142857142858,13.00909090909091,22.160714285714285,22.745454545454546,1,5.504099249438337,6.712835047652288,12.21693429709063,22.72477746185891,5.680582726395266,6.867896593524356,12.54847931991962,19.76407794324498,255.0,226.8,220.8,255.8,221.0,283.3333333333333,335.0,301.6,325.0,352.2,314.4,220.0,43.4,25.2,60.8,72.2,69.6,56.8,54.2,80.2,65.0,27.0,288.8,267.2,238.2,278.2,253.0,318.3333333333333,372.6,359.2,363.8,356.2,356.8,293.6666666666667,44.4,28.8,55.6,80.4,77.8,64.2,64.4,70.8,73.0,24.0,0.205664194200944,0.9421097,4.862295081967214,0.9271211299305253,0.9271211299305253,easy
4318,2014/2015,37,7,8,7.63687975584183,7.329598839305848,5,9,5.433100487951137,4.513691921995347,12,17,13.026811961042853,11.910277382032593,28,19,29.6573078726042,21.776507544529693,5.807339449541284,6.6826923076923075,5.568807339449541,6.153846153846154,11.376146788990825,12.836538461538462,24.357798165137616,21.490384615384617,0,6.019818643679427,5.245171664506534,11.26499030818596,25.37738471054835,5.944143859883753,5.419328145997973,11.36347200588174,19.89130560733852,267.2,236.8,223.4,283.6,226.6,308.0,216.8,217.8,219.6,219.2,203.4,200.3333333333333,48.2,28.6,51.6,79.2,217.6,189.2,220.0,237.2,211.2,117.3333333333333,179.0,156.0,135.6,194.8,138.0,217.0,361.2,334.6,351.8,343.6,340.2,326.6666666666667,46.2,31.2,46.8,67.0,144.0,122.0,142.4,160.2,138.6,55.33333333333333,0.674237047551455,0.020835042,1.483157894736842,-2.005759097651979,-2.005759097651979,hard
4320,2014/2015,38,7,4,7.975054630454309,3.788296325365674,10,2,7.262176230352036,2.041965665157444,17,6,15.344831927046734,5.140407460046395,34,12,30.318721767370057,17.30600336914011,7.176991150442478,4.988866396761134,6.469026548672566,5.215587044534411,13.646017699115044,10.204453441295545,22.292035398230087,20.00607287449392,0,5.523546458229709,5.390361019464281,10.91390747769401,25.09205142804291,5.002983553705529,6.033362972774849,11.03634652648037,18.89238936077895,256.2,244.0,256.0,291.6,235.4,281.0,350.8,340.2,372.4,383.0,345.6,247.6666666666667,42.4,31.6,56.8,82.4,75.0,69.4,82.2,74.8,84.8,25.33333333333333,282.4,267.2,236.4,260.2,249.2,336.0,357.0,342.0,399.0,393.4,364.0,263.0,47.4,25.0,57.0,82.8,78.6,73.8,75.6,64.8,79.4,27.66666666666667,0.3387533875338753,0.42690066,2.9520000000000004,0.1333046638574757,0.1333046638574757,medium
4321,2014/2015,38,12,9,9.933024530990071,3.804714381284703,7,6,6.772683664728675,5.208264795072412,19,15,16.78178431916785,8.580021784948537,42,7,27.34919327490124,16.427177624045914,5.45681581685744,4.826923076923077,5.43704474505723,4.913461538461538,10.893860561914671,9.740384615384615,19.893860561914668,19.16346153846154,1,8.352676084518938,8.741084704811461,17.09376078933041,26.79496364947486,3.7695728789045,3.33700179128317,7.106574670187666,13.894259640768,254.4,236.8,217.6,256.6,214.6,293.3333333333333,377.2,334.8,326.6,343.4,337.6,286.3333333333334,40.6,28.2,46.6,75.2,74.4,61.6,56.0,70.6,62.0,25.0,285.0,255.8,234.8,258.0,243.8,299.6666666666667,276.6,264.0,266.6,283.8,243.0,207.0,45.6,31.0,53.8,76.6,156.0,126.8,126.0,146.0,146.8,61.00000000000001,0.4111321948134092,0.86310536,2.4323076923076927,0.7675290751149908,0.7675290751149908,easy
4323,2014/2015,38,3,10,7.563757717948835,5.905106864562999,9,4,4.308669963333264,4.936444042646375,12,14,12.32896500650449,10.522861477343328,16,11,24.099196672516822,20.626712576605467,6.695238095238095,7.212389380530974,6.180952380952381,6.477876106194691,12.876190476190477,13.690265486725664,21.466666666666665,22.15929203539823,0,9.524133092228663,9.958091119732597,19.48222421196125,29.12096644366441,2.794519886258325,2.278124453499417,5.072644339757737,14.79738383138599,269.0,240.8,233.2,279.0,226.4,307.3333333333333,210.8,206.8,197.6,212.8,191.8,220.0,44.6,26.8,44.8,74.6,209.8,185.4,208.2,220.4,207.0,95.66666666666667,267.6,248.6,222.8,261.8,224.2,300.6666666666667,362.0,345.4,338.4,349.4,336.0,287.6666666666667,41.8,30.6,56.4,80.6,63.8,65.0,62.6,54.2,73.8,26.66666666666667,0.5925925925925927,0.038367603,1.6874999999999998,-1.360370391133157,-1.360370391133157,hard
4324,2014/2015,38,8,4,4.659729979439913,6.385165285196076,5,3,5.035349622981505,3.7830478449117164,13,7,9.221814048855265,10.461326490445412,27,7,24.2483538879353,22.635649079085635,6.441441441441442,5.8545454545454545,6.558558558558558,6.027272727272727,13.0,11.881818181818181,22.846846846846848,25.48181818181818,0,2.274771031895305,4.833316551404547,7.10808758329985,16.57897461370025,6.854355365608085,6.154857150028227,13.00921251563632,21.93641139993527,238.2,231.4,214.2,264.6,210.2,298.6666666666667,358.0,336.2,348.0,361.8,334.6,265.3333333333334,45.8,29.0,56.0,73.0,75.8,61.0,52.8,72.2,70.0,22.66666666666667,260.4,256.6,246.4,258.8,237.6,314.0,359.8,350.4,379.6,392.2,353.8,252.3333333333333,39.2,32.2,53.4,78.4,79.0,61.2,68.4,81.4,76.4,30.33333333333333,0.1777285138825056,0.021332273,5.626559172497719,-0.19020025006148025,-0.19020025006148025,medium
4325,2014/2015,38,3,6,6.909473778222458,5.831790438036844,9,8,6.654796671314408,4.4147216606020265,12,14,14.13331317980558,9.740527586566749,23,22,29.304345080359283,19.151205665261926,5.118181818181818,5.4989690721649485,5.2727272727272725,5.451546391752576,10.39090909090909,10.950515463917524,19.736363636363638,20.284536082474222,1,5.929988666266649,8.325703792809975,14.25569245907663,23.0186216392214,5.802014473752403,6.1607084842181,11.9627229579705,20.68250301362604,258.0,240.0,223.2,261.0,209.8,303.3333333333334,357.4,315.0,360.2,363.2,334.2,235.6666666666667,41.6,31.6,52.6,75.0,85.4,66.6,63.8,73.2,70.6,31.66666666666667,257.2,219.2,194.8,259.4,193.6,279.0,338.2,296.8,303.8,359.2,302.0,202.6666666666667,41.8,26.4,52.8,76.0,72.8,61.0,61.2,62.8,68.2,39.0,0.5021812893843917,0.9409369,1.9913127413127414,0.8813562533639538,0.8813562533639538,easy
4326,2014/2015,38,7,8,5.837311026644736,3.453285240556131,8,6,4.6611732381595665,3.5706193462517923,15,14,11.09071190855402,7.386273167794659,19,22,21.00930621481802,20.094174630121785,5.7889908256880735,6.396396396396397,6.0,6.405405405405405,11.788990825688073,12.801801801801801,25.24770642201835,22.43243243243243,1,7.204124540406673,7.855295929976517,15.0594204703832,25.10441997653948,4.289242563660195,5.042056463781504,9.331299027441696,17.23499405420335,297.6,270.0,247.0,266.8,244.2,305.0,275.0,250.4,289.0,288.6,276.8,186.6666666666667,41.2,29.6,64.2,81.0,76.6,67.8,65.2,67.2,77.2,22.33333333333333,259.6,238.0,238.2,265.4,237.6,296.6666666666667,353.0,327.6,329.8,377.4,315.4,284.6666666666667,43.6,30.0,53.0,78.2,57.0,47.4,61.8,77.0,60.2,24.0,0.5559515324305061,0.97158843,1.7987179487179485,0.9360169682227206,0.9360169682227206,easy
4327,2014/2015,38,4,1,9.04054222079649,5.294816481058168,10,3,8.334388761916053,3.78617991264327,14,4,17.467912359972992,9.106755428276452,31,22,27.12432086315874,19.875061809094607,6.723214285714286,5.818181818181818,6.294642857142857,5.5636363636363635,13.017857142857142,11.381818181818181,21.410714285714285,24.39090909090909,1,6.586433268506275,7.560920420562402,14.14735368906869,24.01150479923176,4.596537540391243,5.524614362297022,10.12115190268826,20.60264560867077,258.2,235.2,209.2,256.4,216.4,297.0,363.4,347.8,367.8,360.4,354.6,283.0,43.0,27.4,52.8,77.6,62.6,55.4,63.0,72.2,58.6,24.0,255.2,223.2,201.0,244.0,216.4,298.0,356.4,325.6,330.4,362.8,324.6,243.0,40.2,22.4,53.8,74.4,67.8,57.2,55.6,79.4,68.2,30.66666666666667,0.5115089514066496,0.9104861,1.9549999999999998,0.8167542718467912,0.8167542718467912,easy
4328,2014/2015,38,5,8,6.430019829671841,8.02448755445992,4,6,5.288234046057507,5.055462435872572,9,14,11.886691538288567,13.01082432456441,12,20,29.388698445997218,17.572175796501472,5.881818181818182,6.883928571428571,5.627272727272727,6.366071428571429,11.50909090909091,13.25,24.69090909090909,21.214285714285715,1,5.118406304097039,5.731657097898318,10.85006340199537,27.69197217897552,6.230446495202998,6.648348302746162,12.87879479794915,18.37344550929416,271.8,240.6,224.6,258.8,213.0,296.6666666666667,274.8,284.4,286.0,281.0,273.2,236.3333333333333,49.0,27.8,51.0,75.8,145.0,117.2,124.8,150.2,130.2,67.33333333333334,284.4,261.0,257.0,295.0,247.2,330.0,373.6,351.4,385.4,404.4,365.2,231.0,42.2,29.4,51.4,81.0,77.4,67.2,69.4,68.6,76.6,26.0,0.1506479481641469,0.088141896,6.637992831541218,-0.07359262726353147,-0.07359262726353147,medium
4390,2015/2016,1,5,4,6.3443611153742,5.952512222076466,8,2,4.1187798859170215,5.710124177279148,13,6,10.083958915587008,11.884723179839334,25,18,22.368987548384254,24.644119380274354,5.578866768759571,6.723684210526316,5.523736600306279,6.078947368421052,11.10260336906585,12.802631578947368,21.306278713629403,21.907894736842106,0,4.490360784046345,5.819763981737783,10.31012476578413,23.40050402941517,7.243645980288906,6.712511771796692,13.95615775208559,19.18077391923445,248.0,208.8,212.2,254.0,197.2,274.6666666666667,276.0,247.0,258.2,284.0,246.0,211.0,47.6,30.2,47.6,73.6,132.4,108.2,115.0,159.4,122.8,49.0,285.6,262.6,246.8,286.4,258.0,290.6666666666666,211.4,203.0,203.6,217.2,178.0,203.0,45.6,31.0,53.8,75.6,209.8,182.4,205.2,234.2,209.4,83.66666666666667,0.4864864864864865,0.011582837,2.0555555555555554,-0.9248123559610626,-0.9248123559610626,hard
4391,2015/2016,1,7,13,7.883116597081118,4.984484867621838,4,2,4.8698815886916105,5.455015574399805,11,15,12.30306288850652,10.293198465133246,14,18,20.230862043059503,16.208996791045784,5.841121495327101,5.5,5.406542056074765,5.0606060606060606,11.247663551401867,10.56060606060606,20.359813084112147,19.893939393939394,0,9.300577720291098,7.734501776162181,17.0350794964533,21.36944556467803,4.45439736219824,4.664058040300988,9.118455402499226,15.57197732188648,283.0,266.4,228.0,263.2,245.8,337.3333333333333,360.6,340.8,400.8,394.0,364.8,265.0,47.4,25.0,57.0,82.8,77.6,73.8,65.8,74.8,76.2,33.66666666666666,253.2,229.8,209.2,267.6,205.2,299.3333333333333,375.0,330.6,371.2,361.6,345.2,263.6666666666667,41.6,31.6,52.6,76.4,76.2,63.2,61.6,63.4,73.4,34.33333333333334,0.7165190203230849,0.40804043,1.3956363636363638,-1.0881809704005712,-1.0881809704005712,hard
4392,2015/2016,1,4,6,7.566958714871817,5.878278398962973,5,3,6.140083344758555,4.532630685676705,9,9,14.415729207939341,10.218708436271868,31,13,21.67910962715159,19.85822232715542,5.779411764705882,5.578866768759571,5.161764705882353,5.523736600306279,10.941176470588236,11.10260336906585,20.33823529411765,21.306278713629403,0,7.15102218719804,5.539101550705622,12.69012373790368,21.59168640193707,5.405344534052422,4.845905735412906,10.25125026946532,17.73132883647906,264.6,235.2,209.4,278.6,225.6,298.6666666666667,361.8,340.2,368.2,358.2,350.8,314.0,44.4,28.8,55.6,78.6,78.6,65.0,67.8,70.2,73.2,25.0,268.4,222.8,216.0,262.0,213.2,292.3333333333333,368.4,321.8,336.2,375.6,324.6,301.3333333333333,45.8,30.8,56.8,72.0,77.4,60.2,57.2,70.2,60.2,25.66666666666667,0.5730697301629708,0.054528024,1.7449883449883452,-1.214581765910524,-1.214581765910524,hard
4393,2015/2016,1,8,5,8.736329950128283,5.638250576495013,9,4,7.478457781955499,4.709465596730471,17,9,16.578903668832627,10.985253781490547,22,13,35.86646680347366,13.15907859785154,5.148648648648648,5.126760563380282,5.081081081081081,5.0,10.22972972972973,10.126760563380282,20.743243243243242,18.661971830985916,1,6.048885950398743,7.51732940606886,13.56621535646759,21.60406252993213,5.071963380667356,5.388502363974931,10.46046574464228,15.87240092271502,197.4,162.2,139.6,171.0,145.4,216.3333333333333,333.0,295.6,323.0,368.2,309.8,232.0,41.8,26.4,52.8,75.6,144.6,128.6,119.8,160.6,135.6,72.66666666666666,271.0,233.4,206.4,268.2,212.0,293.3333333333333,224.6,209.6,210.4,207.2,207.2,210.3333333333333,41.4,31.0,42.6,73.8,220.4,181.8,211.6,241.8,213.4,88.66666666666667,0.4981346656367611,0.8833641,2.0074892774661826,0.7675951881290329,0.7675951881290329,easy
4394,2015/2016,1,6,6,7.295026623878391,4.152090805026714,4,2,5.213793570627255,3.058678873749604,10,8,12.756271523285474,6.983284666859066,9,13,27.372050790014875,15.08364423065785,5.797297297297297,6.815789473684211,5.716216216216216,6.0131578947368425,11.513513513513514,12.828947368421053,25.72972972972973,21.407894736842106,1,8.85718751513718,6.689069864870929,15.54625738000812,24.95877632047595,3.492519450784579,4.318242754292426,7.810762205077,15.70892355742847,261.6,253.2,245.0,292.0,230.8,309.6666666666666,359.2,335.2,389.8,384.2,350.4,235.6666666666667,44.6,25.4,52.0,74.8,85.4,75.4,83.6,78.2,82.6,40.0,299.6,271.2,268.4,286.6,251.2,312.0,292.8,270.4,291.0,283.4,265.8,238.3333333333333,46.4,27.8,63.4,78.6,75.8,67.2,71.4,73.4,73.8,38.33333333333334,0.5925925925925927,0.98740923,1.6874999999999998,0.9690953926606611,0.9690953926606611,easy
4395,2015/2016,1,4,5,5.409065522276854,4.295448639057716,3,8,6.513847566901605,4.263509566466342,7,13,11.840067811344934,8.338336926043267,23,17,20.292375061053747,18.27883205280058,7.226666666666667,5.851351351351352,6.626666666666667,5.878378378378378,13.853333333333333,11.72972972972973,19.066666666666666,22.41891891891892,0,6.483011457166177,5.804947781262302,12.28795923842848,24.89214073426552,4.308583037193347,4.308488200906415,8.61707123809975,16.58240531466967,285.0,242.8,244.4,283.4,238.8,299.6666666666667,359.0,335.6,341.6,385.2,315.6,301.3333333333334,43.6,30.0,53.0,77.2,74.6,61.8,67.6,76.0,74.0,25.0,247.8,235.8,224.0,281.8,215.2,290.6666666666666,366.2,324.4,353.4,388.6,346.4,234.3333333333333,42.4,27.4,42.8,77.6,77.4,60.2,59.0,58.0,70.6,29.66666666666667,0.3402061855670103,0.076079555,2.9393939393939394,-0.4003169285133481,-0.4003169285133481,medium
4396,2015/2016,1,7,6,6.849593245108497,5.493898044579881,8,1,6.803836804216431,4.555173942498322,15,7,12.9556602839628,10.624969138273642,19,22,24.235314869605716,23.72565734145205,5.578866768759571,5.1,5.523736600306279,5.0,11.10260336906585,10.1,21.306278713629403,19.785714285714285,0,5.824847940164983,5.967089653933189,11.79193759409818,25.82253275795868,4.611801277250507,4.405593916028348,9.017395193278842,18.39090133918314,276.0,244.4,234.4,280.8,236.6,263.6666666666667,361.0,340.4,344.8,362.6,333.2,298.0,47.2,27.2,50.8,75.2,69.4,52.0,58.4,75.0,63.0,24.66666666666667,268.4,238.0,217.8,248.8,216.2,300.3333333333334,351.0,337.0,358.4,374.8,322.4,271.3333333333333,43.2,29.0,52.0,73.0,71.0,66.0,54.6,64.6,66.2,24.33333333333333,0.3812824956672444,0.0795019,2.622727272727272,-0.48775185415056926,-0.48775185415056926,medium
4397,2015/2016,1,5,8,5.874569720584645,8.106371803109232,2,3,4.7928389367250865,5.299398992506097,7,11,10.613009551176415,13.436401800553615,21,16,23.27668463604317,18.29160564160516,5.232876712328767,7.52,5.068493150684931,6.68,10.301369863013699,14.2,25.465753424657535,18.626666666666665,0,4.987702868807514,5.074358617193962,10.06206148600149,26.70318611231938,5.9901408712665,5.863357864181179,11.85349873544767,16.42480363573558,265.8,270.6,252.8,279.2,237.2,297.3333333333333,369.6,346.6,359.6,341.0,349.6,278.3333333333333,43.0,29.6,55.4,71.6,75.2,66.2,45.8,77.2,73.0,29.66666666666667,249.8,220.8,197.4,268.2,208.8,298.0,357.0,321.2,369.8,386.2,348.2,258.6666666666667,48.2,28.6,51.6,77.8,82.0,68.0,66.0,69.0,73.8,26.66666666666667,0.2875,0.04800866,3.4782608695652177,-0.33612818656521926,-0.33612818656521926,medium
4499,2015/2016,2,2,3,3.985956727295598,5.374732510615415,3,5,4.152749198962849,3.313689952859823,5,8,7.4755618102649715,8.711058537535209,15,11,21.940494206768626,16.238652270967226,6.688311688311688,5.8,6.025974025974026,5.693333333333333,12.714285714285714,11.493333333333334,21.857142857142858,25.506666666666668,0,5.312829499006075,4.848831461596482,10.16166096060257,22.87718534130402,5.518526062895258,5.522446691594872,11.04097275449012,16.06569787069247,265.8,259.6,245.8,303.4,239.2,325.0,358.0,347.0,385.0,406.0,342.0,228.3333333333333,36.0,18.6,53.2,81.4,81.0,71.4,68.4,62.2,77.6,27.66666666666667,270.6,242.8,213.6,283.0,229.8,313.6666666666667,355.0,327.0,364.8,372.0,333.6,270.3333333333333,42.6,32.4,55.8,79.6,78.8,65.2,68.0,69.8,73.0,29.0,0.674237047551455,0.53730965,1.483157894736842,-0.42032833972008415,-0.42032833972008415,medium
4500,2015/2016,2,6,14,5.702214298129364,8.744709483950485,3,4,4.856334713036432,7.423333910975875,9,18,10.520189672914448,16.58516034327818,36,23,23.6613592844982,19.862950209914935,5.112676056338028,5.490909090909089,4.943661971830986,5.381818181818181,10.056338028169014,10.87272727272727,19.816901408450704,20.554545454545455,0,4.685691708755511,4.636648470789575,9.32234017954509,21.20454400232454,6.775130817286406,5.430930497333212,12.20606131461961,22.34349619679284,280.0,259.2,245.2,271.4,244.6,309.6666666666667,352.2,320.0,343.2,375.2,333.2,234.6666666666667,43.4,30.8,54.0,75.4,76.6,56.8,59.0,63.6,65.0,26.0,255.2,237.4,219.6,266.8,211.8,313.3333333333334,378.4,338.4,378.4,362.6,356.6,269.3333333333333,38.4,29.6,52.8,78.4,77.4,64.2,62.8,66.2,74.4,35.33333333333334,0.3264840182648402,0.006572205,3.062937062937063,-0.47498771782996035,-0.47498771782996035,medium
4501,2015/2016,2,4,5,9.654349598902748,3.5893273447592744,13,7,7.199539474122693,4.654755994086329,17,12,17.346272660994494,8.173116462649897,20,30,21.426000120706565,17.182711010125068,7.526315789473684,5.570996978851963,6.631578947368421,5.557401812688822,14.157894736842104,11.128398791540786,18.592105263157894,21.356495468277945,1,6.649561477789015,6.510939055744486,13.16050053353351,21.14607317210663,4.289958798462013,5.030918880437286,9.320877678899294,16.27488832632019,243.0,224.6,225.6,258.2,209.0,297.0,343.6,313.4,332.6,360.2,320.4,244.3333333333333,42.2,29.2,47.8,74.6,72.8,68.0,55.6,63.8,67.2,25.33333333333333,309.2,272.2,274.8,287.2,260.0,325.6666666666666,363.4,328.0,368.4,353.4,345.0,261.6666666666666,39.0,24.8,64.2,81.2,76.2,67.4,71.4,70.6,74.0,38.33333333333334,0.2871467639015497,0.7977087,3.482539682539682,0.7162230602463188,0.7162230602463188,medium
4502,2015/2016,2,9,7,8.289955975343233,4.072251068975062,7,3,6.355928424841084,3.2518178580540384,16,10,15.12150375059247,7.498043578764635,23,22,23.908577995368237,15.283910566289462,5.739726027397261,5.857142857142856,5.739726027397261,5.387096774193547,11.479452054794521,11.244239631336402,25.54794520547945,20.27188940092166,1,6.925528099410005,7.035867977547639,13.96139607695765,20.66398368285317,5.376535496860137,4.633196026389205,10.00973152324934,15.035431708604,277.2,243.2,215.8,234.4,222.0,293.6666666666667,342.0,314.4,331.6,378.4,316.2,246.3333333333333,40.2,29.8,53.8,77.6,70.4,69.6,58.0,82.4,64.8,39.66666666666666,247.2,214.6,195.8,232.6,208.0,311.3333333333333,366.4,339.2,370.8,377.4,338.4,243.3333333333333,37.2,27.8,51.2,75.2,67.6,58.2,56.4,77.8,67.8,31.66666666666667,0.4428364688856729,0.9542725,2.258169934640523,0.9179280609279484,0.9179280609279484,easy
4503,2015/2016,2,9,5,7.367571991643169,4.060936482544592,6,2,5.762430347506971,4.178780414462849,15,7,13.119291458040486,8.095158701811838,39,19,19.08696355202106,17.11442819883953,5.84,5.753623188405797,5.906666666666666,5.159420289855072,11.746666666666666,10.91304347826087,22.346666666666668,20.492753623188406,0,7.800316520628765,6.11912634294691,13.91944286357569,26.13169832237072,5.293050422419138,4.418487697392142,9.711538119811273,17.68684178474726,278.0,243.6,225.2,291.4,231.2,321.3333333333333,363.0,341.4,374.2,371.6,343.8,293.0,46.6,26.4,51.8,75.8,71.0,56.6,61.4,77.2,72.0,24.0,277.8,257.2,256.2,279.0,238.0,320.3333333333334,357.0,344.0,370.6,384.2,328.6,280.6666666666667,37.2,24.4,43.0,78.6,77.8,65.0,60.0,58.0,71.6,28.33333333333333,0.4741767764298094,0.047119018,2.1089181286549707,-0.8121698278621889,-0.8121698278621889,hard
4504,2015/2016,2,2,9,7.221674158657355,7.234217997690687,3,4,4.915228668300329,6.594382103914576,5,13,12.611511672748726,13.677660399442356,15,21,19.38027304513406,25.350302203663567,5.125,5.598187311178248,4.986111111111111,5.557401812688822,10.11111111111111,11.155589123867069,18.583333333333332,21.274924471299094,0,5.153579725100593,5.674876385650986,10.82845611075157,23.53483323945476,5.600572204692094,5.023359051758464,10.62393125645055,14.74216155254562,280.2,259.6,236.2,278.0,252.4,310.0,359.0,351.4,379.4,372.4,353.2,243.0,39.8,27.4,57.0,85.4,84.8,78.8,83.0,77.4,82.4,40.0,303.4,269.8,258.8,279.0,255.8,339.6666666666667,383.0,351.8,376.0,386.4,348.4,317.3333333333334,49.0,35.4,56.4,82.8,85.4,67.0,63.8,72.8,71.2,31.66666666666667,0.374331550802139,0.05407824,2.6714285714285717,-0.5118578669543449,-0.5118578669543449,medium
4505,2015/2016,2,9,2,4.869379714368837,5.793217490656881,7,2,3.5746902539598553,4.6836887148498505,16,4,8.535481030278888,10.179303089078578,18,12,17.752287280887867,16.654200220444164,5.611940298507463,7.184210526315789,5.014925373134329,6.578947368421052,10.626865671641792,13.763157894736842,19.865671641791046,19.11842105263158,1,5.240538599768362,5.687764538771809,10.92830313854018,22.14491021555342,6.108316073966019,5.492414843500125,11.60073091746613,18.90798081415252,257.6,231.4,205.4,266.2,207.0,288.0,332.0,316.2,348.6,381.2,313.2,238.6666666666667,45.4,27.4,47.8,74.8,78.4,64.8,60.4,78.0,73.8,26.66666666666667,246.2,240.2,210.6,235.0,226.0,280.0,289.4,275.2,275.8,281.2,267.2,263.6666666666667,40.6,33.0,50.4,72.6,143.6,119.2,125.6,145.6,137.2,40.66666666666666,0.4883720930232558,0.88144195,2.047619047619048,0.7682729038325223,0.7682729038325223,easy
4506,2015/2016,2,10,7,7.699627113217597,5.181930910224622,3,6,6.639541581297214,4.26497029211172,13,13,13.863352034208472,8.846496391212892,15,22,26.634430341392328,20.26371889251631,6.805194805194805,5.22972972972973,5.961038961038961,5.027027027027027,12.766233766233766,10.256756756756756,21.2987012987013,25.405405405405407,0,4.760620168498232,5.90936545317205,10.6699856216703,22.99162849211767,4.993975510927656,6.339079269247749,11.3330547801754,18.81342938593046,262.4,262.4,235.0,260.0,234.0,312.0,355.6,348.6,386.0,359.8,355.4,253.6666666666666,40.8,30.2,55.6,78.0,71.0,54.8,67.4,65.6,71.4,18.66666666666667,252.6,211.6,226.4,254.8,207.2,304.3333333333333,364.8,320.6,319.6,350.0,322.8,282.0,42.2,30.6,57.0,73.0,71.4,58.0,63.0,73.0,64.0,39.0,0.4626708727655099,0.074700736,2.161363636363637,-0.7220344625544637,-0.7220344625544637,hard
4609,2015/2016,3,10,8,8.32258444940144,5.878924477288495,7,7,5.22872929722827,5.643424414769502,17,15,14.511632490544429,11.59912187773701,27,19,24.463328932831722,10.97675083261227,5.605381165919281,7.48051948051948,5.363228699551568,6.714285714285714,10.96860986547085,14.194805194805195,20.58744394618834,18.61038961038961,0,7.201558410472999,5.359025501163449,12.56058391163645,26.2984985526599,4.077644804151833,3.56222307757974,7.639867881731568,14.9763237807782,267.6,239.6,223.2,259.8,221.6,296.3333333333333,358.4,326.8,362.2,362.8,346.4,255.0,34.4,23.2,42.8,75.6,75.4,61.6,53.2,71.2,70.8,19.66666666666667,278.0,241.4,242.2,281.0,243.8,309.6666666666666,370.8,339.6,352.8,376.0,336.6,293.0,35.6,21.0,51.6,69.2,75.0,57.8,54.6,61.8,69.2,17.0,0.3757621951219512,0.059004325,2.6612576064908726,-0.5074314215289876,-0.5074314215289876,medium
4610,2015/2016,3,9,6,5.80724475630682,5.400025302252743,6,7,4.224032229826341,6.116506291958889,15,13,10.494960067938482,10.742925652652897,24,22,26.87599563184193,18.56366081335856,5.125,6.628205128205129,4.916666666666667,5.987179487179487,10.041666666666666,12.615384615384615,20.041666666666668,21.76923076923077,1,4.963415733858609,5.875651684277186,10.83906741813579,25.19597664523569,6.559391773729404,5.841207277883694,12.40059905161309,17.94045908846959,259.8,242.0,227.6,250.4,215.4,306.3333333333333,354.6,330.2,366.4,371.0,342.0,240.0,48.2,26.6,51.2,77.2,70.8,61.8,61.0,72.6,68.6,23.0,277.8,263.4,228.0,260.8,239.0,336.3333333333333,369.6,357.6,395.6,393.6,370.4,298.3333333333333,38.8,29.0,56.6,80.2,77.6,73.8,65.8,70.6,76.2,33.66666666666666,0.2436698454455771,0.86645293,4.10391363022942,0.8234275510000145,0.8234275510000145,easy
4611,2015/2016,3,4,10,6.183488663683452,7.72277572729946,7,5,4.328576199655956,4.393977778894105,11,15,11.019549884767478,12.7451859923208,21,28,22.976606214684907,20.217436901037203,5.742857142857143,5.783783783783784,5.114285714285714,5.756756756756757,10.857142857142858,11.54054054054054,20.47142857142857,25.513513513513512,0,5.318446491170738,4.132056023139897,9.45050251431064,19.86992135545274,6.539853091749416,6.369911191855238,12.90976428360464,17.42266690640643,277.8,265.0,228.0,260.8,239.0,337.3333333333333,358.2,330.2,387.2,395.0,348.6,277.6666666666667,38.8,29.0,56.6,80.2,77.6,73.8,65.8,70.6,76.2,33.66666666666666,278.0,243.6,225.2,291.4,231.2,321.3333333333333,363.0,341.4,374.2,371.6,343.8,293.0,46.6,26.4,51.8,75.8,77.0,62.0,77.2,78.6,75.8,35.66666666666666,0.462962962962963,0.030619789,2.1599999999999997,-0.8050527972137108,-0.8050527972137108,hard
4612,2015/2016,3,5,8,4.540693387796944,7.549956105644592,5,10,5.969238495915652,4.88170157520155,10,18,10.471633046557422,12.545324142383038,22,19,20.867056942392814,17.444961971819804,5.1866666666666665,6.846153846153846,5.133333333333334,5.923076923076923,10.32,12.76923076923077,20.76,21.21794871794872,0,6.550814166382766,6.619355560648158,13.17016972703092,22.16668686177508,5.002574658518713,4.652678275557133,9.655252934075843,16.23665449481041,263.8,234.4,204.4,240.4,218.6,316.6666666666666,355.2,333.0,360.6,383.0,330.6,237.3333333333333,37.2,27.8,51.2,75.2,67.6,50.8,61.8,80.2,65.2,15.33333333333333,277.8,261.8,242.0,284.8,242.2,324.0,359.0,351.4,379.4,372.4,353.2,243.0,39.8,27.4,57.0,85.4,84.8,78.8,83.0,77.4,82.4,40.0,0.2567237163814181,0.21604902,3.895238095238095,-0.054723528458883904,-0.054723528458883904,medium
4613,2015/2016,3,16,3,6.563747971161418,2.5291768918451574,4,3,5.479236303036,2.4871424135785416,20,6,12.450687509424116,4.369681764289491,40,17,21.626467492260552,12.856039555575613,5.7631578947368425,7.116883116883117,5.684210526315789,6.51948051948052,11.447368421052632,13.636363636363637,25.31578947368421,19.025974025974026,0,6.913928310119458,6.296869081358552,13.21079739147801,24.49145400146547,4.141857963823775,3.924471284919455,8.066329248743223,19.76891770137287,278.8,255.8,237.6,290.8,239.2,311.6666666666667,368.6,324.0,360.4,358.0,339.4,267.6666666666666,42.6,32.4,55.8,79.6,78.8,65.2,68.0,69.8,73.0,29.0,179.2,170.2,150.8,175.6,149.0,229.6666666666667,355.6,328.6,332.6,382.8,315.4,325.6666666666667,34.4,23.2,42.8,75.6,151.4,121.8,119.0,151.8,142.6,38.0,0.6521739130434783,0.0585278,1.5333333333333332,-1.706732522696257,-1.706732522696257,hard
4614,2015/2016,3,10,2,7.831048076116423,6.7625206390532995,10,5,4.9844684766447,3.951299715912381,20,7,12.163834760889522,10.325539510310115,24,9,24.64402773444634,22.246934192851672,5.64381520119225,5.253333333333333,5.536512667660208,5.04,11.180327868852459,10.293333333333333,21.27123695976155,25.36,0,4.734589003118764,6.276039841316534,11.01062884443531,20.14052856140304,4.766312522377332,5.631686612943383,10.39799913532072,16.38458609378464,303.4,269.8,258.8,279.0,255.8,339.6666666666667,304.0,284.6,312.4,315.0,294.2,207.0,49.0,35.4,56.4,82.8,149.8,119.8,125.0,148.8,126.6,47.33333333333334,264.2,234.4,198.8,265.8,209.8,303.3333333333333,355.2,334.6,341.2,373.0,316.0,304.0,45.4,27.4,47.8,74.8,80.0,69.0,66.0,76.4,71.0,36.0,0.7561436672967865,0.019373367,1.3224999999999998,-3.021329401465236,-3.021329401465236,hard
4615,2015/2016,3,6,12,6.008050584419575,8.640862681077467,5,7,3.824479950769915,5.36025656228168,11,19,9.32458910273628,14.354638184243196,17,23,14.008131993908389,19.841403653262045,5.082191780821918,5.661764705882353,4.958904109589041,5.044117647058823,10.04109589041096,10.705882352941176,18.534246575342465,19.83823529411765,0,7.817946814670089,7.092240301370286,14.91018711604039,21.23160423787617,6.084434374289086,5.308615017883358,11.39304939217244,16.91565984748395,278.0,241.4,242.2,281.0,243.8,309.6666666666666,302.0,277.4,280.2,308.6,265.0,272.6666666666666,35.6,21.0,51.6,69.2,139.2,118.0,126.8,139.8,136.4,35.0,255.4,251.8,214.8,252.6,225.8,315.6666666666667,355.6,348.6,386.0,359.8,355.4,253.6666666666666,40.8,30.2,55.6,78.0,78.6,71.6,65.2,70.6,72.4,53.66666666666666,0.407185628742515,0.03702811,2.455882352941176,-0.6244071096633421,-0.6244071096633421,hard
4616,2015/2016,3,6,7,4.951249300056686,6.425167108577705,6,8,4.4347122129745715,5.64985490387817,12,15,8.993155789119005,12.481175945231605,30,19,21.558867518630684,25.98654699534693,5.5845921450151055,5.881578947368421,5.4894259818731115,5.907894736842105,11.074018126888218,11.789473684210526,21.19335347432024,22.56578947368421,0,5.938462698510104,6.351905054770137,12.29036775328024,20.7501374069033,5.535312329558061,5.296782623159713,10.83209495271777,18.44102708657044,277.8,257.2,256.2,279.0,238.0,320.3333333333334,357.0,344.0,370.6,384.2,328.6,280.6666666666667,37.2,24.4,43.0,78.6,77.8,65.0,60.0,58.0,71.6,28.33333333333333,253.2,241.0,245.2,267.2,219.0,294.0,353.0,336.6,342.0,353.0,320.8,282.3333333333333,43.4,27.8,52.0,74.2,72.8,68.0,55.6,63.8,67.2,25.33333333333333,0.6263979613411526,0.05029248,1.5964292058980283,-1.5420297910357665,-1.5420297910357665,hard
4618,2015/2016,3,5,4,6.781280755068138,5.818241797914846,2,6,6.261334953965353,6.781179321462775,7,10,13.306734684800759,12.378802387938972,16,17,30.965934988354213,27.205434492399927,5.082191780821918,5.563338301043219,4.958904109589041,5.576751117734724,10.04109589041096,11.140089418777944,25.15068493150685,21.472429210134127,0,5.551947470970919,6.486065612043928,12.03801308301486,30.03053929503949,5.045922864779103,5.457187372051334,10.50311023683043,16.52601714741395,255.2,237.4,219.6,266.8,211.8,313.3333333333334,378.4,338.4,378.4,362.6,356.6,269.3333333333333,38.4,29.6,52.8,78.4,77.4,64.2,62.8,66.2,74.4,35.33333333333334,253.2,256.2,236.0,272.4,230.0,329.3333333333333,363.0,348.2,384.4,402.6,346.0,216.6666666666667,36.0,18.6,53.2,81.4,81.0,71.4,68.4,62.2,77.6,27.66666666666667,0.1958041958041958,0.48595288,5.107142857142857,0.360793578883876,0.360793578883876,medium
4709,2015/2016,4,10,2,9.608101722688213,3.0841392426533627,11,2,7.624237285115267,3.5617469109463884,21,4,17.376773749225507,6.69581801088038,32,16,32.31019547670268,8.207596671621179,6.620253164556962,5.094594594594595,6.0,4.95945945945946,12.620253164556962,10.054054054054054,21.772151898734176,18.513513513513512,0,7.938501426417328,5.633123599523264,13.5716250259406,22.44938067772065,5.346722146634522,4.357364177845616,9.704086324480132,18.89434377847473,309.2,272.2,274.8,287.2,260.0,325.6666666666666,363.4,328.0,368.4,353.4,345.0,261.6666666666666,39.0,24.8,64.2,81.2,76.6,67.4,71.4,70.6,74.0,38.33333333333334,276.6,258.4,247.6,262.4,243.4,311.0,338.4,319.2,353.8,365.2,318.6,261.3333333333334,43.4,30.8,54.0,75.4,74.2,59.4,65.4,75.6,71.4,33.33333333333334,0.674237047551455,0.11970252,1.483157894736842,-1.7022639480551347,-1.7022639480551347,hard
4710,2015/2016,4,1,1,7.64134158420959,2.691403921900767,2,3,6.952229040562482,4.025049924893249,3,4,14.931234006111666,5.881345641171693,16,18,26.625910481492994,17.26359261932199,5.542647058823529,5.184210526315789,5.58235294117647,5.131578947368421,11.125,10.31578947368421,21.413235294117648,20.776315789473685,0,4.594806828645194,5.184240800405441,9.779047629050652,26.73314915214092,6.013400726640953,5.418944049287648,11.4323447759286,17.64151182065773,252.6,211.6,226.4,254.8,207.2,304.3333333333333,364.8,320.6,319.6,350.0,322.8,282.0,42.2,30.6,57.0,73.0,71.4,58.4,63.0,73.0,66.4,39.0,259.8,242.0,227.6,250.4,215.4,306.3333333333333,355.0,326.0,360.8,371.0,339.8,238.3333333333333,48.2,26.6,51.2,77.2,83.0,69.0,58.0,65.4,74.2,43.66666666666666,0.3757621951219512,0.026597211,2.6612576064908726,-0.5593461093762309,-0.5593461093762309,hard
4711,2015/2016,4,17,4,8.20096820674061,6.677231197767295,10,5,6.326657670313478,4.678972235855347,27,9,14.350277191939114,11.667070262080806,30,21,20.39947285425488,23.859049665766342,5.872727272727271,5.178082191780822,5.354545454545454,4.931506849315069,11.227272727272725,10.10958904109589,20.295454545454543,20.095890410958905,0,8.009861951639305,8.35842936243291,16.36829131407222,24.88418934511214,3.703032206829032,4.502986591046114,8.206018797875142,17.43528011776085,246.2,240.2,210.6,235.0,226.0,280.0,289.4,275.2,275.8,281.2,267.2,263.6666666666667,40.6,33.0,50.4,72.6,143.6,119.2,125.6,145.6,137.2,40.66666666666666,270.8,235.6,197.8,248.8,210.4,289.0,269.8,249.4,273.2,297.8,254.2,182.3333333333333,40.2,29.8,53.8,77.6,146.0,131.6,120.6,144.6,134.0,79.66666666666666,0.336890243902439,0.08140954,2.9683257918552037,-0.38527666465646915,-0.38527666465646915,medium
4713,2015/2016,4,8,4,8.324972397736065,4.492645424201272,8,3,6.596209080738303,4.257222650825564,16,7,15.500800825490526,9.265315986329849,29,16,27.247333737090067,22.498892668493916,5.84,5.590163934426229,5.746666666666667,5.496274217585693,11.586666666666666,11.086438152011922,25.546666666666667,21.311475409836067,1,9.141095254391203,9.06413724701677,18.20523250140798,25.16709493252868,2.98858125308017,3.767268762668369,6.755850015748548,14.86979395264773,270.4,260.4,242.4,263.6,241.2,335.6666666666666,363.0,347.6,384.4,402.6,345.0,222.0,36.0,18.6,53.2,81.4,81.0,71.4,68.4,62.2,77.6,27.66666666666667,309.2,272.2,274.8,287.2,260.0,325.6666666666666,364.2,328.8,368.6,354.4,345.6,262.3333333333333,39.0,24.8,64.2,81.2,76.6,67.4,71.4,70.6,74.0,38.33333333333334,0.5622715771717739,0.9277919,1.7785000000000002,0.835039027049592,0.835039027049592,easy
4714,2015/2016,4,0,16,5.94923121424459,9.69335651937779,1,6,5.490059624677628,5.413654257882068,1,22,10.626159448398301,16.32065295282971,8,21,23.36421868713539,23.62103485948313,7.064102564102564,5.663716814159291,6.4743589743589745,5.384955752212388,13.538461538461538,11.048672566371678,19.0,20.672566371681416,0,4.159248074707394,4.502797868760434,8.662045943467835,19.21291131651972,5.945122100877368,5.349791907125934,11.2949140080033,18.20952475847433,280.8,263.4,239.4,277.6,246.6,310.0,227.6,210.8,200.6,209.6,185.0,213.6666666666667,43.4,30.8,54.0,75.4,204.2,188.6,215.8,229.2,206.6,87.66666666666666,303.4,269.8,258.8,279.0,255.8,339.6666666666667,383.0,351.8,376.0,386.4,348.4,317.3333333333334,49.0,35.4,56.4,82.8,85.4,67.0,63.8,72.8,71.2,31.66666666666667,0.1297297297297297,0.016247367,7.708333333333335,-0.13039898406135736,-0.13039898406135736,medium
4715,2015/2016,4,10,3,6.873670229741063,4.451911226649514,12,4,6.620161628711939,3.984210901894492,22,7,13.571071125137278,8.416531701658934,33,12,24.00497637417876,20.085080889158895,5.896103896103896,5.701470588235294,5.935064935064935,5.595588235294118,11.831168831168831,11.297058823529412,22.51948051948052,21.30735294117647,1,5.578970981956862,3.841371359408838,9.420342341365709,24.85993367096905,5.18604964917796,5.052732856305798,10.23878250548375,18.34259187321041,253.2,241.0,245.2,267.2,219.0,294.0,347.0,331.8,340.8,353.2,312.2,271.3333333333333,43.4,27.8,52.0,74.2,65.0,50.0,60.6,79.2,63.4,22.66666666666667,277.0,241.2,241.0,279.6,243.2,308.3333333333333,302.0,277.4,280.2,308.6,265.0,272.6666666666666,35.6,21.0,51.6,69.2,139.2,118.0,126.8,139.8,136.4,35.0,0.4339106654512306,0.8754635,2.304621848739496,0.7800055456238285,0.7800055456238285,easy
4717,2015/2016,4,3,5,5.246713136048699,7.307122375694224,4,5,2.712240112863011,3.6560988878540437,7,10,8.389776163889525,11.009853322541673,7,26,15.206473604506979,18.183722363259676,5.753623188405797,5.896103896103896,5.072463768115942,5.662337662337662,10.826086956521738,11.558441558441558,19.884057971014492,25.506493506493506,1,4.823966891667166,6.127325466436799,10.95129235810398,21.91236805240251,6.158884639977455,6.406349806224463,12.56523444620192,18.91167739554211,277.2,243.2,215.8,234.4,222.0,293.6666666666667,342.0,314.4,331.6,378.4,316.2,246.3333333333333,40.2,29.8,53.8,77.6,74.8,70.0,58.4,82.4,66.2,39.66666666666666,252.6,211.6,226.4,254.8,207.2,304.3333333333333,284.6,258.6,262.4,280.4,258.0,259.0,42.2,30.6,57.0,73.0,151.6,120.4,120.2,142.6,131.2,62.0,0.5268833769835156,0.5206729,1.8979532163742692,-0.013126699243605669,-0.013126699243605669,medium
4718,2015/2016,4,12,4,8.064310252050229,4.666034486858046,7,5,6.017041825565203,5.354527839555285,19,9,14.120895474695946,10.275434763445233,32,16,22.922607404328303,17.97431601712557,6.860759493670886,5.71830985915493,5.974683544303797,5.140845070422535,12.835443037974683,10.859154929577464,21.189873417721518,20.47887323943662,0,5.630630308686325,4.180627860794715,9.811258169481054,26.64756390941353,6.053046990270222,5.376316283866813,11.42936327413703,19.96863910459734,278.0,243.6,225.2,291.4,231.2,321.3333333333333,350.8,317.6,354.0,375.6,322.6,275.6666666666667,46.6,26.4,51.8,75.8,82.4,67.2,66.2,70.2,74.2,24.33333333333333,265.0,235.6,222.4,243.8,219.4,313.6666666666666,355.2,333.0,360.6,383.0,330.6,237.3333333333333,37.2,27.8,51.2,75.2,76.0,64.4,77.0,76.0,70.2,38.0,0.5821375682990348,0.020639198,1.7178070175438598,-1.3437397994151579,-1.3437397994151579,hard
4719,2015/2016,5,17,5,12.153150384989345,4.668416591314969,11,1,6.773239897002197,3.5340590092178146,28,6,19.894786797699638,7.673529904418908,28,8,29.166825854060374,14.681249541523009,5.799126637554584,5.2105263157894735,5.39301310043668,5.0394736842105265,11.192139737991264,10.25,20.676855895196507,25.144736842105264,1,8.087792981793843,8.02523692069516,16.11302990248901,25.131102527475,3.944321615902733,3.962991523321847,7.907313139224572,13.3005486598612,272.8,257.4,257.6,287.6,247.6,275.6666666666667,359.4,356.4,384.4,360.0,369.8,232.6666666666667,39.8,27.4,57.0,85.4,70.6,52.6,63.4,78.4,66.2,18.66666666666667,246.2,240.2,210.6,235.0,226.0,280.0,358.4,344.0,346.8,354.6,341.2,323.3333333333333,40.6,33.0,50.4,72.6,76.2,60.4,59.2,69.2,71.2,20.33333333333333,0.733048259010385,0.95355856,1.3641666666666665,0.8260305939877334,0.8260305939877334,easy
4720,2015/2016,5,4,11,6.016184296723974,8.791670802903834,8,9,4.41430256227968,6.932527122659991,12,20,11.032010810901783,16.415118633472247,19,16,28.998287519676687,21.678736129854038,5.162162162162162,5.868421052631579,4.9324324324324325,5.776315789473684,10.094594594594595,11.644736842105264,20.10810810810811,25.592105263157894,0,4.993309940004332,4.383114973250433,9.376424913254768,20.91670829811629,7.403904810155129,7.373937109215454,14.77784191937058,22.0735908212509,253.2,232.0,194.4,264.8,201.2,303.3333333333333,346.0,328.0,348.2,359.0,320.6,297.6666666666666,45.4,27.4,47.8,74.8,80.0,69.0,66.0,76.4,71.0,36.0,255.2,237.4,219.6,266.8,211.8,313.3333333333334,378.4,338.4,378.4,362.6,356.6,269.3333333333333,38.4,29.6,52.8,78.4,77.4,64.2,62.8,66.2,74.4,35.33333333333334,0.3982618552805592,0.009069224,2.5109108159392792,-0.6467807344387589,-0.6467807344387589,hard
4721,2015/2016,5,6,5,6.456188125393335,8.113970851527206,6,8,6.2051885869605385,4.141939695304942,12,13,12.335738746068554,12.678031546525286,19,37,20.603885478920336,20.102763111414234,5.694444444444445,6.022421524663676,5.138888888888889,5.417040358744393,10.833333333333334,11.43946188340807,20.416666666666668,20.426008968609864,1,7.045572459177207,4.244482749841874,11.29005520901908,19.46954105921555,5.840650504494173,4.426362019096881,10.26701252359105,18.42355151720627,255.4,251.8,214.8,252.6,225.8,315.6666666666667,356.8,348.6,386.0,359.8,355.4,253.6666666666666,40.8,30.2,55.6,78.0,78.6,71.6,65.2,70.6,72.4,53.66666666666666,272.2,261.0,238.4,270.6,244.4,329.3333333333333,364.8,351.4,388.2,406.4,361.2,266.6666666666667,38.8,29.0,56.6,80.2,77.6,73.8,65.8,70.6,76.2,33.66666666666666,0.2558058925476603,0.91356504,3.909214092140922,0.8838542800866898,0.8838542800866898,easy
4722,2015/2016,5,7,6,4.539823887310716,4.875445194070676,12,3,5.306775475211542,5.869500008810141,19,9,9.960214024253116,10.595411002175805,23,11,20.295537332943507,20.698024699479188,5.12987012987013,6.6625,5.103896103896104,6.0625,10.233766233766234,12.725,20.74025974025974,21.9,1,4.137679119552328,6.011865849782824,10.14954496933515,24.09942836240644,5.876931991948292,4.950306616307374,10.82723860825566,17.14635420753846,267.6,233.8,206.2,260.8,212.4,297.6666666666667,338.0,312.2,355.2,349.8,326.8,225.0,34.4,23.2,42.8,75.6,75.4,61.6,53.2,71.2,70.8,19.66666666666667,265.8,243.4,233.8,268.8,219.4,319.3333333333334,347.4,339.4,383.2,387.4,328.2,262.6666666666666,37.2,24.4,43.0,78.6,77.8,65.0,60.0,58.0,71.6,28.33333333333333,0.2045454545454546,0.89505726,4.8888888888888875,0.8680719852447509,0.8680719852447509,easy
4723,2015/2016,5,3,3,7.032931299847877,4.664894953061818,3,4,4.734368362741014,4.520169754629233,6,7,12.0503134755409,9.571875917357083,19,11,22.939940896016154,10.570919170562409,5.884615384615385,7.487179487179487,5.653846153846154,6.717948717948718,11.538461538461538,14.205128205128204,25.512820512820515,18.615384615384617,1,7.067049676890647,7.170062240185104,14.23711191707577,27.31577290829651,4.881885845944955,3.719692230572353,8.6015780765173,18.16236711644483,265.0,242.0,223.4,270.0,215.2,312.6666666666666,355.0,326.0,360.8,371.4,339.8,238.3333333333333,48.2,26.6,51.2,77.2,83.0,69.0,58.0,65.4,74.2,43.66666666666666,267.8,238.4,218.8,286.8,226.8,306.6666666666667,368.6,324.0,360.4,358.0,339.4,267.6666666666666,42.6,32.4,55.8,79.6,78.8,65.2,68.0,69.8,73.0,29.0,0.374331550802139,0.94256085,2.6714285714285717,0.9081955490968167,0.9081955490968167,easy
4724,2015/2016,5,2,2,6.111377040824762,4.121292060917128,9,4,6.16804211071766,5.194885859933396,11,6,12.270302966286188,8.68559693704917,20,19,20.464706841641124,20.52422165170531,5.666182873730043,5.483309143686502,5.5747460087082725,5.535558780841799,11.240928882438316,11.018867924528301,21.18577648766328,21.342525399129173,1,6.016338797721991,5.963929611584095,11.9802684093061,23.14757880674409,4.131452684846226,4.564848642060063,8.69630132690628,15.37988139149591,281.4,251.4,233.2,251.8,241.6,269.0,363.4,349.0,400.4,394.4,369.6,250.6666666666667,38.8,29.0,56.6,80.2,77.6,73.8,65.8,70.6,76.2,33.66666666666666,253.2,232.0,194.4,264.8,201.2,303.3333333333333,343.2,318.6,343.4,364.2,305.0,278.3333333333334,45.4,27.4,47.8,74.8,78.4,64.8,60.4,78.0,73.8,26.66666666666667,0.696594427244582,0.91344845,1.4355555555555557,0.7147331663540433,0.7147331663540433,medium
4725,2015/2016,5,7,8,5.142089784427666,10.19315583461417,7,10,4.244860767633415,7.203808423151809,14,18,9.305435804039405,18.05765227432674,23,21,16.957712668041903,22.892899943316344,5.053333333333334,6.925,4.92,5.9875,9.973333333333333,12.9125,18.48,21.325,0,8.08768912622589,7.174887014952303,15.26257614117821,24.46880850697247,5.256148450953797,4.434327490894328,9.690475941848119,14.81818253507085,270.2,244.6,221.8,249.4,220.2,313.6666666666666,355.2,333.0,360.6,383.0,330.6,237.3333333333333,37.2,27.8,51.2,75.2,74.8,57.6,65.2,67.8,66.8,22.33333333333333,185.2,173.0,136.8,158.2,148.4,235.0,361.6,335.6,341.0,358.6,320.2,359.0,34.4,23.2,42.8,75.6,151.4,121.8,119.0,151.8,142.6,38.0,0.6185111552904793,0.054752033,1.6167857142857145,-1.4777866204586856,-1.4777866204586856,hard
4726,2015/2016,5,8,4,6.6687047101263275,7.009262575031679,6,3,4.870523892181366,5.057380073110007,14,7,10.985703196950475,12.442610196012364,11,20,23.40920012438884,17.332807925506074,5.569117647058824,5.714285714285714,5.463235294117647,5.057142857142857,11.03235294117647,10.771428571428572,21.241176470588236,19.7,1,5.721248864167187,4.842191714567282,10.56344057873448,21.37158922721646,6.211705849880992,4.60679892794632,10.8185047778273,18.91397143833358,268.0,239.0,219.2,287.8,226.8,307.0,368.6,324.0,360.6,358.6,340.0,267.6666666666666,42.6,32.4,55.8,79.6,78.8,65.2,68.0,69.8,73.0,29.0,281.8,264.8,247.6,277.8,244.0,308.3333333333334,214.2,204.0,205.2,218.0,184.8,208.3333333333333,43.4,30.8,54.0,75.4,185.8,181.6,215.6,221.2,197.0,91.99999999999999,0.61906165672691,0.8935025,1.615347985347985,0.7204336920936402,0.7204336920936402,medium
4730,2015/2016,6,10,6,9.209244513262009,3.353837936858164,4,4,7.744900632999757,4.205736598023067,14,10,16.93432485688564,7.15128486472808,21,19,31.919465615843123,13.090405797353537,5.43839541547278,5.078947368421052,5.515759312320917,4.947368421052632,10.954154727793696,10.026315789473685,21.312320916905446,18.539473684210527,1,6.617591895619961,6.446614808789347,13.06420670440932,27.57736933688737,5.708112715349123,6.178457116572647,11.88656983192177,18.18861671997123,286.4,260.6,244.8,255.6,243.2,326.0,369.6,335.4,372.8,394.4,347.8,267.3333333333334,49.0,35.4,56.4,82.8,77.4,67.4,79.0,88.2,78.2,15.0,276.2,243.8,223.0,281.8,237.8,323.6666666666666,363.0,341.4,374.2,371.6,343.8,293.0,46.6,26.4,51.8,75.8,77.0,62.0,77.2,78.6,75.8,35.66666666666666,0.5766710353866318,0.95805043,1.734090909090909,0.9009055044997957,0.9009055044997957,easy
4735,2015/2016,6,7,1,5.350321711486074,4.995316762553387,5,6,5.661448715453491,3.1830870359498213,12,7,11.382922973423081,7.694247699850559,26,11,21.807007246901925,20.507182647862063,5.948717948717949,5.848101265822785,6.012820512820513,5.620253164556962,11.961538461538462,11.468354430379748,22.653846153846153,25.430379746835442,0,5.953799124373319,4.519305225586058,10.47310434995938,21.90054812227291,6.417118080189533,6.323630392472593,12.74074847266212,18.80490860810295,277.0,241.2,241.0,279.6,243.2,308.3333333333333,302.0,277.4,280.2,308.6,265.0,272.6666666666666,35.6,21.0,51.6,69.2,139.2,118.0,126.8,139.8,136.4,35.0,277.2,243.2,215.8,234.4,222.0,293.6666666666667,269.8,249.4,273.2,297.8,254.2,182.3333333333333,40.2,29.8,53.8,77.6,148.6,133.0,120.6,144.6,135.4,79.66666666666666,0.3387533875338753,0.054896113,2.9520000000000004,-0.42927595905837457,-0.42927595905837457,medium
4736,2015/2016,6,2,3,7.5634860579689365,4.745633680082155,5,6,4.950379985103718,4.294728267424346,7,9,12.23154802247719,8.914169302520062,27,16,22.989036847851533,20.238914939888723,5.207792207792208,5.153846153846154,4.987012987012987,5.1923076923076925,10.194805194805195,10.346153846153847,24.92207792207792,20.76923076923077,0,5.359982903359915,6.178748416957289,11.53873132031722,25.04444241067379,5.068732443975295,4.909018421680301,9.977750865655596,15.51589046786103,277.8,257.2,256.2,279.0,238.0,320.3333333333334,371.2,350.4,354.8,376.6,331.8,275.0,37.2,24.4,43.0,78.6,77.8,65.0,60.0,58.0,71.6,28.33333333333333,255.4,251.8,214.8,252.6,225.8,315.6666666666667,356.8,348.6,386.0,359.8,355.4,253.6666666666666,40.8,30.2,55.6,78.8,78.6,71.6,65.2,70.6,72.4,53.66666666666666,0.6185111552904793,0.15446235,1.6167857142857145,-1.2164151548528226,-1.2164151548528226,hard
4738,2015/2016,6,11,8,10.186252042450182,3.9616240404556295,8,5,8.99768462452495,4.707177188844337,19,13,20.128542454268292,8.745615071857411,18,19,23.065901864073098,21.184927121267883,6.938271604938271,5.1466666666666665,6.037037037037037,4.973333333333334,12.975308641975309,10.12,21.320987654320987,20.093333333333334,1,5.17275459586447,6.387883149143168,11.56063774500765,24.86837149051961,5.000545815155764,6.382770693574166,11.38331650872992,20.51704908328482,252.8,231.0,208.6,265.8,211.4,302.6666666666667,358.6,341.4,361.2,368.2,340.4,299.0,38.4,29.6,52.8,78.4,77.0,70.2,64.0,72.8,72.0,39.0,243.0,224.6,225.6,258.2,209.0,297.0,347.0,331.8,340.8,352.4,312.2,271.3333333333333,43.4,37.2,52.0,74.2,65.0,50.0,60.6,79.2,63.4,22.66666666666667,0.5115089514066496,0.9053767,1.9549999999999998,0.8062946546764274,0.8062946546764274,easy
4739,2015/2016,7,8,15,3.721296198479987,10.857151144126622,6,7,5.817449916593463,6.042817619741458,14,22,9.02425157481295,17.671481566337427,31,13,18.16907647236663,21.11003237623844,5.1265822784810124,5.943965517241378,5.2025316455696204,5.46551724137931,10.329113924050633,11.409482758620687,20.70886075949367,20.77155172413793,0,4.16401396229015,6.957854090078314,11.12186805236847,24.878652163385,6.04311239108887,5.210301825303863,11.25341421639274,14.53860910224174,309.2,272.2,274.8,287.2,260.0,325.6666666666666,366.6,326.2,360.8,359.4,342.6,256.3333333333333,39.0,24.8,64.2,81.2,76.6,67.4,71.4,71.2,74.0,38.33333333333334,265.0,242.0,223.4,270.0,215.2,312.6666666666666,355.2,321.0,340.2,367.2,333.2,218.6666666666667,48.2,26.6,51.2,77.2,83.0,69.0,58.0,65.4,74.2,43.66666666666666,0.61906165672691,0.0045286985,1.615347985347985,-1.6132084557455508,-1.6132084557455508,hard
4740,2015/2016,7,17,3,8.451998485026234,3.531814048222836,2,5,8.452494664920025,4.729451976892072,19,8,17.702065248706955,8.056437432976955,29,11,19.48235748112666,16.958794972999247,7.430379746835443,6.654320987654321,6.6835443037974684,6.0246913580246915,14.113924050632912,12.679012345679013,18.518987341772153,21.765432098765434,1,6.79024670881292,6.386306076008583,13.1765527848215,19.19727290473106,4.820414582202567,5.071838420820781,9.892253003023347,16.23920960701195,260.0,214.8,217.0,268.2,209.2,293.3333333333333,360.4,322.4,343.0,341.0,332.6,246.3333333333333,42.2,30.6,57.0,73.0,71.4,58.4,63.0,73.0,66.4,39.0,268.6,253.6,248.2,279.0,248.0,277.0,288.4,298.8,316.0,294.0,287.0,224.3333333333333,39.8,27.4,57.0,85.4,135.8,117.2,144.6,160.4,127.6,53.66666666666667,0.2252998475912795,0.05382142,4.438529411764708,-0.22134812126805564,-0.22134812126805564,medium
4741,2015/2016,7,8,7,11.501609813700869,2.2702784332957706,4,1,7.371493996818069,1.920654125741363,12,8,19.31260670722347,4.153752282236293,17,7,30.31276250034773,10.821575538718413,5.7875,5.090909090909091,5.625,4.935064935064935,11.4125,10.025974025974026,25.25,18.545454545454547,1,9.81218675491584,6.621983273466569,16.43417002838243,28.94292058557154,4.01596929007291,3.639546577979318,7.655515868052214,13.26576529398055,255.4,245.4,225.6,241.2,238.0,292.6666666666666,358.4,344.0,346.8,354.6,341.2,323.3333333333333,40.6,33.0,50.4,72.6,76.2,60.4,59.2,69.2,71.2,20.33333333333333,253.2,256.2,236.0,272.8,230.0,329.3333333333333,356.4,352.4,379.6,399.0,342.6,268.3333333333333,36.0,18.6,53.2,81.4,81.0,71.4,68.4,62.2,77.6,27.66666666666667,0.1390474111604809,0.891716,7.191791574212446,0.8742276892064549,0.8742276892064549,easy
4742,2015/2016,7,6,5,5.947173204402938,6.876076503149002,3,11,5.742781658428477,5.029402301157106,9,16,10.850799260024594,12.491241862868659,19,36,20.647018694437154,20.37192114945873,6.974683544303797,6.008849557522122,6.405063291139241,5.451327433628317,13.379746835443038,11.46017699115044,18.860759493670887,20.646017699115042,0,5.520631625032721,4.266408921734437,9.787040546767162,21.39155419041001,6.205362481384294,5.229611388019059,11.43497386940335,17.33300455026883,281.0,263.8,246.2,277.4,242.4,306.6666666666667,227.6,210.8,200.2,209.6,184.6,213.6666666666667,43.4,30.8,54.0,75.4,204.0,188.2,215.8,229.4,206.8,88.33333333333334,252.6,211.6,226.4,254.8,207.2,304.3333333333333,359.8,316.6,321.6,348.8,317.4,290.3333333333334,42.2,30.6,57.0,73.0,71.4,58.4,63.0,73.0,66.4,39.0,0.3551797040169133,0.06178301,2.8154761904761907,-0.4550053633871625,-0.4550053633871625,medium
4743,2015/2016,7,7,8,8.225171697012948,4.185820506486973,7,5,7.095066299378584,3.440151174573721,14,13,15.901520181786427,7.393502214110482,27,17,23.74255546043174,13.059506699952788,5.962025316455696,5.690140845070423,6.0,5.028169014084507,11.962025316455696,10.71830985915493,22.696202531645568,19.704225352112676,1,9.24018564261322,6.759025665627622,15.99921130824085,25.15537528066268,4.235015066459344,4.10648847603945,8.341503542498792,17.94849827994376,243.0,224.6,225.6,258.2,209.0,297.0,347.0,331.8,340.8,352.4,312.2,271.3333333333333,43.4,37.2,52.0,74.2,65.0,50.0,60.6,79.2,63.4,22.66666666666667,268.0,239.0,219.2,287.8,226.8,307.0,368.6,324.0,360.6,358.6,340.0,267.6666666666666,42.6,32.4,55.8,79.6,79.6,65.6,68.0,70.0,73.2,29.0,0.3372049456725366,0.92160386,2.9655555555555546,0.8817188797393312,0.8817188797393312,easy
4744,2015/2016,7,4,8,5.322747887659756,5.366761973494012,3,2,5.645670745648939,4.17559084509845,7,10,10.640852793453078,8.872311530563112,15,20,25.05219990605959,19.05854509051622,5.166666666666667,5.496463932107496,4.987179487179487,5.496463932107496,10.153846153846153,10.992927864214993,24.94871794871795,21.30834512022631,1,6.589175411626749,6.194503189538315,12.78367860116508,27.40808917884817,4.373390764300971,4.85157750810071,9.224968272401679,18.04727789488414,270.2,245.0,221.8,249.6,220.2,313.6666666666666,355.2,333.4,360.6,383.0,330.6,237.3333333333333,37.2,27.8,51.2,75.2,74.8,57.6,65.2,67.8,66.8,22.33333333333333,277.0,241.2,241.0,279.6,243.2,308.3333333333333,359.4,336.8,360.8,384.8,328.0,283.6666666666666,35.6,21.0,51.6,69.2,75.2,61.8,68.6,75.6,75.0,17.0,0.5730697301629708,0.96705115,1.7449883449883452,0.9228238100850389,0.9228238100850389,easy
4745,2015/2016,7,7,15,6.770321369823041,7.329833258915248,3,8,6.630876745633776,5.865970132213542,10,23,13.892340319106413,14.0246261209391,21,23,20.331172729431934,20.65683256426179,6.987804878048781,5.935064935064935,6.060975609756097,5.818181818181818,13.048780487804878,11.753246753246753,21.28048780487805,25.467532467532468,1,5.307581390551765,6.492359140009439,11.79994053056121,22.62454985436809,5.241400612553605,6.406223555125002,11.64762416767859,17.14523853731828,277.2,243.2,215.8,234.4,222.0,293.6666666666667,269.8,249.4,273.2,297.8,254.2,182.3333333333333,40.2,29.8,53.8,77.6,151.4,139.2,121.4,161.6,141.6,76.33333333333331,179.0,176.2,168.0,194.8,162.0,227.0,358.4,350.8,381.0,368.2,362.4,283.0,39.8,27.4,57.0,85.4,155.4,131.4,146.4,155.8,148.6,58.66666666666667,0.3147246159610341,0.16620901,3.177380952380952,-0.21672398648736518,-0.21672398648736518,medium
4746,2015/2016,7,7,8,9.537010700423865,5.243699588202462,7,5,7.3275789634697635,4.611763158721441,14,13,17.224886184827938,9.648496728266585,33,26,21.767481206235107,23.156792107791972,5.600870827285921,5.184210526315789,5.470246734397677,4.973684210526316,11.071117561683598,10.157894736842104,21.107402031930334,20.07894736842105,0,5.984546575887335,6.501269317483656,12.48581589337101,25.64232979182287,6.070038816153072,5.714858729598597,11.78489754575167,17.362199826255,276.2,243.8,223.0,281.8,237.8,323.6666666666666,369.8,327.0,363.0,377.0,350.6,268.0,46.6,26.4,51.8,75.8,82.4,67.2,66.2,70.2,74.2,24.33333333333333,252.8,231.0,208.6,265.8,211.4,302.6666666666667,356.4,336.2,365.6,370.6,343.8,293.0,38.4,29.6,52.8,78.4,77.0,70.2,64.0,72.8,72.0,39.0,0.674237047551455,0.07411506,1.483157894736842,-1.8422045780260583,-1.8422045780260583,hard
4747,2015/2016,7,3,5,6.584532280779105,6.5021417746387,4,4,4.335855199667094,7.401945510045066,7,9,11.28966226238747,14.197566486522906,19,15,25.245970431416158,23.668326689205088,5.097222222222222,5.698630136986301,4.819444444444445,5.1506849315068495,9.916666666666666,10.849315068493151,19.72222222222222,20.397260273972602,0,6.972051441902384,5.607455000443439,12.57950644234584,23.33659330304514,5.762395413741911,4.99480086561269,10.7571962793546,18.90172524888321,289.0,263.0,241.2,259.6,251.0,332.3333333333333,382.4,355.8,382.6,398.2,353.2,305.0,45.4,27.4,54.4,76.8,77.4,67.4,79.0,88.2,78.2,15.0,265.8,243.4,233.8,268.8,219.4,319.3333333333334,354.0,335.2,352.0,365.6,311.0,313.3333333333333,37.2,24.4,43.0,78.6,79.8,67.8,57.4,78.8,70.4,29.0,0.6111790721746495,0.05913982,1.6361816782140106,-1.4197775763923817,-1.4197775763923817,hard
4748,2015/2016,7,8,7,6.553704733375747,5.365537885030102,5,3,5.326440251232851,6.561168813745078,13,10,11.842243050729563,11.716142068477296,17,13,28.078044346051463,19.598697169558594,5.081081081081081,5.6189111747851,4.918918918918919,5.6189111747851,10.0,11.2378223495702,25.027027027027028,21.17048710601719,0,6.34287581857807,5.984532017987785,12.32740783656586,26.67040755417991,5.635871025524188,5.433354166124424,11.0692251916486,18.57607529275856,253.2,232.0,194.4,264.8,201.2,303.3333333333333,340.0,327.6,358.6,355.6,326.8,284.0,45.4,27.4,47.8,74.8,70.2,55.4,60.0,73.6,65.6,23.0,253.2,256.2,236.0,272.8,230.0,329.3333333333333,365.6,358.8,391.8,388.8,367.6,255.3333333333333,36.0,18.6,53.2,81.4,81.0,71.4,68.4,62.2,77.6,27.66666666666667,0.1630716134598792,0.041242216,6.132275132275133,-0.1455672855460152,-0.1455672855460152,medium
4749,2015/2016,8,4,5,10.153045809365002,4.783390993817992,5,3,5.132476216904159,2.920743646864686,9,8,16.351386536829242,7.25300209082984,8,28,22.36472239515047,14.249079186795823,6.059574468085105,5.814814814814815,5.4851063829787226,5.604938271604938,11.544680851063827,11.419753086419753,20.672340425531914,25.14814814814815,1,8.423136041396134,5.524602088400082,13.94773812979623,27.54215146496244,3.975735429770792,5.44906230170108,9.424797731471866,16.91494307941312,185.2,173.0,136.8,158.2,148.4,235.0,362.8,336.2,332.8,371.8,322.2,351.0,34.4,23.2,42.8,75.6,151.4,121.8,119.0,151.8,142.6,38.0,255.4,251.8,214.8,252.6,225.8,315.6666666666667,356.8,348.6,386.0,359.8,355.4,253.6666666666666,40.8,30.2,55.6,78.8,78.6,71.6,65.2,70.6,72.4,53.66666666666666,0.3052671323390598,0.9438803,3.275819418676562,0.9192212100262228,0.9192212100262228,easy
4750,2015/2016,8,8,7,7.8046029609504,4.8600022385787796,4,1,6.9920946043119505,3.3025551641100956,12,8,14.891094312239584,7.964332624173732,36,12,22.02020741464301,15.756543861547893,6.609756097560975,5.151898734177215,6.012195121951219,4.962025316455696,12.621951219512194,10.113924050632912,21.634146341463413,24.82278481012658,0,6.82196694457531,6.854372712577627,13.67633965715296,22.69911741929484,4.72695325350205,4.441002788522899,9.167956042024944,19.30340125156598,309.2,272.2,274.8,287.6,260.2,325.6666666666666,365.0,336.8,368.8,363.0,347.2,269.0,39.0,24.8,64.2,81.2,76.6,67.8,71.6,72.0,74.2,38.33333333333334,289.0,270.6,238.2,276.0,245.6,339.0,358.2,338.2,396.0,385.2,362.2,270.6666666666666,38.8,29.0,56.6,80.2,71.4,70.6,85.4,89.6,76.8,24.66666666666667,0.3757621951219512,0.05271727,2.6612576064908726,-0.5175029838478171,-0.5175029838478171,hard
4751,2015/2016,8,8,5,5.856617557513044,4.406948517968529,3,5,5.047312491769486,4.4153428160447366,11,10,10.316353925719014,8.199048360152801,24,14,25.74667340559867,18.17547219461968,5.527932960893855,5.6189111747851,5.4525139664804465,5.489971346704871,10.9804469273743,11.10888252148997,21.29189944134078,21.26074498567335,0,6.775501670477324,6.861695916186004,13.63719758666333,24.85451262731695,5.797943652492828,5.837577783251312,11.63552143574413,22.47387101190296,280.0,236.2,229.0,278.6,216.0,320.0,359.4,317.0,353.6,377.4,333.0,230.6666666666667,48.2,26.6,51.2,77.2,70.8,61.8,61.0,72.6,68.6,23.0,240.6,237.0,190.4,222.0,219.0,305.6666666666667,358.4,344.0,346.8,354.6,341.2,323.3333333333333,40.6,33.0,50.4,72.6,76.2,60.4,59.2,69.2,71.2,20.33333333333333,0.4765957446808511,0.08057426,2.0982142857142856,-0.7566264018537553,-0.7566264018537553,hard
4752,2015/2016,8,6,7,6.176365710033224,7.594198106786275,4,4,6.649243136948417,6.886465716126611,10,11,13.467617433031553,15.317954333521605,21,18,24.243034110247706,23.986828775543053,5.995633187772924,5.975,5.524017467248907,6.0125,11.519650655021831,11.9875,20.8471615720524,22.75,0,9.197885648605423,7.653222644231068,16.85110829283651,23.23075249459055,4.371193832179665,4.355751594116107,8.726945426295767,14.83128244907643,253.2,256.2,236.0,272.8,230.0,329.3333333333333,363.2,343.0,371.2,386.4,346.0,245.0,36.0,18.6,53.2,81.4,81.0,71.4,68.4,62.2,77.6,27.66666666666667,328.6,297.4,252.4,322.2,269.0,373.0,272.2,246.8,272.0,285.8,266.4,162.6666666666667,34.4,23.2,42.8,75.6,75.4,61.6,53.2,71.2,70.8,19.66666666666667,0.7609013754755634,0.7927978,1.3142307692307693,0.13340281010257732,0.13340281010257732,medium
4753,2015/2016,8,15,4,8.670953342869508,4.982731908827034,4,2,7.727626210001805,5.074911584597728,19,6,17.407510814197913,9.773325573779257,30,12,33.635210153657226,13.49888925167966,5.220779220779221,5.068493150684931,4.974025974025974,4.808219178082192,10.194805194805195,9.876712328767123,20.155844155844157,19.71232876712329,1,7.5327833455871,6.048023859771062,13.58080720535817,26.141861404246,4.740622177217429,4.58535262538035,9.32597480259777,18.84545347547521,283.0,259.2,231.2,276.8,242.0,331.0,358.2,338.2,396.0,385.2,362.2,270.6666666666666,45.8,24.4,57.0,82.8,71.4,70.6,85.4,89.6,76.8,24.66666666666667,250.2,222.0,240.6,275.4,208.8,287.6666666666667,347.0,331.8,340.8,352.4,312.2,271.3333333333333,42.2,28.2,47.8,74.6,65.0,50.0,60.6,79.2,63.4,22.66666666666667,0.7131622220633446,0.9600025,1.4022055137844611,0.8605570076915583,0.8605570076915583,easy
4754,2015/2016,8,10,5,3.878066306519951,8.575099935684818,3,6,4.362445794934262,6.0545381456819065,13,11,7.601184770379402,14.821451827980786,18,28,14.852175642417405,22.05779202419843,5.6891891891891895,7.55,5.135135135135135,6.625,10.824324324324325,14.175,20.324324324324323,18.65,0,4.62593873695489,5.695449608138006,10.3213883450929,21.66947736267745,6.326923481623842,5.485708695079188,11.81263217670302,16.94808516831179,268.0,239.0,219.2,287.8,226.8,307.0,361.6,323.4,359.4,361.8,339.6,240.0,42.6,32.4,55.8,79.6,79.6,65.6,68.0,70.0,73.2,29.0,270.2,245.0,221.8,249.6,220.2,313.6666666666666,216.4,225.8,216.2,204.4,204.4,218.3333333333333,37.2,27.8,51.2,75.2,223.0,181.4,209.0,225.0,198.0,83.99999999999999,0.4665629860031104,0.05792359,2.1433333333333335,-0.766049925694052,-0.766049925694052,hard
4755,2015/2016,8,11,4,10.09421425176506,2.998562706482098,7,1,7.342233604009141,3.34076792326788,18,5,18.837287843083175,5.959182907680757,27,15,29.392221791072533,15.075238829855573,6.051282051282051,6.9625,5.846153846153846,6.3625,11.897435897435898,13.325,25.435897435897434,18.8625,1,8.11758149958365,8.102577488958362,16.22015898854202,24.77618134938097,4.886500361029612,4.105771628316822,8.992271989346428,15.11650754258067,251.2,241.6,232.2,276.0,226.6,315.3333333333333,354.8,358.8,365.6,350.8,358.6,273.6666666666667,39.8,27.4,57.0,85.4,70.6,52.6,63.4,78.4,66.2,18.66666666666667,272.2,227.8,211.6,267.4,202.2,319.6666666666666,217.6,220.6,191.6,203.6,191.4,223.3333333333333,48.2,26.6,51.2,77.2,227.8,195.2,209.2,222.6,213.6,110.0,0.6756756756756758,0.8920163,1.4799999999999998,0.6670502324899037,0.6670502324899037,medium
4756,2015/2016,8,5,7,6.626282873465921,3.1700567868710996,7,8,5.929648290932343,5.0391547672620325,12,15,12.354241353958729,8.254738909914028,39,21,18.46249241854548,18.458992446888367,5.636492220650636,5.1625,5.585572842998586,5.2125,11.222065063649222,10.375,21.066478076379067,20.8375,0,5.275446170509935,5.285636898374372,10.56108306888432,23.98174165148957,5.647344272759046,4.630242834682417,10.27758710744146,17.90501473237912,276.8,241.2,241.0,279.6,243.2,306.6666666666666,376.0,348.4,361.4,375.0,337.8,319.6666666666666,35.6,21.0,51.6,69.2,75.2,61.8,68.6,75.6,75.0,17.0,276.2,243.8,223.0,281.8,237.8,323.6666666666666,213.0,211.4,213.0,218.0,190.8,214.3333333333333,46.6,26.4,51.8,75.8,226.0,180.8,202.6,226.8,206.2,111.0,0.1701453655483893,0.020918911,5.87732728879765,-0.1798224038054713,-0.1798224038054713,medium
4757,2015/2016,8,4,9,7.19472481286231,7.872324648115639,6,8,6.5641930805630615,5.395912519934976,10,17,14.182319552099353,12.604855398677485,7,27,22.27940637516878,19.93501726552814,5.115384615384615,5.12,4.884615384615385,4.92,10.0,10.04,18.397435897435898,24.92,0,6.506319284927288,6.600973064072096,13.10729234899939,26.02158783987948,5.135256217669647,5.912905590207236,11.04816180787687,15.44468809944439,277.8,257.2,256.2,279.0,238.0,320.3333333333334,356.2,335.8,373.2,381.6,338.6,275.3333333333333,37.2,24.4,43.0,78.6,77.8,65.0,60.0,58.0,71.6,28.33333333333333,281.6,247.2,240.8,263.4,234.8,303.6666666666667,227.6,210.8,200.2,209.6,184.6,213.6666666666667,43.4,30.8,54.0,75.4,218.2,184.6,201.6,222.0,209.2,75.0,0.6521739130434783,0.06745948,1.5333333333333332,-1.6810540258884434,-1.6810540258884434,hard
4758,2015/2016,8,6,14,8.15523318588377,6.993176271149469,4,5,5.098330264150533,4.810313220792027,10,19,14.183435356363777,11.643478123715205,23,26,17.563968557817063,15.05135574694857,5.722222222222222,6.9879518072289155,5.027777777777778,6.024096385542169,10.75,13.012048192771084,19.666666666666668,21.27710843373494,0,8.24585805750084,6.359993594048937,14.60585165154979,25.05998813355345,4.652300345983998,4.943004646021328,9.595304992005316,16.34991289825787,255.4,252.6,215.4,252.6,225.8,316.3333333333334,359.0,344.8,373.4,364.8,341.8,289.6666666666666,40.8,30.2,55.6,78.8,61.6,57.2,79.2,80.6,68.2,20.33333333333333,289.0,263.0,241.2,259.6,251.0,332.3333333333333,368.4,341.8,378.2,398.2,349.6,272.6666666666667,49.0,35.4,56.4,82.8,85.4,67.0,63.8,72.8,71.2,31.66666666666667,0.1851599727705922,0.028277254,5.400735294117648,-0.19253191953321097,-0.19253191953321097,medium
4759,2015/2016,9,5,4,9.3562830393935,5.900216025311286,4,6,5.637119240576449,4.781062236572183,9,10,15.52305191693612,10.35094949460731,18,15,25.984714870257548,19.326085838124015,5.995689655172413,6.626506024096385,5.504310344827585,5.9879518072289155,11.499999999999998,12.614457831325302,20.84913793103448,21.80722891566265,1,7.468930489986677,7.150994447062166,14.61992493704885,21.86303242173591,4.84615325127603,4.988646457350791,9.834799708626807,18.60560322366538,252.8,231.0,208.6,265.8,211.4,302.6666666666667,355.4,336.2,365.6,368.8,343.8,293.0,38.4,29.6,52.8,78.4,77.4,64.2,62.8,66.2,74.4,35.33333333333334,277.2,243.2,215.8,234.4,222.0,293.6666666666667,269.8,249.4,273.2,297.8,254.2,182.3333333333333,40.2,29.8,53.8,77.6,148.6,133.0,120.6,145.2,136.2,79.66666666666666,0.3602388749759199,0.5659757,2.7759358288770053,0.3215838578299419,0.3215838578299419,medium
4760,2015/2016,9,3,10,8.018997695392313,7.487258048696579,1,11,6.860320551223007,5.791586679975563,4,21,15.065653068586236,13.10950146412124,12,23,26.34207605008173,19.649927999879804,5.346153846153846,5.171052631578948,4.961538461538462,4.9605263157894735,10.307692307692308,10.131578947368421,20.28205128205128,24.94736842105263,0,6.606187456362138,6.114859264904328,12.72104672126647,26.03726038701264,4.880190774820444,5.864548144134412,10.74473891895484,16.96487296785461,252.6,211.6,226.4,254.8,207.2,304.3333333333333,366.4,313.8,325.4,355.8,325.2,249.6666666666667,42.2,30.6,57.0,73.0,71.4,58.4,63.0,73.0,66.4,39.0,253.2,232.0,194.4,264.8,201.2,303.3333333333333,355.2,325.4,358.0,373.6,321.0,277.0,34.4,27.0,49.6,68.6,70.2,55.4,60.0,73.6,65.6,23.0,0.4521801543154494,0.07033959,2.211507936507937,-0.697018518931663,-0.697018518931663,hard
4761,2015/2016,9,10,6,4.111095278318291,5.810496704173406,7,2,2.9482918899758834,4.599792598225801,17,8,6.419182438456875,9.936302167943513,16,18,12.99216911749371,26.070817570938168,5.746666666666667,5.804878048780488,5.1066666666666665,5.573170731707317,10.853333333333333,11.378048780487806,20.293333333333333,25.182926829268293,0,6.30417529132179,4.635278748063747,10.93945403938554,24.94171905921726,6.657042286670521,4.108789115627022,10.76583140229753,18.77402139630462,254.0,250.4,223.6,222.0,233.4,288.0,345.4,331.4,327.4,356.2,341.8,326.6666666666666,40.6,33.0,50.4,72.6,76.2,60.4,59.2,69.2,71.2,20.33333333333333,309.4,274.2,275.6,287.4,260.4,326.0,365.0,333.0,370.0,357.6,345.6,265.3333333333333,39.0,24.8,64.2,81.2,77.0,68.6,71.6,72.8,74.6,38.33333333333334,0.2046240110607574,0.062157992,4.887012012012011,-0.17911782795891623,-0.17911782795891623,medium
4762,2015/2016,9,6,2,7.882481136237339,3.6513563716827235,5,4,6.925839991825914,2.7920425348237767,11,6,15.15769434088077,6.295844097872806,10,28,20.532169937034137,17.597594295257178,6.113924050632911,5.558620689655172,5.860759493670886,5.422068965517242,11.974683544303797,10.980689655172414,25.455696202531644,21.32551724137931,1,8.147092443058334,7.945558547401765,16.09265099046011,22.68347226145202,4.17322689185781,3.521028954970651,7.694255846828451,16.875553478911,281.6,247.2,240.8,263.4,234.8,303.6666666666667,227.6,210.8,200.2,209.6,184.6,213.6666666666667,43.4,30.8,54.0,75.4,218.2,184.6,201.6,222.0,209.2,75.0,253.2,256.2,236.0,272.8,230.0,329.3333333333333,358.2,342.4,373.0,388.2,355.6,234.0,36.0,18.6,53.2,81.4,81.0,71.4,68.4,62.2,77.6,27.66666666666667,0.149527200163269,0.9635517,6.68774643615408,0.9571434854920777,0.9571434854920777,easy
4763,2015/2016,9,2,11,6.113721391630424,5.701614262643563,2,6,5.278347317193635,6.013647096123714,4,17,11.180140212542996,12.147359551356153,17,28,19.82347838167407,22.044602354353273,6.925925925925926,5.628491620111731,6.296296296296297,5.603351955307263,13.222222222222221,11.231843575418994,18.814814814814813,21.29189944134078,1,5.535068596752654,4.757600721687543,10.2926693184402,26.1726206093257,4.687287413866367,5.304462572950643,9.991749986817009,15.585087538569,250.2,222.0,240.6,275.4,208.8,287.6666666666667,347.0,331.8,340.8,352.4,312.2,271.3333333333333,42.2,28.2,47.8,74.6,65.0,50.0,60.6,79.2,63.4,22.66666666666667,227.2,212.6,206.6,252.6,198.8,280.0,355.0,334.2,367.0,365.0,352.8,216.0,39.8,27.4,57.0,85.4,70.6,52.6,63.4,78.4,66.2,18.66666666666667,0.2875,0.9100621,3.4782608695652177,0.8737713328579015,0.8737713328579015,easy
4764,2015/2016,9,3,9,7.660826857484963,2.421850301124829,6,10,7.089878089573402,4.541056777845636,9,19,14.755624909461076,7.188801427260277,16,28,27.833120771188145,18.39260492991435,5.987654320987654,5.185185185185185,5.987654320987654,5.246913580246914,11.975308641975309,10.432098765432098,22.691358024691358,20.839506172839506,0,4.585289842121232,4.951229519912498,9.536519362033737,22.27865473383361,5.288940601207782,5.577605889940355,10.86654649114814,18.90678189792401,270.2,245.0,221.8,249.6,220.2,313.6666666666666,215.4,214.8,224.8,219.8,206.0,180.3333333333333,37.2,27.8,51.2,75.2,214.8,176.6,201.2,231.0,191.6,79.33333333333333,277.8,257.2,256.2,279.0,238.0,320.3333333333334,348.8,323.2,321.8,361.0,295.2,330.3333333333333,47.8,25.8,53.8,68.2,79.8,67.8,57.4,78.8,70.4,29.0,0.3767123287671233,0.065433435,2.6545454545454543,-0.499414484170112,-0.499414484170112,medium
4765,2015/2016,9,4,2,8.931468764605093,5.993946900822493,9,6,5.100916883063947,3.3613812373765066,13,8,14.234109530475273,9.029000804337631,20,8,21.77200574279705,15.691282670673257,5.726027397260274,5.175,5.013698630136986,4.9125,10.73972602739726,10.0875,19.71232876712329,24.6625,0,7.671259681461791,7.657163726122204,15.32842340758402,23.45832153378421,5.018880802795628,5.68681614090189,10.70569694369751,19.21530728124819,277.2,243.2,215.8,234.4,222.0,293.6666666666667,269.8,249.4,273.2,297.8,254.2,182.3333333333333,40.2,29.8,53.8,78.0,148.6,133.0,120.6,145.2,136.2,79.66666666666666,282.4,271.6,236.0,254.8,249.0,339.0,362.2,345.4,393.0,403.6,357.4,280.3333333333333,45.8,24.4,57.0,82.8,77.6,73.8,65.8,70.6,76.2,33.66666666666666,0.305251438114678,0.046511397,3.2759878419452897,-0.3724225583112136,-0.3724225583112136,medium
4766,2015/2016,9,8,8,7.349764792711719,7.872935291398911,5,2,5.366429203737818,6.4631876017222,13,10,12.983388509742232,14.641817681555569,20,16,19.48239900835039,19.435588117633465,7.071428571428571,7.518518518518518,6.011904761904762,6.617283950617284,13.083333333333334,14.135802469135802,21.333333333333332,18.765432098765434,0,5.832287507159979,5.620724698339624,11.4530122054996,26.38213184544442,5.191730115617539,5.610860639857382,10.80259075547492,17.04337891509932,276.2,243.8,223.0,281.8,237.8,323.6666666666666,232.2,220.2,226.6,219.0,218.4,211.3333333333333,46.6,26.4,51.8,75.8,224.2,192.4,224.8,230.8,218.2,96.66666666666667,254.0,250.4,223.6,222.0,233.4,288.0,352.2,338.2,325.4,339.8,340.0,349.3333333333333,40.6,33.0,50.4,72.6,76.2,60.4,59.2,69.2,71.2,20.33333333333333,0.6969919295671314,0.024069464,1.434736842105263,-2.2208070164415585,-2.2208070164415585,hard
4767,2015/2016,9,4,11,5.909813336549817,11.70401152928673,5,4,4.320256795159454,6.158156806206082,9,15,9.75146866307665,18.62955783209736,17,22,23.84737007401589,22.0684455791725,5.611032531824611,6.03361344537815,5.483734087694484,5.478991596638655,11.094766619519094,11.512605042016805,21.168316831683168,20.512605042016805,0,3.99915760094723,5.355548537596487,9.354706138543717,23.77858361291274,6.639867278807463,6.803056766363401,13.44292404517086,20.21013406697987,285.2,249.2,236.0,292.8,241.4,333.6666666666667,361.2,336.0,386.4,408.0,355.6,251.3333333333333,49.0,35.4,56.4,82.8,85.4,67.0,63.8,72.8,71.2,31.66666666666667,259.6,246.2,233.6,258.6,214.6,315.6666666666667,340.4,331.2,351.2,356.2,332.6,304.3333333333333,38.4,29.6,52.8,78.4,79.6,72.0,72.6,79.6,75.2,63.66666666666666,0.7491486946651532,0.07166502,1.334848484848485,-2.7007380034858817,-2.7007380034858817,hard
4768,2015/2016,9,4,4,8.719601283631025,6.640692915437336,4,4,5.666086123140211,5.263404802830645,8,8,14.741547791357123,12.048029401946923,26,23,23.373254512030947,16.76693921929375,5.054054054054054,5.10126582278481,4.77027027027027,4.89873417721519,9.824324324324325,10.0,19.60810810810811,18.253164556962027,1,7.179970000546856,5.660460047266291,12.84043004781316,26.49616243579047,5.830521681570107,4.650710926962939,10.48123260853304,17.11546293850617,267.0,242.0,212.2,274.8,220.6,305.3333333333334,338.0,312.0,354.2,371.0,318.2,265.0,34.4,27.0,49.6,69.4,80.0,69.0,66.0,76.4,71.0,36.0,287.4,269.0,249.2,293.6,253.6,323.6666666666667,362.0,324.8,360.6,361.8,341.8,241.6666666666667,42.6,32.4,55.8,79.6,80.2,65.8,68.0,70.0,73.6,29.0,0.337174159425765,0.9623083,2.965826330532213,0.9431348175158627,0.9431348175158627,easy
4399,2015/2016,10,9,5,10.96019026088664,5.670029241274188,9,4,6.557209039762166,3.6244732586708177,18,9,17.71734476519059,9.898183744813359,24,18,28.31427193347,14.76303214435989,6.095435684647302,5.802631578947368,5.46058091286307,5.131578947368421,11.556016597510371,10.93421052631579,20.531120331950206,20.236842105263158,1,8.137473528198257,4.627322609749164,12.76479613794743,24.86439041838339,4.602408489012557,3.782342581008135,8.384751070020677,16.61943349264345,252.6,233.6,211.6,249.8,214.2,302.0,212.6,193.8,202.6,219.2,196.8,176.6666666666667,34.4,23.2,42.8,75.6,204.4,174.2,179.4,220.2,199.6,71.66666666666667,252.6,211.6,226.4,254.8,207.2,304.3333333333333,280.2,260.4,285.8,271.4,267.8,223.3333333333333,42.2,30.6,57.0,73.0,151.6,122.4,120.2,143.2,131.2,62.0,0.335407327253053,0.82861525,2.9814494757460537,0.7421206118804449,0.7421206118804449,easy
4400,2015/2016,10,4,3,5.797761824928335,5.5648124717189935,4,5,5.8156704973778615,3.4482167696282677,8,8,11.351938798753647,9.23707657086572,22,16,21.063870016845556,14.154412171680383,6.595238095238095,5.702702702702703,5.988095238095238,5.0675675675675675,12.583333333333334,10.77027027027027,21.726190476190474,19.716216216216218,0,8.05249012468072,6.568582146076361,14.62107227075709,21.54386419474618,5.633506577176686,5.315222651213469,10.94872922839016,17.28854188651976,309.6,275.2,275.6,287.6,261.0,326.0,337.4,321.6,365.6,355.2,333.8,249.0,39.0,24.8,64.2,81.2,77.8,68.6,71.2,72.8,74.8,38.33333333333334,276.8,241.2,241.0,279.6,243.2,306.6666666666666,295.2,276.6,288.6,306.8,260.8,265.6666666666666,35.6,21.0,51.6,69.2,156.0,133.6,141.4,143.8,152.0,71.0,0.7151112395261485,0.121575184,1.3983838383838383,-2.0833958479109214,-2.0833958479109214,hard
4401,2015/2016,10,4,7,6.644296396127394,7.562161883743285,5,2,4.037013317463645,4.724661038609771,9,9,10.239399721869663,12.271471322048452,24,19,23.18344108736978,15.571476927814214,5.514986376021798,7.08235294117647,5.4046321525885554,6.0,10.919618528610354,13.08235294117647,21.407356948228884,21.31764705882353,0,5.470566137040299,5.68726567172452,11.15783180876483,23.00126938268967,6.81926750003612,7.319103178900622,14.13837067893674,20.90208601298408,267.0,227.8,215.8,247.8,202.4,313.3333333333333,363.8,347.4,338.0,364.2,329.0,293.0,48.2,26.6,51.2,77.2,83.0,69.0,58.0,65.4,74.2,43.66666666666666,255.4,252.6,215.4,252.6,225.8,316.3333333333334,360.4,342.2,364.0,348.4,345.4,296.3333333333333,40.8,30.2,55.6,78.8,61.6,57.2,79.2,80.6,68.2,20.33333333333333,0.3698407791003246,0.035874948,2.703866248693835,-0.5299705449154987,-0.5299705449154987,hard
4402,2015/2016,10,5,5,9.139614755997627,5.33020434523586,6,3,10.102709326209919,3.5916725721617015,11,8,20.73546456033845,8.138091849760405,20,19,27.877393903385276,16.674781037515302,5.2317073170731705,5.3164556962025316,5.304878048780488,4.9113924050632916,10.536585365853659,10.227848101265822,20.926829268292682,20.17721518987342,1,6.032606066211408,8.329937181170521,14.36254324738195,25.93606340429344,5.614755687747405,4.680413965838291,10.29516965358569,16.30774921347154,253.2,256.2,236.0,272.8,230.0,329.3333333333333,358.2,342.4,373.0,388.2,355.6,234.0,36.0,18.6,53.2,81.4,81.0,71.4,68.4,62.2,77.6,27.66666666666667,303.4,264.8,251.8,282.2,250.4,332.6666666666667,382.8,368.8,396.2,391.2,366.0,279.0,49.0,35.4,56.4,82.8,77.4,67.4,79.0,88.2,78.2,15.0,0.3973509933774835,0.9569964,2.5166666666666666,0.9286423469637777,0.9286423469637777,easy
4403,2015/2016,10,6,4,8.300378355905524,5.055695982261326,9,4,6.711533682091678,5.462011315546878,15,8,15.501542387141955,10.845457789836441,23,21,21.124545051940522,18.18907237701226,7.524390243902439,5.951219512195122,6.560975609756097,5.987804878048781,14.085365853658537,11.939024390243903,18.73170731707317,22.609756097560975,0,7.047379735698485,5.806750153370361,12.85412988906887,25.95757003931872,5.107335219795797,4.900951277939587,10.00828649773538,17.66499460335957,282.4,271.6,236.0,254.8,249.0,339.0,358.2,338.2,396.8,385.2,362.2,270.6666666666666,45.8,24.4,57.0,82.8,77.6,73.8,65.8,70.6,76.2,33.66666666666666,328.2,297.0,261.0,309.0,267.2,381.0,279.4,253.0,272.2,280.8,265.0,213.6666666666667,34.4,23.2,42.8,75.6,76.0,60.2,65.8,80.6,71.8,18.33333333333333,0.733048259010385,0.81449497,1.3641666666666665,0.30509899710081245,0.30509899710081245,medium
4404,2015/2016,10,1,3,6.0516158407978775,6.701676005617122,3,4,3.789789058603518,3.5655327312355714,4,7,9.63217554158631,10.638974230421601,27,13,22.474527052419607,12.47450757326971,5.807228915662651,6.1125,5.530120481927711,5.85,11.337349397590362,11.9625,25.096385542168676,25.2625,0,6.88257814334811,5.099836157700146,11.98241430104826,22.05275982517284,5.755540990241591,4.969261528723298,10.72480251896488,18.33559996749106,287.4,269.0,249.2,293.6,253.6,323.6666666666667,362.0,324.8,360.6,361.8,341.8,241.6666666666667,42.6,32.4,55.8,79.6,80.2,65.8,68.0,70.0,73.6,29.0,275.8,251.2,219.2,232.2,224.0,286.0,273.2,245.8,274.6,295.4,262.4,180.6666666666667,40.2,29.8,53.8,78.0,151.4,139.2,121.4,161.6,141.6,76.33333333333331,0.4665629860031104,0.015696486,2.1433333333333335,-0.845210394618419,-0.845210394618419,hard
4405,2015/2016,10,5,3,9.069878634312534,2.714230561409411,9,2,7.524564368967996,2.652471433868549,14,5,17.061266674915988,5.112703200748912,38,19,32.30747957923934,12.126773097527039,5.695172413793103,5.04,5.6082758620689654,4.76,11.303448275862069,9.8,21.375172413793102,19.69333333333333,0,7.271755224217404,6.694129676889865,13.96588490110727,25.23067228033351,5.294216869759964,4.421313707936727,9.715530577696688,17.20466519055454,269.4,252.0,248.8,279.8,247.6,280.0,371.6,330.4,368.2,369.4,361.0,206.0,39.8,27.4,57.0,85.4,84.8,78.8,83.0,77.4,82.4,40.0,265.0,230.0,199.2,264.4,208.8,302.0,338.0,312.0,354.2,371.0,318.2,265.0,34.4,27.0,49.6,69.4,80.0,69.0,66.0,76.4,71.0,36.0,0.6698774080560421,0.051622722,1.4928104575163397,-1.872803265747642,-1.872803265747642,hard
4406,2015/2016,10,2,7,6.500093283915353,6.256691677896359,9,5,4.848546272766376,4.458500600386245,11,12,10.830269804681805,10.57159360491039,28,11,26.309529114639044,20.223260656735054,5.135802469135802,5.590782122905027,4.925925925925926,5.477653631284916,10.061728395061728,11.068435754189943,24.45679012345679,21.115921787709496,0,8.893765094374201,5.991904013677917,14.88566910805214,26.11131952459076,4.819276519797732,4.348037761060083,9.167314280857816,18.84429737450828,276.8,241.2,241.0,279.6,243.2,306.6666666666666,376.0,348.4,361.4,375.0,337.8,319.6666666666666,35.6,21.0,51.6,69.2,75.2,61.8,68.6,75.6,75.0,17.0,281.6,247.2,240.8,263.4,234.8,303.6666666666667,214.8,202.2,211.8,206.8,187.8,201.3333333333333,43.4,30.8,54.0,75.4,219.2,198.6,202.4,233.8,200.4,126.0,0.4765957446808511,0.020827554,2.0982142857142856,-0.8707766445065902,-0.8707766445065902,hard
4407,2015/2016,10,4,13,7.802338701583973,5.591257727848967,3,6,5.116053561070221,5.047298278676429,7,19,13.657417562491958,9.390334598805707,15,29,23.337739809046646,18.340327371283326,5.0875,6.865853658536586,4.8875,6.2439024390243905,9.975,13.109756097560975,18.3125,18.79268292682927,1,6.261154757602895,6.644480276089549,12.90563503369245,28.89115409023577,5.44826044051014,5.005034988278894,10.45329542878904,17.9011216728782,277.8,257.2,256.2,279.0,238.0,320.3333333333334,357.0,344.0,370.6,384.2,328.6,280.6666666666667,47.8,25.8,53.8,68.2,77.8,65.0,60.0,58.0,71.6,28.33333333333333,301.6,271.0,274.6,284.6,254.4,326.3333333333334,365.6,336.0,370.4,357.8,346.0,276.0,39.0,24.8,64.2,81.2,77.8,68.6,71.2,72.8,74.8,38.33333333333334,0.3625285605483625,0.9630673,2.758403361344538,0.942063746628938,0.942063746628938,easy
4408,2015/2016,10,6,5,7.427258975171471,5.01009863877958,3,5,5.7285467966523616,5.094791255104656,9,10,13.164072464300814,8.867387814235316,28,15,24.678842826306585,18.16682601152522,5.233766233766234,5.982978723404254,5.038961038961039,5.4851063829787226,10.272727272727273,11.468085106382976,24.92207792207792,20.812765957446807,1,5.487492693373601,5.179659876025208,10.66715256939881,22.16351178872913,7.095816560980045,6.443139958368613,13.53895651934865,21.14435101643803,255.4,252.6,216.2,252.6,226.6,317.0,218.8,202.0,221.0,206.4,206.8,173.6666666666667,40.8,30.2,55.6,78.8,209.4,199.4,237.6,240.0,213.0,122.0,270.2,245.0,221.8,249.6,220.2,313.6666666666666,280.4,265.8,279.6,298.8,260.4,210.6666666666667,37.2,27.8,51.2,76.0,150.0,118.4,134.4,149.4,129.2,47.33333333333333,0.3902439024390245,0.8952864,2.562499999999999,0.8282696652412413,0.8282696652412413,easy
4409,2015/2016,11,5,8,6.130573553855591,7.536698906830844,1,5,4.936761631744364,5.403962959216718,6,13,10.73945630764281,12.336681497973368,15,20,21.17630255449499,16.800282693649386,5.970588235294117,7.506024096385542,5.478991596638655,6.590361445783133,11.449579831932772,14.096385542168674,20.73949579831933,18.783132530120483,0,8.119690687853153,7.153455928061993,15.27314661591516,22.64257908859815,5.061544951775574,4.760226597841339,9.821771549616916,14.42026147113883,259.6,246.2,233.6,258.6,214.6,315.6666666666667,198.0,207.2,207.6,206.8,194.4,211.6666666666667,38.4,29.6,52.8,78.4,232.2,203.4,214.8,214.8,223.6,154.0,267.0,227.8,215.8,247.8,202.4,313.3333333333333,363.8,347.4,338.0,364.2,329.0,293.0,48.2,26.6,51.2,77.2,70.8,62.8,65.6,63.8,66.0,12.0,0.4637985309548793,0.053144302,2.156108597285068,-0.7658581047185827,-0.7658581047185827,hard
4410,2015/2016,11,9,3,5.082769630984023,6.4427543247733965,6,2,2.816028175694979,5.718292814953661,15,5,7.807756324888269,11.378490843933925,24,18,17.977958840811496,18.503145102551713,5.3125,5.75,4.8875,5.5,10.2,11.25,20.1625,25.11904761904762,0,5.890423625033089,4.303450631853126,10.19387425688621,23.44310538517822,6.867915360221589,5.362851862727863,12.23076722294945,19.00103941641409,252.6,211.6,226.4,254.8,207.2,304.3333333333333,280.2,260.4,285.8,271.4,267.8,223.3333333333333,42.2,30.6,57.0,73.0,151.6,122.4,120.2,143.2,131.2,62.0,278.0,243.6,225.8,291.4,231.8,321.3333333333333,221.0,214.4,213.0,211.6,196.0,222.3333333333333,40.0,18.6,50.2,72.6,218.8,187.2,235.8,239.2,219.8,108.0,0.2314540059347181,0.030045323,4.32051282051282,-0.26206457738595584,-0.26206457738595584,medium
4411,2015/2016,11,4,11,11.215612811774506,4.305424910084663,6,4,7.26601827028356,3.6948788717625876,10,15,19.34970581112805,7.372478656391906,17,16,27.80857517817323,16.387869160182237,5.792207792207792,5.074074074074074,5.116883116883117,4.864197530864198,10.909090909090908,9.938271604938272,20.207792207792206,18.271604938271604,1,6.705243226189792,7.561822900756671,14.26706612694647,22.27748950524774,4.501649544766647,4.506605858365925,9.008255403132566,16.34399634085589,254.0,250.4,223.6,222.0,233.4,288.0,352.2,338.2,325.4,339.8,340.0,349.3333333333333,40.6,33.0,50.4,72.6,76.2,60.4,59.2,69.2,71.2,20.33333333333333,250.2,222.0,240.6,275.4,208.8,287.6666666666667,347.0,331.8,340.8,352.4,312.2,271.3333333333333,42.2,28.2,47.8,74.6,72.8,68.0,55.6,63.8,67.2,25.33333333333333,0.3812824956672444,0.79901487,2.622727272727272,0.675158481471011,0.675158481471011,medium
4412,2015/2016,11,8,4,8.256232427538949,3.7076323531113955,7,1,6.7623602672802,4.256941729983873,15,5,15.146241313651693,8.219739700256627,27,11,21.56172040215033,23.01649618624645,6.074074074074074,5.686648501362398,5.827160493827161,5.6498637602179835,11.901234567901234,11.336512261580381,25.11111111111111,21.579019073569484,1,8.046015376114369,7.568644990633977,15.61466036674835,24.83226477223543,5.062986814594931,4.018969188310522,9.081956002905454,17.82200252554177,281.6,247.2,240.8,263.4,234.8,303.6666666666667,292.4,273.0,271.6,282.2,244.0,278.3333333333334,43.4,30.8,52.8,75.4,149.8,121.6,131.2,140.4,139.8,49.33333333333333,267.0,227.8,215.8,247.8,202.4,313.3333333333333,367.2,343.4,344.4,361.8,331.8,290.0,48.2,26.6,51.2,77.2,81.4,59.0,68.6,78.8,68.6,45.33333333333334,0.3615859209062405,0.78813,2.7655944055944057,0.6681307295599365,0.6681307295599365,medium
4413,2015/2016,11,10,2,7.567232339349449,5.156965205136582,5,5,5.184568818586335,5.162149333172724,15,7,12.595042155335065,10.148670914320704,33,20,23.198010294978253,17.06872953265264,6.9397590361445785,5.097560975609756,6.240963855421687,4.975609756097561,13.180722891566266,10.073170731707316,18.91566265060241,24.5,0,6.941780078629385,5.463778822787694,12.4055589014171,23.50835476655887,3.974045314467004,4.323464168514676,8.297509482981665,16.76175259130904,250.2,222.0,240.6,275.4,208.8,287.6666666666667,347.0,331.8,340.8,352.4,312.2,271.3333333333333,42.2,28.2,47.8,74.6,72.8,68.0,55.6,63.8,67.2,25.33333333333333,270.2,245.0,221.8,249.6,220.2,313.6666666666666,280.4,265.8,279.6,298.8,260.4,210.6666666666667,37.2,27.8,51.2,76.0,142.0,128.0,130.0,149.0,132.0,97.0,0.3956834532374101,0.113146506,2.527272727272727,-0.467531391197727,-0.467531391197727,medium
4414,2015/2016,11,3,6,5.536140893327868,3.1598719440359258,7,10,6.357656860283287,4.366335741356325,10,16,11.358251531316455,7.137442342969835,19,18,20.41122635307187,20.26059633054807,5.927710843373494,5.496635262449529,5.963855421686747,5.399730820995962,11.891566265060241,10.896366083445491,22.59036144578313,21.438761776581426,1,7.012565856303285,6.293954455545792,13.30652031184908,27.43153864382059,3.435068708171696,4.517928848803977,7.95299755697568,19.6738392326934,284.8,269.4,229.6,260.2,248.0,347.0,358.2,338.2,396.8,385.2,362.2,270.6666666666666,45.8,24.4,57.0,82.8,77.6,73.8,65.8,70.6,76.2,33.66666666666666,269.8,223.4,233.2,261.6,216.8,312.3333333333333,280.2,260.4,285.8,271.4,267.8,223.3333333333333,42.2,30.6,57.0,73.0,151.6,122.4,120.2,143.2,131.2,62.0,0.6613756613756613,0.95519084,1.5120000000000002,0.86767294164747,0.86767294164747,easy
4415,2015/2016,11,7,3,4.763310984794749,10.738513309554047,1,7,4.327770218732513,5.850662970753808,8,10,8.490924223641404,17.16954090468007,20,16,18.002828069627327,16.957731312703253,5.666666666666667,6.131147540983606,5.066666666666666,5.504098360655736,10.733333333333333,11.635245901639342,19.666666666666668,20.573770491803277,0,4.626679886545202,5.93227463695253,10.55895452349776,23.39457913624631,6.160055705276214,5.845130644851445,12.00518635012765,19.32310242839513,279.6,246.4,229.0,284.0,234.0,323.3333333333333,295.2,270.0,305.8,305.6,285.0,215.3333333333333,46.6,26.4,51.8,75.8,148.0,118.6,138.6,155.8,147.8,59.66666666666666,277.2,243.2,215.8,234.4,222.0,293.6666666666667,273.2,245.8,274.6,295.4,262.4,180.6666666666667,40.2,29.8,53.8,78.0,151.4,139.2,121.4,161.6,141.6,76.33333333333331,0.4986876640419948,0.028267566,2.0052631578947366,-0.9383772671105665,-0.9383772671105665,hard
4416,2015/2016,11,8,6,9.053955700992578,4.847846955739124,4,6,5.1769063690165265,4.771024009653343,12,12,14.459127361071207,9.480397538311813,18,16,22.34593338946486,20.16793139509827,7.0813953488372094,6.564705882352941,5.953488372093023,5.964705882352941,13.034883720930232,12.529411764705882,21.290697674418606,21.729411764705883,1,6.515040150245507,6.34382402635145,12.85886417659696,22.67657096163344,3.833227958286233,4.973780660264564,8.80700861855078,17.18124374748067,303.4,264.8,251.8,282.2,250.4,332.6666666666667,374.8,351.8,395.4,400.0,365.0,263.3333333333334,49.0,35.4,56.4,82.8,85.4,67.0,63.8,72.8,71.2,31.66666666666667,253.4,233.8,212.0,249.8,214.4,302.0,209.0,200.4,225.6,212.4,198.0,156.6666666666667,43.4,22.4,56.2,73.0,218.4,186.4,180.0,206.0,211.4,77.00000000000001,0.7913043478260869,0.9338475,1.2637362637362637,0.6830192084113756,0.6830192084113756,medium
4417,2015/2016,11,12,3,5.767174457408345,6.101043649785923,6,4,6.548128518892484,4.97555181520551,18,7,11.564038756780448,10.954248640676687,19,16,18.165890230197114,24.365531763721883,5.6082758620689654,5.243589743589744,5.471724137931035,5.012820512820513,11.08,10.256410256410257,20.990344827586206,24.96153846153846,1,5.031314188429931,6.322483106253806,11.35379729468374,24.00856092401275,5.307974584152652,6.490369582400329,11.79834416655297,21.04146783318068,276.8,241.2,241.0,279.6,243.2,306.6666666666666,359.4,336.8,360.8,384.8,328.0,283.6666666666666,35.6,21.0,51.6,69.2,75.0,57.8,54.6,61.8,69.2,17.0,287.4,269.0,249.2,293.6,253.6,323.6666666666667,217.0,212.0,218.6,202.2,208.0,187.3333333333333,42.6,32.4,55.8,79.6,217.0,186.8,214.2,239.8,212.8,111.3333333333333,0.2968388589051658,0.92570436,3.3688311688311683,0.8943405207573321,0.8943405207573321,easy
4418,2015/2016,11,7,5,3.5958852577039613,5.315198318749423,4,5,3.4279532727024984,6.9765426199920775,11,10,6.318436071129682,12.354334769627162,25,23,18.978189495230716,27.283314417236085,5.0131578947368425,5.228915662650603,4.723684210526316,5.313253012048193,9.736842105263158,10.542168674698795,19.68421052631579,20.91566265060241,0,5.725743004677645,4.874958829229512,10.60070183390716,21.89622575201179,6.145411603881534,5.017758745663947,11.16317034954548,17.79897576446608,272.4,248.2,241.2,270.0,222.6,316.6666666666667,359.4,346.8,368.8,379.8,321.6,308.0,37.2,24.4,43.0,78.6,79.8,67.8,57.4,78.8,70.4,29.0,253.2,256.2,236.0,272.8,230.0,329.3333333333333,358.2,342.4,373.0,388.2,355.6,234.0,36.0,18.6,53.2,81.4,81.0,71.4,68.4,62.2,77.6,27.66666666666667,0.2642238998342847,0.032509208,3.784668989547038,-0.314925548759428,-0.314925548759428,medium
4419,2015/2016,12,2,4,10.538786051145257,7.481315517327493,5,9,7.315693627869562,2.990924980330959,7,13,18.20752607761628,10.49634687248398,23,17,23.15642628013859,18.087949913279118,6.093117408906881,7.091954022988506,5.522267206477732,5.931034482758621,11.615384615384613,13.022988505747126,20.51821862348178,21.25287356321839,0,7.766756006338721,4.795518169936681,12.56227417627541,25.17392994581426,4.825306177461132,5.431858719753306,10.25716489721443,19.54077123984515,255.4,252.6,216.2,252.6,226.6,317.0,358.6,345.2,373.4,364.6,342.2,289.6666666666666,40.8,30.2,55.6,78.8,61.6,57.2,79.2,80.6,68.2,20.33333333333333,269.4,252.0,248.8,279.8,247.6,280.0,367.6,353.0,383.4,369.6,360.8,239.0,39.8,27.4,57.0,85.4,70.6,52.6,63.4,78.4,66.2,18.66666666666667,0.2916584109371904,0.049186498,3.4286684782608696,-0.3423093115616512,-0.3423093115616512,medium
4420,2015/2016,12,0,8,3.59625922079345,7.1627575570285895,3,7,4.409754702130179,4.361847438788373,3,15,7.311458356135663,11.586853358074716,15,33,22.121079424409828,17.241759002352822,6.558139534883721,6.097560975609756,5.965116279069767,5.841463414634147,12.523255813953488,11.939024390243903,21.662790697674417,25.134146341463413,0,6.512044410593373,6.036637065076263,12.54868147566965,20.61473431099806,6.219624612124224,5.848031794334134,12.06765640645835,18.26735960739747,259.6,246.2,233.6,258.6,214.6,315.6666666666667,348.0,320.0,366.0,371.0,333.6,253.6666666666666,38.4,29.6,52.8,78.4,79.6,72.0,72.6,79.6,75.2,63.66666666666666,240.6,237.0,190.4,222.0,219.0,305.6666666666667,366.4,352.0,353.2,328.6,341.8,350.3333333333333,40.6,33.0,50.4,72.6,77.2,72.0,74.6,57.2,74.0,25.0,0.5034716509263221,0.46092686,1.9862091503267971,-0.08568448393764722,-0.08568448393764722,medium
4421,2015/2016,12,12,0,6.637919689614842,3.9886974888220736,10,1,5.391634300065965,2.749996963080368,22,1,11.976411949837848,6.039605218964611,42,4,27.180015939950145,15.645665774024218,5.502659574468085,6.976190476190476,5.454787234042553,6.226190476190476,10.957446808510637,13.202380952380953,21.397606382978722,19.083333333333332,0,5.785217537931373,5.196432797656848,10.98165033558822,30.37376093987624,6.433519400853384,5.97443530060468,12.40795470145806,21.46498287770994,301.6,271.0,274.6,284.6,254.4,326.3333333333334,365.6,336.0,370.4,357.8,346.0,276.0,39.0,24.8,64.2,81.2,77.8,68.6,71.2,72.8,74.8,38.33333333333334,265.0,229.2,199.2,262.6,208.8,302.0,363.6,329.4,348.0,368.4,317.4,305.6666666666667,34.4,27.0,49.6,69.4,80.0,69.0,66.0,76.4,71.0,36.0,0.6803939122649956,0.031689525,1.469736842105263,-2.029699722591903,-2.029699722591903,hard
4422,2015/2016,12,6,4,5.4770680283654345,5.646648175565802,4,3,7.730172160988625,5.0999591183009105,10,7,13.436879661389563,10.9174762241095,24,14,26.947794945607676,15.980649162304259,5.226190476190476,5.686648501362398,5.309523809523809,5.478201634877384,10.535714285714286,11.164850136239782,20.94047619047619,20.965940054495913,1,6.935079959860742,7.66357184796035,14.59865180782111,23.31299831290854,5.523183662339382,4.871175696840106,10.39435935917948,20.34192441313406,255.0,258.6,239.6,274.0,236.4,327.3333333333333,343.2,332.8,369.0,387.6,344.4,239.0,36.0,18.6,53.2,81.4,81.0,71.4,68.4,62.2,77.6,27.66666666666667,250.2,222.0,240.6,275.4,208.8,287.6666666666667,353.0,336.6,342.0,353.0,320.8,282.3333333333333,42.2,28.2,47.8,74.6,65.0,50.0,60.6,79.2,63.4,22.66666666666667,0.674237047551455,0.9786251,1.483157894736842,0.9343851683965695,0.9343851683965695,easy
4423,2015/2016,12,12,3,10.432283912877825,5.091969071226663,9,3,7.988892318215957,2.5125215786089687,21,6,17.907345658232952,7.679816877408594,35,14,24.068083616791014,16.46463440126542,7.511904761904762,5.3580246913580245,6.571428571428571,4.901234567901234,14.083333333333334,10.25925925925926,18.797619047619047,20.209876543209877,0,7.513407126525445,6.454764626760518,13.96817175328598,22.30007487462161,4.991037016207375,4.848267914743311,9.839304930950682,19.12745063972968,261.8,233.8,221.8,239.6,221.6,310.6666666666666,354.8,347.4,357.6,361.6,335.6,289.0,37.2,27.8,51.2,76.0,75.6,69.4,72.4,66.4,74.6,45.0,270.8,228.4,228.4,268.2,207.2,272.0,325.8,315.4,303.0,355.6,313.2,281.0,38.4,29.6,52.8,78.4,77.4,64.2,62.8,66.2,74.4,35.33333333333334,0.4667124227865477,0.21901049,2.1426470588235293,-0.46448099135662135,-0.46448099135662135,medium
4424,2015/2016,12,5,1,7.619684736343194,1.3630009815817645,6,2,5.414490084822052,1.1949638880220024,11,3,12.37633837883797,2.570293901378911,24,13,30.335763314061936,9.984551265271634,5.7176470588235295,5.038961038961039,5.458823529411765,4.714285714285714,11.176470588235293,9.753246753246753,25.03529411764706,19.753246753246753,1,8.64113470135252,6.178776335314812,14.81991103666736,28.82097645890826,3.473164300735929,2.89232841655616,6.365492717292085,16.70669050868369,268.0,239.0,219.2,287.8,226.8,307.0,369.0,325.4,361.8,358.6,342.2,269.3333333333333,42.6,32.4,55.8,79.6,80.2,65.8,68.0,70.0,73.6,29.0,255.4,252.6,216.2,252.6,226.6,317.0,358.6,345.2,373.4,364.6,342.2,289.6666666666666,40.8,30.2,55.6,78.8,61.6,57.2,79.2,80.6,68.2,20.33333333333333,0.4985163204747775,0.9452206,2.005952380952381,0.8907653177983662,0.8907653177983662,easy
4425,2015/2016,12,4,1,5.535327538632153,5.688846752921483,4,7,5.864708888221303,4.5716141445115515,8,8,10.996196850148094,10.296241710241201,16,13,22.65679754877916,17.65800611635574,5.66621803499327,5.684210526315789,5.593539703903096,5.0131578947368425,11.259757738896365,10.697368421052632,21.450874831763123,19.67105263157895,1,8.109983821168544,6.181075159933032,14.29105898110159,22.44310556807375,6.671361319013439,5.341307153655064,12.0126684726685,17.32242764151538,277.2,243.2,215.8,234.4,222.0,293.6666666666667,220.0,207.8,203.2,205.4,195.6,203.0,40.2,29.8,53.8,78.0,204.6,188.0,201.6,235.2,196.2,94.99999999999999,303.4,264.8,251.8,282.2,250.4,332.6666666666667,374.8,351.8,395.4,400.0,365.0,263.3333333333334,49.0,35.4,56.4,82.8,77.4,67.4,79.0,88.2,78.2,15.0,0.2260888162417317,0.8721565,4.4230405405405415,0.8348085647724833,0.8348085647724833,easy
4426,2015/2016,12,2,9,5.000741729677255,6.758029612582833,5,9,5.003998606506748,4.502106890118087,7,18,9.097527365840662,11.161635061323814,14,28,22.195556450396232,22.114450305830765,5.0602409638554215,5.958506224066389,4.975903614457831,5.42323651452282,10.036144578313253,11.381742738589208,24.44578313253012,20.66804979253112,1,4.425940554405183,3.932059143066151,8.357999697471362,21.39125498615389,7.564939242958292,5.835411550872326,13.40035079383061,20.67834471983602,267.2,254.8,258.8,296.2,246.6,280.6666666666667,359.0,353.4,379.4,372.4,356.4,243.0,39.8,27.4,57.0,85.4,84.8,78.8,83.0,77.4,82.4,40.0,282.4,271.6,236.0,254.8,249.0,339.0,361.4,328.4,380.8,371.8,344.4,285.6666666666666,45.8,24.4,57.0,82.8,71.4,70.6,85.4,89.6,76.8,24.66666666666667,0.3767123287671233,0.9315969,2.6545454545454543,0.890254327229091,0.890254327229091,easy
4427,2015/2016,12,2,7,5.180164232388925,7.574348115702452,4,4,5.315037802624452,7.370238237168879,6,11,11.533501384039901,14.779260015561192,18,23,14.36598994097885,24.454410495110842,5.146341463414634,5.892857142857143,4.853658536585366,5.976190476190476,10.0,11.869047619047619,18.24390243902439,22.547619047619047,0,6.069595255737228,5.733137258722209,11.80273251445947,26.33240271137085,5.821640421073861,5.134672544291551,10.95631296536541,16.25402148659368,261.8,227.2,210.8,263.2,210.0,288.3333333333333,284.2,263.0,283.2,297.0,255.6,215.0,34.4,27.0,49.6,69.4,135.6,126.4,130.8,150.8,137.0,74.33333333333333,284.8,263.0,248.0,273.8,244.6,305.0,355.8,336.8,348.6,376.2,322.4,306.6666666666667,43.4,30.8,52.8,75.4,73.2,64.8,72.2,76.8,74.8,23.33333333333333,0.4741767764298094,0.5923801,2.1089181286549707,0.2247967087051628,0.2247967087051628,medium
4428,2015/2016,12,6,7,7.457528412420281,5.893805451904073,8,6,5.2395097418411956,4.620508028976431,14,13,12.733318226948192,10.11474919903782,20,17,29.668900316708555,11.913739911096322,5.215189873417722,5.769230769230769,5.0,5.128205128205129,10.215189873417721,10.897435897435898,24.848101265822784,20.166666666666668,0,6.571439290050212,5.466452828499543,12.03789211854977,22.44643218019809,6.461707744955506,5.765149495890032,12.22685724084553,19.06487749903317,253.4,235.0,209.2,255.2,210.6,299.6666666666667,221.8,209.0,205.6,211.8,197.8,223.3333333333333,43.4,22.4,56.2,73.0,214.8,191.6,212.6,231.8,214.8,74.66666666666667,279.6,246.4,229.0,284.0,234.0,323.3333333333333,372.2,332.0,383.0,384.2,360.8,251.0,46.6,26.4,51.8,75.8,82.4,67.2,66.2,70.2,74.2,24.33333333333333,0.1771306438685546,0.044097647,5.64555052790347,-0.16166964192669106,-0.16166964192669106,medium
4429,2015/2016,13,11,3,6.508888105077181,5.542879415161863,9,1,6.665627598557473,4.499524258378198,20,4,13.182797506526558,9.752782508967304,34,18,24.119334948160947,16.785724295014052,5.995901639344261,5.6462765957446805,5.467213114754097,5.574468085106383,11.463114754098358,11.220744680851064,20.758196721311474,21.38563829787234,1,5.874998612146689,7.448834334233163,13.32383294637986,24.3524767439759,3.861931144583437,3.759706352022392,7.621637496605826,11.64627696238991,249.8,210.0,222.4,273.6,210.0,283.0,280.2,260.4,285.8,271.4,267.8,223.3333333333333,42.2,30.6,57.0,73.0,151.6,122.4,120.2,143.2,131.2,62.0,303.6,268.2,273.6,285.2,256.4,321.0,348.4,333.6,355.0,352.2,333.4,289.0,39.0,24.8,64.2,81.2,77.8,68.6,71.2,72.8,74.8,38.33333333333334,0.2592592592592593,0.73090565,3.8571428571428563,0.6367226302623749,0.6367226302623749,medium
4430,2015/2016,13,10,5,10.208635109245044,6.010941381625097,11,6,5.910023732883452,4.8065960439495745,21,11,16.224222301882243,10.261967900391102,47,10,29.771347148547214,13.425973491259933,5.329268292682927,5.108433734939759,4.878048780487805,4.843373493975903,10.207317073170731,9.951807228915662,20.134146341463413,18.240963855421686,0,7.799810028359298,7.35301821996292,15.15282824832224,26.37770790493716,5.089765885769201,4.514786994637355,9.604552880406551,16.21974070336071,182.2,179.2,146.6,162.2,170.2,233.0,418.0,403.0,399.0,404.8,392.4,400.3333333333333,40.6,33.0,50.4,72.6,71.6,64.0,52.6,63.4,70.6,42.33333333333334,276.8,241.2,241.0,279.6,243.2,306.6666666666666,359.4,336.8,360.8,384.8,328.0,283.6666666666666,38.6,17.6,60.6,67.4,75.0,57.8,54.6,61.8,69.2,17.0,0.441776166742184,0.033574395,2.263589743589743,-0.7312510578179517,-0.7312510578179517,hard
4431,2015/2016,13,9,8,7.0747881675531925,5.09621933857725,4,3,4.917924790171254,5.18924071051258,13,11,12.05815448446279,10.27786279802337,12,7,19.496092459772022,20.28376720014797,5.784810126582278,6.482758620689655,5.139240506329114,5.931034482758621,10.924050632911392,12.413793103448276,20.126582278481013,21.586206896551722,1,6.191055945089017,5.059706359466555,11.25076230455557,20.21244180909553,5.982115601059536,5.302257581289124,11.28437318234865,14.25527221508929,263.2,228.4,209.0,238.6,206.0,314.6666666666667,363.8,347.4,338.0,364.2,329.0,293.0,48.2,26.6,51.2,77.2,81.4,59.0,68.6,78.8,68.6,45.33333333333334,272.4,248.2,241.2,270.0,222.6,316.6666666666667,351.6,332.4,353.8,370.0,318.0,286.0,37.2,24.4,43.0,78.6,79.8,67.8,57.4,78.8,70.4,29.0,0.2706222865412446,0.073856436,3.6951871657754007,-0.2697722363093543,-0.2697722363093543,medium
4432,2015/2016,13,5,9,6.9909424413734556,5.257845206565691,5,2,5.167625172136502,3.877116233455385,10,11,11.736078883682188,8.988260338897433,30,9,20.23611213255482,18.475206687634763,6.120481927710843,7.564705882352941,5.855421686746988,6.6,11.975903614457831,14.16470588235294,25.228915662650603,18.988235294117647,0,8.364029217333764,7.967564821234726,16.3315940385685,24.74321115992714,5.289643873322594,4.721007762581639,10.01065163590423,15.91361636514868,285.6,262.6,246.8,286.4,258.0,290.6666666666666,346.8,327.4,344.4,375.4,314.4,252.3333333333333,45.6,31.0,53.8,75.6,74.4,58.0,64.4,76.0,73.0,34.33333333333334,261.6,253.2,245.0,292.0,230.8,309.6666666666666,352.8,323.8,385.8,381.0,341.8,223.6666666666667,44.6,25.4,52.0,74.8,85.4,75.4,83.6,78.2,82.6,40.0,0.1777285138825056,0.036040533,5.626559172497719,-0.17231289294880411,-0.17231289294880411,medium
4433,2015/2016,13,6,9,5.314733346799112,5.493413148011864,4,5,3.599173310449289,6.20484174992402,10,14,8.236201385352912,12.16935657799324,21,23,21.914802856458792,24.777745527415718,6.894117647058824,5.235294117647059,6.1647058823529415,5.294117647058823,13.058823529411764,10.529411764705882,18.905882352941177,20.976470588235294,0,6.109658259315965,5.089837723657509,11.19949598297347,23.08421643019585,4.080666471554752,4.580954471919149,8.661620943473896,17.09974492268903,268.4,238.0,217.8,248.8,216.2,300.3333333333334,351.2,327.4,353.2,383.6,320.2,234.0,43.2,29.0,52.0,73.0,74.4,58.2,64.2,70.0,65.8,25.66666666666667,251.2,248.4,231.4,271.2,226.8,313.3333333333334,358.0,354.8,387.2,397.6,352.0,255.6666666666666,36.2,28.2,56.4,81.4,80.4,71.4,67.0,61.6,76.8,27.66666666666667,0.1858447299921497,0.019589463,5.380835927078702,-0.20420584262005342,-0.20420584262005342,medium
4434,2015/2016,13,4,4,8.94154903866464,2.560851549389653,11,10,7.888977087448449,5.383741770662043,15,14,17.341112614732424,7.637891678094002,33,10,28.755248992819077,13.966551246489495,5.905882352941177,5.023809523809524,5.952941176470588,4.976190476190476,11.858823529411765,10.0,22.55294117647059,24.321428571428573,0,7.000463347926456,5.657307148497996,12.65777049642446,27.17811352333347,4.90389356629114,4.419390644768873,9.323284211059999,19.58581038467091,249.8,220.8,197.4,268.2,208.8,298.0,357.0,321.2,369.8,386.2,348.2,258.6666666666667,48.2,28.6,51.6,77.8,82.0,68.0,66.0,69.0,73.8,26.66666666666667,248.0,208.8,212.2,254.0,197.2,274.6666666666667,338.4,301.0,324.6,382.2,301.4,234.0,47.6,30.2,47.6,73.6,67.8,59.2,55.4,79.8,60.4,25.0,0.6727152024784244,0.51977384,1.4865131578947368,-0.4673035922608237,-0.4673035922608237,medium
4435,2015/2016,13,7,6,3.1964302003037766,3.8921970428743853,2,8,4.748750814401939,5.132643924943842,9,14,7.151404337412901,9.125765052077618,18,19,11.725507124388944,19.732787815380263,5.623376623376624,5.5795006570302235,5.038961038961039,5.508541392904074,10.662337662337663,11.088042049934296,19.584415584415584,21.64126149802891,0,7.95047111226384,7.524096858006271,15.47456797027012,23.11782884134179,4.315997217750936,4.351937781045075,8.66793499879601,17.03591221970759,298.4,269.8,264.2,279.2,253.6,321.0,362.6,338.2,386.8,411.2,358.4,251.3333333333333,42.2,29.4,51.4,81.0,76.0,67.4,79.0,87.6,79.4,23.33333333333333,283.0,266.4,228.0,263.2,245.8,337.3333333333333,369.2,356.4,391.6,395.6,369.4,299.0,41.8,30.6,56.6,80.2,77.6,73.8,65.8,74.8,76.2,33.66666666666666,0.462962962962963,0.06126765,2.1599999999999997,-0.7479843535813794,-0.7479843535813794,hard
4436,2015/2016,13,11,2,8.420787894046647,5.108303951655946,8,6,7.483973133952274,4.866719375640123,19,8,15.780815091355212,9.856332960268052,18,22,20.80597090916991,18.168780259571044,7.056818181818182,5.225,5.965909090909091,5.0375,13.022727272727273,10.2625,21.204545454545453,24.7875,1,6.278475809058804,6.893838792086658,13.17231460114547,24.97491514121739,3.189759354799108,4.439828340634406,7.629587695433504,17.86048356036171,247.8,235.8,224.0,281.8,215.2,290.6666666666666,368.8,330.8,347.2,389.6,342.6,238.3333333333333,42.4,27.4,42.8,77.6,77.4,60.2,59.0,58.0,70.6,29.66666666666667,264.6,235.2,209.4,278.6,225.6,298.6666666666667,366.8,335.4,352.0,350.0,342.8,294.0,44.4,28.8,55.6,78.6,78.6,65.0,67.8,70.2,73.2,25.0,0.5020047340708178,0.9512344,1.9920130869899924,0.9020761781005255,0.9020761781005255,easy
4437,2015/2016,13,7,6,5.449469149945482,3.763606781662615,2,6,4.398370460775565,3.2060995913521984,9,12,10.208981783661006,5.745090270334779,15,28,16.41037712035534,19.78660242943151,5.66621803499327,5.709302325581396,5.4481830417227455,5.465116279069767,11.114401076716016,11.174418604651162,20.88156123822342,25.023255813953487,0,3.907392026437718,3.925776948946567,7.833168975384288,24.69396679130782,5.980947737885298,6.141775745433582,12.12272348331887,19.60126861591699,271.0,233.4,206.4,268.2,212.0,293.3333333333333,293.4,265.2,284.2,291.6,273.4,242.3333333333333,41.4,31.0,42.6,73.8,153.4,122.4,117.8,154.6,141.4,47.0,276.0,244.4,234.4,280.8,236.6,263.6666666666667,343.2,318.2,348.8,374.6,318.8,262.6666666666667,47.2,27.2,50.8,75.2,79.8,67.6,64.8,75.0,69.6,35.0,0.3900114372855509,0.029913027,2.5640273704789833,-0.5903363435342909,-0.5903363435342909,hard
4438,2015/2016,13,1,6,3.7757863024630063,9.220102205764931,2,7,2.898448783053513,7.022195733910696,3,13,6.513560173151282,15.462625829681166,20,34,20.776853058285546,22.705656197004135,4.987179487179487,6.043999999999999,4.67948717948718,5.515999999999999,9.666666666666666,11.559999999999997,19.666666666666668,20.548,1,4.976312911984624,5.085775779816035,10.06208869180068,23.56029260956934,6.652064612039982,5.922315415366323,12.5743800274063,21.04562577971327,253.2,229.8,209.2,267.6,205.2,299.3333333333333,365.6,328.4,351.8,365.2,340.8,275.3333333333333,41.6,31.6,52.6,76.4,76.2,63.2,61.6,63.4,73.4,34.33333333333334,285.0,242.8,244.4,283.4,238.8,299.6666666666667,359.0,335.6,341.6,385.2,315.6,301.3333333333334,43.6,30.0,53.0,77.2,74.6,61.8,67.6,76.0,74.0,25.0,0.5020047340708178,0.9019032,1.9920130869899924,0.8030166255767484,0.8030166255767484,easy
4439,2015/2016,14,6,9,4.877827251585756,5.302173413107315,3,4,5.532525237132566,3.4629945657156282,9,13,10.056836566768478,8.763412852830111,29,19,23.29132238479745,14.764973681180058,6.5,5.68218085106383,5.8977272727272725,5.406914893617021,12.397727272727273,11.08909574468085,21.420454545454547,20.81117021276596,0,8.662694751379126,7.94842726440444,16.61112201578357,25.5550173146023,3.998835053288236,3.934310382831764,7.933145436119998,17.15610839503648,299.6,271.2,268.4,286.6,251.2,312.0,289.8,270.6,292.2,286.6,269.8,243.3333333333333,41.2,29.6,64.2,81.0,75.8,67.2,71.4,73.4,73.8,38.33333333333334,265.8,270.6,252.8,279.2,237.2,297.3333333333333,369.2,338.6,359.4,354.0,349.4,256.0,43.0,29.6,55.4,71.6,75.2,66.2,45.8,77.2,73.0,29.66666666666667,0.5434782608695653,0.057909697,1.8399999999999996,-1.06362634187653,-1.06362634187653,hard
4440,2015/2016,14,12,5,7.262230445176293,4.6487776581866305,5,2,6.365521474344085,3.6167406749461315,17,7,13.99614367437233,8.134579220177924,21,10,24.852854175540152,11.215709636701437,5.584415584415584,5.825,5.537662337662337,5.125,11.122077922077922,10.95,21.61038961038961,20.025,0,6.059464744252549,4.570572772945036,10.63003751719759,23.91171233782294,7.67954125089238,6.107732622550758,13.78727387344313,18.35009658541662,253.2,256.2,236.0,272.8,230.0,329.3333333333333,353.2,341.8,373.6,391.6,352.6,240.3333333333333,36.0,18.6,53.2,81.4,81.0,71.4,68.4,62.2,77.6,27.66666666666667,276.8,241.2,241.0,279.6,243.2,306.6666666666666,370.8,339.6,352.8,376.0,336.6,293.0,35.6,21.0,51.6,69.2,75.0,57.8,54.6,61.8,69.2,17.0,0.7600318894499071,0.04318642,1.3157342657342657,-2.9872530288788046,-2.9872530288788046,hard
4441,2015/2016,14,7,3,9.643242770552403,5.735369432232443,7,1,6.249483605715404,4.854647946789456,14,4,16.975441938746215,10.210217516732515,25,19,34.827972546605025,16.596695449994353,5.385542168674699,6.883720930232558,4.951807228915663,6.1395348837209305,10.337349397590362,13.023255813953488,20.457831325301203,18.930232558139537,1,6.06593750808614,5.719197694311774,11.78513520239793,27.85544462586855,6.193131139288833,5.157123047826753,11.35025418711558,18.8797988330967,270.2,245.0,221.8,249.6,220.2,313.6666666666666,345.2,333.6,347.4,364.2,329.0,261.6666666666666,37.2,27.8,51.2,76.0,67.6,58.2,56.4,77.8,67.8,31.66666666666667,282.4,271.6,236.0,254.8,249.0,339.0,356.8,327.8,400.2,383.0,357.0,261.6666666666666,45.8,24.4,57.0,82.8,77.6,73.8,65.8,70.6,76.2,33.66666666666666,0.2567237163814181,0.9477838,3.895238095238095,0.9297486367194276,0.9297486367194276,easy
4442,2015/2016,14,3,6,5.127573678958272,4.0871094784352175,3,4,5.2849224926845295,3.8440437500538303,6,10,10.748336937798761,7.544116636940613,15,30,18.443363903701744,18.935234326910752,5.27906976744186,5.712643678160919,5.290697674418604,5.471264367816092,10.569767441860465,11.183908045977011,21.0,25.057471264367816,0,4.586429871993275,7.071301321340044,11.65773119333333,20.24931856019212,5.266492965392155,5.369034265773355,10.63552723116551,19.57019405226171,287.4,269.0,249.2,293.6,253.6,323.6666666666667,359.0,329.0,349.2,363.6,340.8,250.6666666666667,42.6,32.4,55.8,79.6,80.2,65.8,68.0,70.0,73.6,29.0,301.6,271.0,274.6,284.6,254.4,326.3333333333334,338.0,324.6,366.0,355.4,334.2,259.6666666666667,39.0,24.8,64.2,81.2,77.8,68.6,71.2,72.8,74.8,38.33333333333334,0.3490841518449694,0.70308113,2.864638783269963,0.5438444618299775,0.5438444618299775,medium
4443,2015/2016,14,6,2,8.7436832301448,3.9270143016651784,3,6,6.752280561217612,3.5287951427085122,9,8,15.461584120695393,7.4558908614589114,21,24,20.92126683183797,15.12091101010978,7.5813953488372094,5.641025641025641,6.546511627906977,5.0,14.127906976744185,10.64102564102564,18.872093023255815,19.564102564102566,1,7.623140315616917,5.635520609000109,13.25866092461705,20.95802604568618,5.254953455097621,4.593135139046082,9.8480885941437,17.25763457258663,277.2,243.2,215.8,234.4,222.0,293.6666666666667,269.8,249.4,273.2,297.8,254.2,182.3333333333333,40.2,29.8,53.8,78.0,148.6,133.0,120.6,145.2,136.2,79.66666666666666,250.2,222.0,240.6,275.4,208.8,287.6666666666667,347.0,331.8,340.8,352.4,312.2,271.3333333333333,42.2,28.2,47.8,74.6,65.0,50.0,60.6,79.2,63.4,22.66666666666667,0.5127043318187702,0.9342294,1.9504418783679758,0.8650293233395736,0.8650293233395736,easy
4444,2015/2016,14,12,5,7.056779530659185,3.3019488392727925,2,2,8.130985917138144,3.715396756941953,14,7,16.099100616541342,6.775683272480035,14,13,24.985312330110283,18.44348108196823,6.107142857142857,5.883720930232558,5.845238095238095,6.011627906976744,11.952380952380953,11.895348837209303,25.285714285714285,22.674418604651162,1,8.334444288857467,7.093025380666617,15.4274696695241,25.70105922619153,4.272737260382774,4.744238665258244,9.01697592564101,15.11853734611586,269.4,252.0,248.8,279.8,247.6,280.0,359.0,353.4,379.4,372.4,356.4,243.0,39.8,27.4,57.0,85.4,84.8,78.8,83.0,77.4,82.4,40.0,259.6,246.2,233.6,258.6,214.6,315.6666666666667,273.2,274.4,287.0,275.8,268.4,266.6666666666666,38.4,29.6,52.8,78.4,146.8,128.8,136.8,160.0,139.4,101.3333333333333,0.62874251497006,0.9546335,1.5904761904761904,0.8778030680071923,0.8778030680071923,easy
4445,2015/2016,14,2,3,4.376326913518045,7.893425779482046,4,8,4.31997049301097,6.594115364919691,6,11,8.11726371013555,14.212285368605365,21,33,23.3157857574114,21.081332040481,5.614980289093298,6.0434782608695645,5.520367936925099,5.533596837944663,11.135348226018397,11.577075098814227,21.345597897503286,20.707509881422926,0,6.36714361449212,5.140085171235952,11.50722878572809,25.4166489942515,7.029864316082951,5.400552531460104,12.43041684754306,19.85089200640583,261.8,227.2,210.8,263.2,210.0,288.3333333333333,338.8,318.2,346.8,364.6,314.0,261.3333333333333,34.4,27.0,49.6,69.4,78.4,64.6,59.6,78.0,73.0,26.66666666666667,272.4,248.2,241.2,270.0,222.6,316.6666666666667,361.8,350.4,376.2,370.6,327.4,306.6666666666667,37.2,24.4,43.0,78.6,79.8,67.8,57.4,78.8,70.4,29.0,0.3053892215568862,0.45621094,3.274509803921569,0.21713128172118096,0.21713128172118096,medium
4446,2015/2016,14,7,3,7.075780469691843,5.603991859201467,8,3,6.183716885435811,6.8297374935419715,15,6,13.573953439802663,12.251886714782424,26,14,21.28760083741872,18.62789604183653,5.107142857142857,5.011764705882353,4.857142857142857,5.035294117647059,9.964285714285714,10.047058823529412,18.142857142857142,24.152941176470588,1,6.730093233569463,5.608981820162366,12.33907505373183,19.99147215073138,5.061757821597002,4.798512449588348,9.86027027118535,18.3623143730305,252.6,240.6,225.8,254.2,219.6,298.3333333333333,270.8,252.4,276.0,292.4,250.4,217.6666666666667,43.4,22.4,56.2,73.0,146.8,125.8,133.8,155.6,146.0,39.33333333333333,276.4,249.6,231.0,263.6,237.0,315.0,211.8,202.2,207.0,216.4,188.0,183.0,43.4,30.8,52.8,75.4,203.4,181.8,203.6,209.4,195.0,126.0,0.3920829406220546,0.87272316,2.5504807692307696,0.7906345349873684,0.7906345349873684,easy
4447,2015/2016,14,7,1,7.420227781986951,5.279397679426721,3,4,5.849368502841597,5.876170460443019,10,5,12.820606557457666,11.26432803423101,18,18,20.089522668741132,23.237198525542578,7.101123595505618,6.056680161943318,5.98876404494382,5.510121457489878,13.089887640449438,11.566801619433196,21.168539325842698,20.91902834008097,0,5.699549728149025,4.79271923140279,10.49226895955182,21.03947135428034,5.430069017540119,5.876890306032218,11.30695932357233,15.25274412472097,269.8,223.4,233.2,261.6,216.8,312.3333333333333,280.2,260.4,285.8,271.4,267.8,223.3333333333333,42.2,30.6,57.0,73.0,151.6,122.4,120.2,143.2,131.2,62.0,303.4,264.8,251.8,282.2,250.4,332.6666666666667,374.8,351.8,395.4,400.0,365.0,263.3333333333334,49.0,35.4,56.4,82.8,77.4,67.4,79.0,88.2,78.2,15.0,0.1958041958041958,0.08075524,5.107142857142857,-0.1430608757812044,-0.1430608757812044,medium
4448,2015/2016,14,8,5,7.233361287297663,3.6350343378727707,8,2,7.151805604850881,2.629845361453889,16,7,14.360518359017439,6.106465790771999,24,21,32.89767553213912,12.880635299978982,5.185185185185185,4.936708860759493,5.049382716049383,4.6455696202531644,10.234567901234568,9.582278481012658,24.753086419753085,19.670886075949365,0,7.908162767337447,8.025914100816042,15.9340768681535,26.1004749282439,4.869292777963317,4.204814094938503,9.074106872901805,18.28530208195163,246.8,241.8,210.6,235.0,226.0,291.3333333333333,367.6,352.8,349.8,345.6,343.4,336.6666666666666,40.6,33.0,50.4,72.6,77.2,72.0,74.6,57.2,74.0,25.0,255.4,252.6,216.2,252.6,226.6,317.0,358.6,345.2,373.4,364.6,342.2,289.6666666666666,40.8,30.2,55.6,78.8,61.6,57.2,79.2,80.6,68.2,20.33333333333333,0.3478260869565217,0.9351321,2.8750000000000004,0.9005358656247457,0.9005358656247457,easy
4449,2015/2016,15,8,5,10.345844016242083,2.949179615996716,6,6,8.579669971986881,2.850342435116727,14,11,18.226657953143494,5.538271533356646,16,21,33.63907958836748,11.20264475396987,6.007812499999999,5.129411764705883,5.562499999999999,4.894117647058824,11.570312499999998,10.023529411764706,20.8515625,18.235294117647058,1,9.812341030333688,5.856950685811032,15.66929171614472,32.49223297182966,3.871417827932592,3.734112093773484,7.605529921706069,15.04774093836132,267.0,227.8,215.8,247.8,202.4,313.3333333333333,285.8,259.8,274.4,298.0,262.8,199.0,48.2,26.6,51.2,77.2,164.4,128.0,126.6,144.2,142.8,89.0,279.6,246.4,229.0,284.0,234.0,323.3333333333333,355.2,312.8,354.4,378.2,324.6,271.3333333333333,46.6,26.4,51.8,75.8,82.4,67.2,66.2,70.2,74.2,24.33333333333333,0.2442553191489361,0.9612963,4.094076655052266,0.9487873603094806,0.9487873603094806,easy
4450,2015/2016,15,11,7,5.682123230374589,5.915089021615753,9,6,5.244236164167456,4.62559740979329,20,13,10.501639906845273,11.038848205123127,41,11,19.65999284545139,19.830720402570854,5.995999999999999,5.658536585365853,5.491999999999999,5.531450577663671,11.487999999999998,11.189987163029524,20.884,21.603337612323493,0,10.28597123612871,8.911971372161366,19.19794260829009,26.03978378199658,2.33865627021921,3.806641570094431,6.14529784031364,14.68883312993639,284.0,241.4,236.6,267.2,240.6,306.0,349.8,329.6,350.6,365.8,322.2,271.0,40.4,32.4,55.6,71.4,71.0,64.2,52.4,52.4,67.0,25.0,270.2,245.0,221.8,249.6,220.2,313.6666666666666,356.8,344.6,359.8,371.4,335.4,283.6666666666666,37.2,27.8,51.2,76.0,76.0,64.4,77.0,76.0,70.2,38.0,0.3038832172502623,0.6608295,3.2907378335949775,0.5127677942234043,0.5127677942234043,medium
4451,2015/2016,15,9,6,8.09779478476069,7.307322138822126,8,5,6.209736605941873,4.327544100948827,17,11,14.08192108579573,12.050869454096034,38,24,20.275394964734094,19.975250308535408,5.814814814814815,5.404761904761905,5.08641975308642,4.976190476190476,10.901234567901234,10.380952380952381,19.901234567901234,20.511904761904763,0,8.27841983627393,7.000307796056767,15.27872763233071,24.68084385218925,5.07967900487235,4.464475839371526,9.54415484424386,19.08982812414132,250.2,222.0,240.6,275.4,208.8,287.6666666666667,347.0,331.8,340.8,352.4,312.2,271.3333333333333,42.2,28.2,47.8,74.6,71.8,60.0,64.2,74.8,66.0,20.0,263.6,227.8,215.8,247.0,202.6,313.3333333333333,369.6,334.8,359.4,368.6,344.4,268.6666666666666,48.2,26.6,51.2,77.2,83.0,69.0,58.0,65.4,74.2,43.66666666666666,0.4864864864864865,0.052770294,2.0555555555555554,-0.844605195287027,-0.844605195287027,hard
4452,2015/2016,15,7,5,7.094423575606777,3.0565548648655945,12,6,5.466032278022704,3.2225032610477413,19,11,12.491471627885037,6.170179290255252,31,14,22.972138248884008,11.688624016373069,5.715909090909091,5.219512195121951,5.454545454545454,5.085365853658536,11.170454545454545,10.304878048780488,25.113636363636363,24.74390243902439,0,9.538385515166617,6.291559198049364,15.82994471321599,30.9748530644739,4.885141533074468,3.765562663696016,8.650704196770473,21.85156457330648,255.2,237.4,219.6,266.8,211.8,313.3333333333334,208.6,207.4,228.8,208.8,204.4,191.6666666666667,38.4,29.6,52.8,78.4,202.6,182.4,190.2,232.2,193.2,134.6666666666667,252.6,240.6,225.8,254.2,219.6,298.3333333333333,358.4,327.6,357.2,374.2,346.4,238.6666666666667,43.4,22.4,56.2,73.0,75.6,60.2,65.8,80.6,70.8,18.33333333333333,0.5426356589147288,0.073517404,1.8428571428571425,-1.025699260755111,-1.025699260755111,hard
4453,2015/2016,15,3,4,3.631829213481393,8.733551714819505,4,9,2.057578709333007,5.976515599873288,7,13,4.932735893665535,14.590762258574397,11,21,20.18338351097745,21.490273209646382,6.839080459770115,7.563218390804598,6.080459770114943,6.505747126436781,12.919540229885058,14.068965517241379,18.93103448275862,18.896551724137932,1,7.032182825596924,5.151374964986406,12.18355779058332,27.19853395059891,5.113329757886459,4.422550119700082,9.535879877586533,17.91249727225647,289.2,253.2,243.0,290.4,234.4,319.0,371.4,338.6,362.6,373.0,348.4,302.3333333333333,46.6,26.4,51.8,75.8,77.0,62.0,77.2,78.6,75.8,35.66666666666666,253.2,256.2,236.0,272.8,230.0,329.3333333333333,358.2,342.4,373.0,388.2,355.6,234.0,36.0,18.6,53.2,81.4,81.0,71.4,68.4,62.2,77.6,27.66666666666667,0.3384379785604901,0.9240688,2.9547511312217187,0.8852243795990944,0.8852243795990944,easy
4454,2015/2016,15,7,2,7.489680826048623,4.629019662771121,13,6,5.8877024340857975,4.960667187792982,20,8,13.29463911740095,9.655099596588073,39,6,23.79441745970318,13.789819845384496,5.873563218390805,6.49438202247191,5.9655172413793105,5.865168539325842,11.839080459770114,12.359550561797754,22.563218390804597,21.50561797752809,0,7.715591203337263,7.191661433707237,14.9072526370445,25.10836227588848,4.864515872813345,5.339256310624954,10.20377218343829,19.69872565186141,282.4,271.6,236.0,254.8,249.0,339.0,354.2,323.0,391.0,376.6,353.4,268.0,45.8,24.4,57.0,82.8,77.6,73.8,65.8,70.6,76.2,33.66666666666666,240.6,240.8,190.4,222.0,219.0,305.6666666666667,357.2,344.2,348.8,337.4,339.6,340.0,40.6,33.0,50.4,72.6,76.2,60.4,59.2,69.2,71.2,20.33333333333333,0.6756756756756758,0.04597039,1.4799999999999998,-1.9415913162132115,-1.9415913162132115,hard
4455,2015/2016,15,2,4,3.0532937458453966,9.81607820177237,4,6,3.6199489957231417,6.106691995470166,6,10,5.927454164798379,16.17389421841264,7,19,16.60256713261044,26.916757283587366,4.988372093023256,6.176470588235294,5.011627906976744,5.8,10.0,11.976470588235294,24.03488372093023,25.152941176470588,1,6.912337409487942,4.930256157295286,11.84259356678325,20.35675238011096,7.197936375571095,6.05803816210596,13.25597453767705,18.82027374370966,270.8,246.2,225.4,269.8,241.4,329.6666666666667,369.6,335.4,372.8,394.4,347.8,267.3333333333334,49.0,35.4,56.4,82.8,77.4,67.4,79.0,88.2,78.2,15.0,286.6,261.2,241.4,280.0,238.6,323.3333333333333,352.4,331.6,367.0,360.6,336.0,296.0,42.6,32.4,55.8,79.6,80.2,65.8,68.0,70.0,73.6,29.0,0.6340730852661439,0.9563932,1.5771052631578946,0.8808318930187564,0.8808318930187564,easy
4456,2015/2016,15,3,5,5.672588499676289,3.4881507633354425,7,7,4.854461262546836,4.344864102837656,10,12,10.462940007284491,7.271343622335351,23,16,22.058161626608097,16.580579827640584,5.594936708860759,5.252873563218391,5.012658227848101,5.264367816091954,10.60759493670886,10.517241379310345,19.620253164556964,20.93103448275862,0,6.00378076724007,5.405637166828173,11.40941793406825,21.9169301202909,5.592538759569473,4.642893776238562,10.23543253580803,17.42129108545639,276.8,241.2,241.0,279.6,243.2,306.6666666666666,306.6,279.4,280.6,298.0,269.4,275.0,35.6,21.0,51.6,69.2,139.2,118.0,126.8,139.8,136.4,35.0,274.4,260.8,261.4,296.8,255.2,300.6666666666666,354.0,345.2,351.2,368.8,347.2,269.3333333333333,39.8,37.6,57.0,85.4,84.8,78.8,83.0,77.4,81.8,40.0,0.1949648711943794,0.04421969,5.1291291291291286,-0.1872529261464423,-0.1872529261464423,medium
4457,2015/2016,15,8,2,6.874892767980529,4.660455850946768,5,4,6.073094135942943,3.9189892959926818,13,6,13.542813485901053,8.058850718735776,19,19,24.764466889004296,21.926313199576914,5.721419185282523,5.572727272727272,5.390275952693823,5.502597402597402,11.111695137976346,11.075324675324675,20.78975032851511,21.34155844155844,1,5.328277884389541,6.823197234478108,12.15147511886766,23.04974120701245,6.025483558244058,6.498067560611689,12.52355111885574,18.77473372828861,277.8,257.2,256.2,279.0,238.0,320.3333333333334,327.6,323.8,343.8,368.4,285.6,307.0,42.2,22.8,41.6,76.6,79.8,67.8,57.4,78.8,70.4,29.0,269.0,232.2,224.8,249.0,217.8,313.6666666666667,280.2,260.4,285.8,271.4,267.8,223.3333333333333,42.2,30.6,57.0,73.0,153.0,122.6,120.6,144.8,131.2,62.0,0.4981346656367611,0.43554106,2.0074892774661826,-0.1247219376381409,-0.1247219376381409,medium
4458,2015/2016,15,6,6,3.1338985655831335,8.166193130426587,4,2,3.1152618812234545,6.420310397363723,10,8,5.5536395668564955,14.406719990391423,22,17,21.784410111838874,23.611489592392587,4.9375,7.1,4.6125,5.955555555555556,9.55,13.055555555555555,19.6875,21.133333333333333,0,6.334996232530421,5.721158251898273,12.05615448442871,20.07982988421651,7.034930129745629,7.255463128185395,14.29039325793103,20.26183454792587,255.4,252.6,216.6,253.6,227.6,317.0,359.2,336.4,372.2,359.6,353.2,240.3333333333333,40.8,30.2,55.6,78.8,71.0,54.8,67.4,65.6,71.4,18.66666666666667,261.8,227.2,212.6,263.2,210.6,288.3333333333333,357.4,338.6,346.6,347.6,327.0,304.6666666666666,34.4,26.6,49.6,70.2,78.6,64.6,59.6,78.0,73.0,26.66666666666667,0.4740892765520781,0.04121107,2.109307359307359,-0.8231020753558094,-0.8231020753558094,hard
4459,2015/2016,16,7,4,3.380216799841918,7.098596392157912,11,3,4.3028545334351715,5.896375006306858,18,7,7.191703803055988,12.877473799430321,24,18,20.26278627697136,21.553197343603006,6.444444444444445,6.03088803088803,5.866666666666666,5.567567567567567,12.311111111111112,11.598455598455596,21.333333333333332,20.795366795366796,0,5.452923016099664,5.656337940172881,11.10926095627256,25.15221892969405,5.247317514786516,4.876176702088534,10.12349421687504,20.17238124877781,301.6,271.0,274.6,284.6,254.4,326.3333333333334,339.0,325.2,366.2,355.4,334.2,261.0,39.0,24.8,64.2,81.2,77.8,68.6,71.2,72.8,74.8,38.33333333333334,277.2,243.2,215.8,234.4,222.0,293.6666666666667,269.8,256.0,273.6,297.8,254.6,191.6666666666667,40.2,29.8,53.8,78.0,151.4,139.2,121.4,161.6,141.6,76.33333333333331,0.5574572127139364,0.013014982,1.793859649122807,-1.2302589752037305,-1.2302589752037305,hard
4460,2015/2016,16,4,6,5.881778895076756,3.981867524077035,7,3,4.883712106372508,3.455570648352625,11,9,11.14868507685824,7.706103683801287,17,27,18.02859579792613,21.200493965578687,5.6738578680203045,5.730337078651686,5.536802030456853,5.52808988764045,11.210659898477157,11.258426966292134,21.482233502538072,25.179775280898877,1,6.875296883834698,5.597874550192965,12.47317143402767,28.04243918144495,4.833294291171454,4.974324400442875,9.807618691614325,19.24405128218723,284.0,241.4,236.6,267.2,240.6,306.0,214.2,204.0,205.2,218.0,184.8,208.3333333333333,40.4,32.4,55.6,71.4,206.6,189.8,197.8,200.2,204.4,87.66666666666667,277.2,243.2,215.8,234.4,222.0,293.6666666666667,346.4,324.4,336.6,377.4,330.0,228.3333333333333,40.2,29.8,53.8,78.0,75.4,71.0,58.4,83.0,67.0,39.66666666666666,0.2706222865412446,0.94142276,3.6951871657754007,0.9196887450322272,0.9196887450322272,easy
4461,2015/2016,16,10,7,6.220112048228735,5.851805174719918,2,7,6.340384331324849,7.332844416982891,12,14,13.124172057614118,13.025832463231692,25,26,21.851620094020532,25.523420060250636,5.411764705882353,5.886363636363637,4.976470588235294,6.045454545454546,10.388235294117647,11.931818181818182,20.55294117647059,22.75,1,7.200436262436448,6.689112410622654,13.88954867305911,24.22715088523662,5.844175562061524,5.398384771677397,11.24256033373891,18.70424582351173,250.2,222.0,240.6,275.4,208.8,287.6666666666667,343.0,326.2,337.8,350.4,315.8,251.0,42.2,28.2,47.8,74.6,71.8,60.0,64.2,74.8,66.0,20.0,261.8,227.2,212.6,263.2,210.6,288.3333333333333,350.0,336.6,347.8,364.2,326.2,282.0,34.4,26.6,49.6,70.2,78.6,64.6,59.6,78.0,73.0,26.66666666666667,0.5115089514066496,0.92871416,1.9549999999999998,0.8540692934815172,0.8540692934815172,easy
4462,2015/2016,16,4,8,5.525520040199851,5.6564973307637825,3,3,5.534866301086708,6.088147427661616,7,11,10.654231834134388,12.210972821326223,26,38,18.671139851381582,25.826334892779094,5.25,6.055335968379445,5.284090909090909,5.533596837944663,10.534090909090908,11.588932806324108,20.875,21.122529644268774,1,3.128829235849751,5.405892198479726,8.534721434329496,20.70860865669341,7.245026310763198,6.199952526397466,13.44497883716066,18.2028557010762,282.4,271.6,236.0,254.8,249.0,338.3333333333333,368.8,340.4,383.2,361.8,357.2,303.6666666666666,45.8,24.4,57.0,82.8,77.6,73.8,65.8,70.6,76.2,33.66666666666666,283.4,267.0,250.4,288.0,247.2,318.6666666666667,351.4,325.0,358.2,371.8,335.6,295.3333333333334,42.6,32.4,55.8,79.6,80.2,65.8,68.0,70.0,73.6,29.0,0.5338278264778602,0.9500569,1.8732631578947367,0.8928655713020663,0.8928655713020663,easy
4463,2015/2016,16,15,2,9.367129968770682,1.5049478731741528,11,2,7.697130516427189,2.202626361191863,26,4,16.7338020415647,3.886699074502951,48,15,29.53714855804946,15.796428590334472,7.5227272727272725,4.950617283950617,6.534090909090909,4.604938271604938,14.056818181818182,9.555555555555555,18.920454545454547,19.71604938271605,0,10.44686509080663,7.259863734126404,17.70672882493304,25.03232962862759,3.158720807046625,2.881499688575456,6.040220495622075,18.01881909973017,289.2,253.2,243.0,290.4,234.4,319.0,221.0,214.4,213.0,211.6,196.0,222.3333333333333,46.6,26.4,51.8,75.8,227.4,204.2,233.4,228.6,227.0,144.0,274.6,261.2,262.2,297.4,255.2,300.6666666666666,353.8,345.2,351.2,368.8,347.2,269.3333333333333,39.8,37.6,57.0,85.4,84.8,78.8,83.0,77.4,81.8,40.0,0.4228624535315985,0.07074733,2.364835164835165,-0.6101060851136652,-0.6101060851136652,hard
4464,2015/2016,16,5,8,7.315074285491149,3.536254301931841,5,3,5.61475164409992,3.0115539988730533,10,11,12.296191770105953,6.997496043243792,15,17,20.274399500668213,13.708578504458837,6.151162790697675,5.5625,5.8023255813953485,5.0375,11.953488372093023,10.6,25.08139534883721,19.6625,1,9.10512264151264,7.001876107040305,16.10699874855295,18.94483466066841,4.659271741561934,3.634268647869581,8.29354038943151,16.85616183706798,288.0,270.2,245.8,259.0,253.2,332.0,298.2,284.6,303.2,310.6,280.4,214.0,49.0,35.4,56.4,82.8,143.0,122.6,140.6,164.8,136.2,30.66666666666667,270.2,245.0,221.8,249.6,220.2,313.6666666666666,356.8,344.6,359.8,371.4,335.4,283.6666666666666,37.2,27.8,51.2,76.0,75.0,57.6,65.2,67.8,66.8,22.33333333333333,0.6986301369863014,0.9709555,1.4313725490196079,0.9036250385371122,0.9036250385371122,easy
4465,2015/2016,16,1,4,6.530279229097491,5.319724743264892,6,11,5.33196890454802,5.6887918362503616,7,15,11.593846099441798,11.139679165683106,18,15,22.639118507891496,20.065017313698263,5.531450577663671,5.853658536585366,5.485237483953787,5.121951219512195,11.016688061617458,10.975609756097562,21.314505776636715,20.121951219512194,0,6.071488725691626,5.032329190953467,11.1038179166451,19.33080793089764,6.813266146197777,5.656115828550278,12.46938197474805,15.0856795779856,276.8,241.2,241.0,279.6,243.2,306.6666666666666,370.4,343.8,368.6,371.4,343.4,273.6666666666666,35.6,21.0,51.6,69.2,75.0,57.8,54.6,61.8,69.2,17.0,263.6,227.8,215.8,247.0,202.6,313.3333333333333,221.0,216.6,198.0,201.2,194.2,220.3333333333333,48.2,26.6,51.2,77.2,226.0,187.4,218.2,237.6,211.2,123.6666666666667,0.3893129770992367,0.03967227,2.568627450980392,-0.5725366666913033,-0.5725366666913033,hard
4466,2015/2016,16,2,8,5.378055774759094,7.879362779790467,12,3,4.880472853346877,5.170389936048593,14,11,10.175176420296859,12.697445008972927,37,11,22.580581474385284,17.871048596700128,5.127906976744186,5.748051948051948,4.906976744186046,5.385714285714285,10.034883720930232,11.133766233766233,18.267441860465116,20.76883116883117,0,8.669523634446998,7.583600718431272,16.2531243528783,25.15578778287039,4.494316729496351,4.896419221757115,9.390735951253454,18.67268311843346,277.8,257.2,256.2,279.0,238.0,320.3333333333334,341.0,323.6,353.2,374.2,316.6,309.0,42.2,22.8,41.6,76.6,79.8,67.8,57.4,78.8,70.4,29.0,240.6,240.8,190.4,222.0,219.0,305.6666666666667,369.6,351.4,348.8,346.6,337.2,335.3333333333334,40.6,33.0,50.4,72.6,71.6,64.0,52.6,63.4,70.6,42.33333333333334,0.5631014947785133,0.06424107,1.775878787878788,-1.1418222553575246,-1.1418222553575246,hard
4467,2015/2016,16,12,3,9.251484952783775,3.1405278337352507,7,4,6.7913876521211805,3.034577264690455,19,7,16.40831960585083,5.527319549306262,19,17,26.369462860502722,15.534450823282544,7.087912087912088,6.795454545454546,5.912087912087912,6.056818181818182,13.0,12.852272727272727,21.087912087912088,18.84090909090909,0,6.020318507460441,5.938293343024444,11.9586118504849,26.88567762139222,4.944279704179106,4.526055233975631,9.470334938154732,19.75252788140036,255.4,252.6,216.6,253.6,227.6,317.0,359.2,336.4,372.2,359.6,353.2,240.3333333333333,40.8,30.2,55.6,78.8,71.0,54.8,67.4,65.6,71.4,18.66666666666667,253.2,256.2,236.0,272.8,230.0,329.3333333333333,367.0,340.8,361.6,396.0,343.8,258.0,36.0,18.6,53.2,81.4,81.0,71.4,68.4,62.2,77.6,27.66666666666667,0.2260760349741558,0.08332126,4.423290598290599,-0.18445581172160844,-0.18445581172160844,medium
4468,2015/2016,16,21,4,7.5130227995841485,4.0173843572810055,6,6,8.340898808341263,5.312618342116897,27,10,16.384227747560644,9.213996351285864,38,22,28.5298231030034,10.324898613731916,5.216867469879518,4.954022988505747,5.096385542168675,5.0,10.313253012048193,9.954022988505747,24.6144578313253,23.839080459770116,0,6.685108941486053,5.894794746901493,12.57990368838755,26.6328605692372,6.031471059443088,5.71072269715275,11.74219375659583,20.06752478936185,255.2,237.4,219.6,266.8,211.8,313.3333333333334,273.2,274.4,287.0,275.8,268.4,266.6666666666666,38.4,29.6,52.8,78.4,146.8,128.8,136.8,160.0,139.4,101.3333333333333,252.6,211.6,226.4,254.8,207.2,304.3333333333333,288.6,268.6,284.0,271.8,269.0,242.6666666666667,42.2,30.6,57.0,73.0,153.0,122.6,120.6,144.8,131.2,62.0,0.4111321948134092,0.020996837,2.4323076923076927,-0.662517743233179,-0.662517743233179,hard
4469,2015/2016,17,3,10,6.158420409640695,6.234305025742364,3,6,4.646923104246085,5.4343672914122045,6,16,9.949084449268415,11.923089741870957,20,36,17.37790646646527,21.006821968697857,6.007633587786258,6.137931034482759,5.538167938931297,5.793103448275862,11.545801526717556,11.931034482758621,20.763358778625953,24.96551724137931,1,7.432002101552511,5.493937402811333,12.92593950436385,23.29984000265382,4.961315280005255,6.190605662820817,11.15192094282607,20.20557015772317,303.6,268.2,273.6,285.2,256.4,321.0,367.0,337.4,370.6,357.8,346.0,279.3333333333334,39.0,24.8,64.2,81.2,77.8,68.6,71.2,72.8,74.8,38.33333333333334,252.6,240.6,225.8,254.2,219.6,298.3333333333333,359.8,321.2,348.0,359.0,338.6,254.0,37.6,34.2,49.4,72.2,75.6,60.2,65.8,80.6,70.8,18.33333333333333,0.7131622220633446,0.91058385,1.4022055137844611,0.6882692826531106,0.6882692826531106,medium
4470,2015/2016,17,7,4,10.428868597599315,4.430119968285862,6,7,7.21513574600459,3.903079437242723,13,11,17.676803693523688,8.382181529098865,18,12,33.74076026242119,14.51080438908451,6.078124999999999,5.091954022988506,5.503906249999999,4.988505747126437,11.582031249999998,10.080459770114942,21.3203125,18.482758620689655,1,10.59028315966519,7.612942028746556,18.20322518841175,28.431881385206,4.185624240622998,4.359160359130819,8.544784599753807,13.75243138571173,253.2,256.2,236.0,272.8,230.0,329.3333333333333,358.2,342.4,373.0,388.2,355.6,234.0,36.0,18.6,53.2,81.4,81.0,71.4,68.4,62.2,77.6,27.66666666666667,282.4,271.6,236.0,254.8,249.0,338.3333333333333,366.2,334.4,388.0,359.0,353.4,317.3333333333333,45.8,24.4,57.0,82.8,77.6,73.8,65.8,70.6,76.2,33.66666666666666,0.4676258992805755,0.97670233,2.1384615384615384,0.9562381650950458,0.9562381650950458,easy
4471,2015/2016,17,8,1,6.463329303618352,5.754535143139902,5,4,5.903281529737866,4.900945753769289,13,5,12.466849927086123,10.819255368908673,33,9,23.906586367462634,19.964697008536284,5.831325301204819,5.235955056179775,5.192771084337349,5.258426966292135,11.024096385542169,10.49438202247191,20.06024096385542,20.93258426966292,0,6.091603868304375,5.818136854883411,11.90974072318779,21.25154818811956,5.189541919832848,4.949577243224385,10.13911916305723,14.88654783227761,270.2,245.0,221.8,249.6,220.2,313.6666666666666,356.8,344.6,359.8,371.4,335.4,283.6666666666666,37.2,27.8,51.2,76.0,75.0,57.6,65.2,67.8,66.8,22.33333333333333,303.6,268.8,273.6,285.2,256.4,321.0,368.4,330.0,362.0,361.4,342.8,259.6666666666667,39.0,24.8,64.2,81.2,77.8,68.6,71.2,72.8,74.8,38.33333333333334,0.2700520366050602,0.022643294,3.70299003322259,-0.3389402558384218,-0.3389402558384218,medium
4472,2015/2016,17,6,2,5.579479496220355,1.581123798050113,6,2,6.8627764920633485,2.9926093833131437,12,4,12.905163618388762,3.87975602522315,57,9,28.249601695989146,11.436386926796462,5.733333333333333,5.479695431472081,5.5,5.491116751269035,11.233333333333333,10.970812182741117,25.2,21.276649746192895,0,6.83644600367903,6.610017804950546,13.44646380862958,24.27855813572395,4.021164848236561,4.031582555037533,8.052747403274077,15.34697358020771,280.6,262.6,255.6,291.8,244.2,311.6666666666667,354.4,320.8,369.6,370.0,336.6,286.3333333333334,42.6,32.4,55.8,79.6,80.2,65.8,68.0,70.0,73.6,29.0,259.6,246.2,233.6,258.6,214.6,315.6666666666667,273.2,274.4,287.0,275.8,268.4,266.6666666666666,38.4,29.6,52.8,78.4,146.8,128.8,136.8,160.0,139.4,101.3333333333333,0.5650328476033415,0.06885462,1.7698086124401915,-1.140725726337565,-1.140725726337565,hard
4473,2015/2016,17,4,6,6.412419900299543,5.733174067661544,5,3,3.7810944188179816,6.539245871617561,9,9,10.534745057490387,12.614523140977623,27,35,22.000057510731196,17.327933299020813,6.752808988764045,6.450549450549451,6.033707865168539,5.923076923076923,12.786516853932584,12.373626373626374,18.820224719101123,21.36263736263736,0,5.788788710152581,3.853146668097139,9.64193537824972,23.69471137303179,4.974249263207673,5.368769109244348,10.34301837245201,16.75060680340752,277.2,244.2,215.8,234.4,222.0,295.0,271.8,256.6,274.8,300.4,256.0,193.6666666666667,40.2,29.8,53.8,78.0,151.4,139.2,121.4,161.6,141.6,76.33333333333331,255.4,253.4,217.0,253.6,227.8,317.0,376.6,346.4,342.4,373.4,350.0,263.0,40.8,30.2,55.6,79.4,71.0,56.6,67.6,65.6,71.4,18.66666666666667,0.4645476772616137,0.29381496,2.1526315789473682,-0.3188569978491902,-0.3188569978491902,medium
4474,2015/2016,17,10,6,5.176725848032457,7.799428645320072,1,5,7.424235875508918,5.146915104457903,11,11,12.31761507718456,13.128510701408453,19,20,27.271717413810087,12.850923631660248,5.898876404494382,7.141304347826087,6.056179775280899,5.923913043478261,11.955056179775282,13.065217391304348,22.786516853932586,21.065217391304348,0,5.67143578423047,4.539335739407573,10.21077152363806,23.11134703135055,5.864688068702,6.596125413199982,12.46081348190198,21.57874396058223,261.6,239.6,232.2,275.8,235.6,313.6666666666667,353.8,345.2,351.2,368.8,347.2,269.3333333333333,39.8,37.6,57.0,85.4,84.8,78.8,83.0,77.4,81.8,40.0,277.8,257.2,256.2,279.0,238.0,320.3333333333334,336.2,327.6,357.2,378.4,314.2,279.6666666666667,42.2,22.8,41.6,76.6,79.8,67.8,57.4,78.8,70.4,29.0,0.5133945804060835,0.10286298,1.9478195488721803,-0.8436642890917524,-0.8436642890917524,hard
4475,2015/2016,17,11,4,6.043009583154594,7.831573284742625,10,7,6.765364747692132,4.532060590625701,21,11,12.48425378947366,12.419041975448955,35,14,26.06152421905127,25.452083984056287,4.943181818181818,5.465116279069767,5.011363636363637,4.941860465116279,9.954545454545455,10.406976744186046,23.818181818181817,20.6046511627907,0,8.43612075798681,8.218680058332378,16.6548008163192,22.64503364319924,5.16967561389998,5.313776761797472,10.48345237569744,18.59526122304804,271.2,244.6,237.6,283.6,230.2,288.0,338.2,328.6,353.0,370.8,323.6,236.0,34.4,26.6,49.6,70.2,78.6,64.6,59.6,78.0,73.0,26.66666666666667,289.2,253.2,243.0,290.4,234.4,319.0,221.0,214.4,213.0,211.6,196.0,222.3333333333333,46.6,26.4,51.8,75.8,221.4,189.0,215.8,230.6,209.4,155.0,0.224333163508472,0.1694221,4.457655677655679,-0.07079207117446078,-0.07079207117446078,medium
4476,2015/2016,17,10,3,6.972696873754449,5.709964139578046,11,7,7.286948182125231,5.266611989507396,21,10,14.767102422356453,11.440181857998578,26,23,22.735104244096178,15.998090938420416,5.592592592592593,5.404761904761905,5.012345679012346,5.107142857142857,10.604938271604938,10.511904761904763,19.62962962962963,24.773809523809526,0,7.032092667763546,7.60134716419422,14.63343983195778,26.41764463912381,3.642195605953208,4.37292025725711,8.015115863210319,21.80528532244828,252.6,240.6,225.8,254.2,219.6,298.3333333333333,358.4,327.6,357.2,374.2,346.4,238.6666666666667,43.4,22.4,56.2,73.0,75.6,60.2,65.8,80.6,70.8,18.33333333333333,250.2,222.0,240.6,275.4,208.8,287.6666666666667,343.0,326.2,337.8,350.4,315.8,251.0,42.2,28.2,47.8,74.6,71.8,60.0,64.2,74.8,66.0,20.0,0.3244274809160305,0.9249056,3.0823529411764707,0.8888433147958442,0.8888433147958442,easy
4477,2015/2016,17,3,8,5.665709145827292,6.846937941154019,0,6,3.435185614515114,6.288816966955265,3,14,9.096400663414126,13.178032323819737,17,28,15.932955472600652,25.88565234222165,5.774069319640565,7.606741573033708,5.358151476251605,6.584269662921348,11.132220795892168,14.191011235955056,20.65596919127086,19.247191011235955,1,6.106437688686603,5.554488904341952,11.66092659302856,26.59705199173463,6.769258936303986,6.077135682489251,12.84639461879323,20.80902687724203,244.8,206.0,224.4,272.4,204.6,291.3333333333333,368.8,330.6,341.2,341.4,333.8,265.6666666666667,42.2,30.6,57.0,73.0,72.8,60.6,63.4,75.2,66.4,39.0,200.2,156.6,151.4,201.2,166.6,226.0,442.6,404.6,441.6,452.2,421.6,350.0,35.6,21.0,51.6,69.2,75.0,57.8,54.6,61.8,69.2,17.0,0.4765957446808511,0.917321,2.0982142857142856,0.8420361072067322,0.8420361072067322,easy
4478,2015/2016,17,3,7,4.306808572630034,6.457036963742398,2,6,3.1308996621028227,6.942882824868795,5,13,7.773591395995929,13.900334951738841,23,25,21.0997142363245,26.391311661708933,4.914634146341464,5.65495608531995,4.573170731707317,5.553324968632372,9.487804878048781,11.208281053952321,19.658536585365855,21.431618569636136,0,6.628767872986469,6.368736199836421,12.99750407282291,25.11753340418491,4.712068423042501,5.763711261695878,10.47577968473838,20.8478486416878,240.6,240.8,190.4,222.0,219.0,305.6666666666667,369.6,351.4,348.8,346.6,337.2,335.3333333333334,41.0,27.0,53.0,78.6,76.2,60.4,59.2,69.2,71.2,20.33333333333333,277.6,236.8,215.4,265.4,230.4,313.0,219.4,202.0,206.2,221.2,186.0,212.6666666666667,40.4,32.4,55.6,72.2,206.6,190.0,198.2,200.4,204.4,87.66666666666667,0.4626708727655099,0.05994916,2.161363636363637,-0.7494879632080134,-0.7494879632080134,hard
4479,2015/2016,18,8,5,6.919844229000405,5.8748635783104834,6,4,7.93240359769045,5.217388858259813,14,9,15.503835524482726,11.673063048701497,32,13,24.95938517748533,22.386016276463806,6.445652173913044,5.376470588235295,5.891304347826087,5.129411764705883,12.33695652173913,10.505882352941176,21.51086956521739,24.75294117647059,0,7.820199565332555,6.750930297328292,14.57112986266085,26.13140245126915,4.029673296140593,4.396063308588388,8.425736604728971,20.04498219219779,273.8,247.0,229.4,256.8,218.8,311.0,216.8,219.4,191.6,203.6,191.4,223.3333333333333,48.2,26.6,51.2,77.2,226.0,187.4,218.2,237.6,211.2,123.6666666666667,270.8,246.2,225.4,269.8,241.4,329.6666666666667,369.4,352.4,393.0,399.2,365.4,229.0,49.0,35.4,56.4,82.8,77.4,67.4,79.0,88.2,78.2,15.0,0.1945459657014338,0.07250746,5.140173410404625,-0.1515151721358715,-0.1515151721358715,medium
4480,2015/2016,18,8,4,9.40932440206359,4.683950484447171,2,5,7.917799325576105,2.907807322685644,10,9,17.98675118318504,7.257324540548881,22,30,29.948025261826697,18.77548135402621,5.669975186104218,5.448275862068965,5.558312655086849,4.9655172413793105,11.228287841191067,10.413793103448276,21.471464019851116,20.528735632183906,0,4.690429504876907,5.049235982044007,9.739665486920913,26.59197005200799,5.962672763543219,5.655356744455792,11.618029507999,21.17639923528746,266.8,262.8,245.8,305.2,241.8,325.0,370.8,354.2,382.0,389.6,362.6,239.3333333333333,36.0,18.6,53.2,82.8,81.0,71.4,68.4,65.4,78.0,27.66666666666667,277.8,257.2,256.2,279.0,238.0,320.3333333333334,216.2,204.6,204.4,203.6,177.8,210.6666666666667,42.2,22.8,41.6,76.6,213.4,194.2,211.2,242.4,210.6,97.0,0.5555555555555556,0.037212275,1.7999999999999998,-1.1662724092602732,-1.1662724092602732,hard
4481,2015/2016,18,8,8,7.201670267530066,6.019565385165985,7,3,7.103458255324686,3.0262719585400077,15,11,14.784958483101466,8.503187067415183,31,15,34.82870444733025,12.034052097934264,6.088803088803088,5.74238578680203,5.509652509652509,5.296954314720812,11.598455598455596,11.039340101522843,21.28185328185328,20.614213197969544,0,9.634939086283381,7.773248029093681,17.40818711537707,23.70336651008974,4.08703661242497,4.620025398217384,8.707062010642339,19.62463066084614,277.2,244.2,215.8,234.4,222.0,295.0,273.2,258.0,274.8,302.0,256.0,194.3333333333333,40.2,29.8,53.8,78.0,151.4,139.2,121.4,161.6,141.6,76.33333333333331,279.6,246.4,229.0,284.0,234.0,323.3333333333333,372.6,357.6,371.2,362.0,347.2,332.3333333333333,46.6,26.4,51.8,75.8,76.4,62.0,77.2,78.6,76.0,35.66666666666666,0.3722005139043043,0.11638111,2.6867238562091504,-0.4074858466903491,-0.4074858466903491,medium
4482,2015/2016,18,13,3,9.423402110890601,1.9155220478842858,13,5,6.697814280002401,3.6770561599529907,26,8,16.292250030395167,5.14207415258398,34,31,32.8353558816239,16.187442774350416,7.611111111111111,5.188888888888889,6.5777777777777775,5.2444444444444445,14.188888888888888,10.433333333333334,19.344444444444445,20.8,1,6.657567948091572,5.795802328427003,12.45337027651857,21.83381476143646,4.929030030268242,4.693771323865625,9.622801354133854,15.2314108992075,266.8,241.2,221.0,264.8,221.0,302.6666666666667,364.4,347.2,332.6,371.4,322.6,288.6666666666667,34.4,26.6,49.6,70.2,78.6,64.6,59.6,78.0,73.0,26.66666666666667,287.6,259.4,257.2,286.6,243.2,322.6666666666667,368.4,330.0,362.0,361.4,342.8,259.6666666666667,39.0,24.8,64.2,81.2,78.2,68.6,72.0,73.2,75.6,38.33333333333334,0.2158693115519253,0.92965645,4.632432432432433,0.9102910330430383,0.9102910330430383,easy
4483,2015/2016,18,8,4,9.917418702247371,3.318678709599432,4,5,6.535251650303962,3.071547585616724,12,9,15.63580782368689,7.226326809262396,20,17,25.207885968783778,11.818758099244029,6.181818181818182,5.079545454545454,5.795454545454546,5.011363636363637,11.977272727272727,10.090909090909092,25.09090909090909,18.40909090909091,1,7.861123423306628,9.127931325811048,16.98905474911768,26.19944246989603,4.583365400515286,3.604416071129696,8.187781471644978,17.12540671205134,256.4,238.4,220.8,257.8,223.2,295.0,347.0,321.6,329.4,358.4,334.6,279.6666666666666,43.4,22.4,56.2,73.0,75.6,60.2,65.8,80.6,70.8,18.33333333333333,270.8,246.2,225.4,270.8,241.4,329.6666666666667,293.6,280.0,315.2,318.6,291.8,198.0,49.0,35.4,56.2,82.4,144.4,122.8,140.6,165.0,136.4,30.66666666666667,0.1219296304492144,0.57808423,8.201451905626136,0.5194966323793896,0.5194966323793896,medium
4484,2015/2016,18,3,11,5.108218376820081,7.026404727307526,6,6,4.134322204138403,6.61481903903051,9,17,8.70114412881632,14.130962310003987,15,19,18.67611599260934,23.456218541269543,6.722222222222222,5.857142857142857,6.022222222222222,5.190476190476191,12.744444444444444,11.047619047619047,18.91111111111111,20.214285714285715,0,6.379826201849687,3.892991186797794,10.27281738864749,22.68131008170695,5.548064874646858,5.206419535023496,10.75448440967035,17.27727015708505,266.6,222.2,218.2,273.2,216.6,298.6666666666667,288.6,268.6,284.0,271.8,269.0,242.6666666666667,42.2,30.6,57.0,73.0,153.0,122.6,120.6,144.8,131.2,62.0,282.4,271.4,236.0,254.8,249.0,340.6666666666666,366.2,333.0,387.6,359.0,353.0,317.3333333333333,45.8,24.4,57.0,82.8,77.6,73.6,65.8,70.6,76.2,33.66666666666666,0.224333163508472,0.011406982,4.457655677655679,-0.2745072711708241,-0.2745072711708241,medium
4485,2015/2016,18,5,5,6.274200521969532,5.947339991010743,5,2,6.95792789874213,5.740953311190886,10,7,13.940976105499326,10.966118315141241,16,26,29.174025377561417,17.611394411439186,5.944444444444445,5.973584905660377,6.0,5.50943396226415,11.944444444444445,11.483018867924526,22.744444444444444,20.754716981132074,1,6.117108435984835,5.644321918017737,11.7614303540026,27.26241450092833,5.649190381765694,4.90929697615787,10.55848735792355,19.87503665247381,266.0,238.6,212.4,246.0,205.0,310.6666666666666,216.8,219.4,191.6,203.6,191.4,223.3333333333333,48.2,26.6,51.2,77.4,226.0,187.8,218.8,237.6,211.4,123.6666666666667,277.6,236.8,215.4,265.4,230.4,313.0,226.4,210.8,208.8,218.6,195.8,214.6666666666667,40.4,32.4,55.6,72.2,209.8,185.2,211.2,223.6,208.8,96.00000000000001,0.5133945804060835,0.9576626,1.9478195488721803,0.9129943566229275,0.9129943566229275,easy
4486,2015/2016,18,4,8,3.4768988537758805,6.543601365506868,8,2,5.008408894168461,5.414736029089666,12,10,8.596703568254604,12.294413778787884,10,34,16.407829945257273,30.211942619533367,5.01123595505618,5.736263736263736,5.067415730337078,5.5054945054945055,10.07865168539326,11.241758241758241,23.9438202247191,25.54945054945055,1,7.916325654706679,5.549277889780419,13.4656035444871,25.37991671003094,5.318358057951369,5.105046263115383,10.42340432106675,17.09930363654501,270.2,245.0,221.8,249.6,220.2,313.6666666666666,345.2,333.6,347.4,364.2,329.0,261.6666666666666,37.2,27.8,51.2,76.0,67.6,58.2,56.4,77.8,67.8,31.66666666666667,250.2,222.0,240.6,275.4,208.8,287.6666666666667,353.0,336.6,342.0,353.0,320.8,282.3333333333333,42.2,28.2,47.8,74.6,71.8,60.0,64.2,74.8,66.0,20.0,0.39871625448367,0.8019655,2.5080492424242427,0.6706471339125462,0.6706471339125462,medium
4487,2015/2016,18,1,4,7.967587499618705,1.742579383379302,3,5,7.338250496938491,2.8675296999679762,4,9,15.664183045195774,4.259846943639858,6,30,30.083696042237904,15.674342199931862,5.646341463414634,4.891566265060241,5.085365853658536,4.542168674698795,10.731707317073171,9.433734939759036,19.70731707317073,19.698795180722893,1,8.630527238270638,7.504633223901308,16.13516046217195,25.23821353256134,4.879650838118014,4.044846059513411,8.924496897631414,18.0788459509027,261.6,239.6,232.2,275.8,235.6,313.6666666666667,349.6,335.0,354.8,364.0,356.4,219.3333333333333,39.8,37.6,57.0,85.4,84.8,78.8,83.0,77.4,81.8,40.0,254.8,260.4,232.4,258.6,231.2,311.6666666666666,359.6,336.0,371.0,360.0,354.4,241.0,40.8,30.2,55.6,79.2,63.8,64.2,62.4,53.6,75.6,25.66666666666667,0.5717600265164071,0.9760804,1.7489855072463765,0.9441444427236315,0.9441444427236315,easy
4488,2015/2016,18,9,4,7.567532064611045,3.0492833226499596,3,6,7.001441304032356,3.449112371428525,12,10,14.78140119723889,5.934825848312725,20,18,27.727385230899337,15.579551134755214,7.129032258064516,5.440401505646173,5.913978494623656,5.451693851944793,13.043010752688172,10.892095357590966,21.053763440860216,21.13801756587202,1,6.661701082771324,6.318308141277708,12.98000922404904,25.01939512658096,4.33159756114095,4.676739312084861,9.008336873225797,17.18731706416635,240.6,240.8,190.4,222.0,219.0,305.6666666666667,221.4,210.4,195.8,192.4,194.0,236.0,41.0,27.0,53.0,78.6,220.6,197.2,204.2,225.4,210.8,127.6666666666667,259.6,246.2,233.6,258.6,214.6,315.6666666666667,340.4,331.2,351.2,356.2,332.6,304.3333333333333,38.4,29.6,52.8,78.4,79.6,72.0,72.6,79.6,75.2,63.66666666666666,0.3708133971291867,0.9575995,2.696774193548386,0.9326106450403597,0.9326106450403597,easy
4489,2015/2016,19,7,7,5.826553907384506,5.165487176903804,8,3,5.31866516997252,5.413200206347293,15,10,10.419789012113721,11.234379542872812,32,13,25.375104289441097,19.6914600707572,5.962686567164178,5.6957055214723935,5.470149253731342,5.519018404907976,11.432835820895521,11.214723926380367,20.813432835820894,21.477300613496933,1,10.03235273257719,7.099454696900054,17.13180742947725,27.8532376789768,2.125994495950772,4.257995139148084,6.38398963509885,18.10961133473304,291.2,262.4,237.6,287.6,240.8,315.0,356.2,344.4,359.2,360.8,339.0,299.6666666666666,42.6,22.8,51.2,74.8,81.0,66.4,68.0,70.0,74.0,29.0,276.8,241.2,241.0,279.6,243.2,306.6666666666666,379.8,343.8,378.0,381.2,358.0,273.6666666666666,35.6,21.0,51.6,69.2,64.2,60.2,72.2,78.0,67.2,18.0,0.5907172995780591,0.8900796,1.6928571428571428,0.7314316427584776,0.7314316427584776,easy
4490,2015/2016,19,5,5,5.63446614655853,6.475121988097164,8,1,5.680922359919164,5.867940765303722,13,6,11.129015177003101,12.28534735155185,30,13,25.77276042131519,19.69327608110018,5.431818181818182,5.590361445783133,4.965909090909091,5.0602409638554215,10.397727272727273,10.650602409638553,20.636363636363637,19.542168674698797,0,6.787805853444897,5.078075722517511,11.86588157596241,25.97161277959909,4.276953060419674,3.855445723649414,8.132398784069087,22.47228000894736,277.6,236.8,215.4,265.4,230.4,313.0,353.6,333.6,353.8,362.4,317.8,318.6666666666667,40.4,32.4,55.6,72.2,74.2,59.4,65.4,75.6,71.4,33.33333333333334,270.6,238.6,226.2,259.8,225.2,292.6666666666667,348.2,339.8,337.4,353.8,321.2,286.6666666666667,34.4,26.6,49.6,70.2,78.6,64.6,59.6,78.0,73.0,26.66666666666667,0.39871625448367,0.23768243,2.5080492424242427,-0.2678166703582745,-0.2678166703582745,medium
4491,2015/2016,19,3,3,9.935330160756507,3.9262537037126783,9,2,7.702292536514589,5.675658311996614,12,5,18.42781584944298,9.821969866013522,27,10,26.73348681861333,11.153830312590069,5.91764705882353,5.0,5.2,5.1,11.117647058823529,10.1,20.2,23.788888888888888,0,7.476886007893818,6.307329147418349,13.78421515531217,20.97959240496201,5.419267154717523,4.708670840917064,10.12793799563458,14.01093449258127,250.2,222.0,240.6,275.4,208.8,287.6666666666667,353.0,336.6,342.0,353.0,320.8,282.3333333333333,42.2,28.2,47.8,74.6,71.8,60.0,64.2,74.8,66.0,20.0,266.8,262.8,245.8,305.2,241.8,325.0,366.8,351.0,381.0,392.8,359.2,241.0,36.0,18.6,53.2,82.8,81.0,71.4,68.4,65.4,78.0,27.66666666666667,0.2567237163814181,0.028475707,3.895238095238095,-0.3070836719125509,-0.3070836719125509,medium
4492,2015/2016,19,5,12,4.188015722981181,8.064269027103574,6,6,4.375039960225807,5.367165062554976,11,18,8.45858732274337,13.425066441371971,24,43,20.3002090466608,27.133036147193934,5.164835164835165,6.202247191011236,5.241758241758242,5.775280898876405,10.406593406593407,11.97752808988764,20.912087912087912,25.03370786516854,0,4.954533741360615,6.298756773679742,11.25329051504036,19.93772932525531,6.948688971895502,6.716165043159744,13.66485401505525,18.06796183624449,282.4,271.4,236.0,254.8,249.0,340.6666666666666,366.2,333.0,387.6,359.0,353.0,317.3333333333333,45.8,24.4,57.0,82.8,77.6,73.6,65.8,70.6,76.2,33.66666666666666,261.6,239.6,232.2,275.8,235.6,313.6666666666667,349.6,335.0,354.8,364.0,356.4,219.3333333333333,39.8,37.6,57.0,85.4,84.8,78.8,83.0,77.4,81.8,40.0,0.4539682539682539,0.044672463,2.202797202797203,-0.7495823860341726,-0.7495823860341726,hard
4493,2015/2016,19,6,3,5.624943436721329,4.205358034450224,5,5,3.8786255872970288,4.301762533330565,11,8,8.922101531815825,8.683572601105741,28,13,29.483547762726687,17.157621252173502,5.760869565217392,6.110687022900763,5.467391304347826,5.526717557251907,11.228260869565217,11.637404580152669,25.641304347826086,21.393129770992367,0,6.621816264312944,5.30164300750651,11.92345927181945,25.77236525856606,5.036069268289414,5.048026861494998,10.08409612978441,12.35279266643308,279.6,246.4,229.0,284.0,234.0,323.3333333333333,371.6,353.6,372.8,372.8,350.6,319.6666666666667,46.6,26.4,51.8,75.8,76.4,62.0,77.2,78.6,76.0,35.66666666666666,256.4,238.4,220.8,257.8,223.2,295.0,329.6,320.2,326.6,352.4,310.6,293.6666666666666,43.4,22.4,56.2,73.0,75.6,60.2,65.8,80.6,70.8,18.33333333333333,0.6790850222857623,0.044301994,1.4725696594427247,-1.9780411550802495,-1.9780411550802495,hard
4494,2015/2016,19,3,4,5.086255656607497,4.229440773904557,4,4,5.46885174695173,5.222184765320988,7,8,10.4602774308851,9.04762903185011,13,22,23.200445595358797,23.491083275222778,5.424317617866005,6.462365591397849,5.457816377171215,5.89247311827957,10.88213399503722,12.35483870967742,21.102977667493796,21.623655913978496,1,4.181491154161646,5.742415843247541,9.923906997409194,22.73512363153331,5.821264153815219,5.593404211564578,11.4146683653798,15.46120728315275,288.0,270.2,241.4,259.0,253.2,328.6666666666666,372.0,351.2,384.8,401.8,350.8,296.0,49.0,35.4,56.2,82.4,78.8,67.6,79.0,88.4,78.4,15.0,277.2,244.2,215.8,234.4,222.0,295.0,273.8,258.0,274.8,302.4,256.0,194.3333333333333,40.2,29.8,53.8,78.0,151.4,139.2,121.4,161.6,141.6,76.33333333333331,0.6039689387402933,0.9240438,1.6557142857142857,0.8082063938277998,0.8082063938277998,easy
4495,2015/2016,19,3,8,2.9917637050346584,8.950831983786568,5,9,5.0502390006691105,6.349308212340903,8,17,7.675951837693558,15.292489171749253,20,15,20.08099254623994,19.47804857869431,5.067415730337078,7.670329670329671,5.01123595505618,6.648351648351649,10.07865168539326,14.31868131868132,18.39325842696629,19.505494505494507,0,6.835690073522196,5.847599738100383,12.68328981162258,24.47925449081145,5.367610956163591,5.945254887823874,11.31286584398746,17.1813068748785,258.0,231.2,245.2,269.2,249.2,261.6666666666666,381.8,342.6,359.0,374.4,345.8,293.3333333333333,35.6,21.0,51.6,69.2,75.0,57.8,54.6,61.8,69.2,17.0,239.6,242.6,200.0,228.4,213.6,300.3333333333334,372.6,354.0,338.8,332.2,331.8,366.0,41.0,27.0,53.0,78.6,71.6,64.0,52.6,63.4,70.6,42.33333333333334,0.4549295774647887,0.16118981,2.198142414860681,-0.5389024292236767,-0.5389024292236767,hard
4496,2015/2016,19,5,3,7.3394812961514475,7.448091940714701,3,5,3.3273236960136243,4.837955160804427,8,8,10.72208582247259,11.893180559971913,22,23,18.881448462890067,21.176914992786635,5.767879548306148,7.148936170212766,5.271016311166876,5.882978723404255,11.038895859473023,13.03191489361702,20.55081555834379,21.04255319148936,0,4.967798146807633,4.250869854284785,9.218668001092436,21.30708504659992,6.111310694315561,5.829513883969481,11.94082457828504,21.70201186408406,198.8,180.4,166.0,193.0,159.0,236.3333333333333,294.0,281.0,281.2,299.2,251.0,302.6666666666667,42.2,22.8,41.6,76.6,223.2,194.2,190.6,223.2,209.2,91.99999999999999,266.0,238.6,212.4,246.0,205.0,310.6666666666666,356.6,340.0,357.8,370.8,341.2,258.6666666666666,48.2,26.6,51.2,77.4,81.4,59.0,68.6,78.8,69.2,45.33333333333334,0.5650328476033415,0.018072601,1.7698086124401915,-1.257474825574589,-1.257474825574589,hard
4497,2015/2016,19,15,4,7.247600859030555,3.490802324456532,5,4,4.465439034815329,3.753788202092042,20,8,12.227178185617124,6.328715880017935,42,21,29.907837330598706,19.385349389605526,4.880952380952381,6.681318681318682,4.5476190476190474,6.021978021978022,9.428571428571429,12.703296703296703,19.821428571428573,18.86813186813187,1,3.426196780068781,5.428478380294608,8.854675160363406,25.07959702993524,6.633266175897333,6.176507842301077,12.80977401819841,22.98703860847101,254.8,260.4,232.4,258.6,231.2,311.6666666666666,372.2,345.0,373.4,371.4,337.4,297.0,40.8,30.2,55.6,79.2,78.4,66.8,46.8,79.4,73.4,30.66666666666667,291.2,262.4,237.6,287.6,240.8,315.0,356.2,344.4,359.2,360.8,339.0,299.6666666666666,42.6,22.8,51.2,74.8,81.0,66.4,68.0,70.0,74.0,29.0,0.3625285605483625,0.18289474,2.758403361344538,-0.28179118891770694,-0.28179118891770694,medium
4498,2015/2016,19,4,5,7.557489181862284,6.928048142430217,7,9,5.534738792301756,6.230164784071584,11,14,13.567042419928404,13.09379932036834,17,35,23.140667722495998,22.346009198440598,5.372093023255814,5.934065934065934,5.116279069767442,5.989010989010989,10.488372093023257,11.923076923076923,24.61627906976744,22.67032967032967,1,6.624933580489891,5.241490824075864,11.86642440456576,27.16825271981496,6.247971343828125,5.963797632762034,12.21176897659015,21.87315212747691,259.6,246.2,233.6,258.6,214.6,315.6666666666667,346.0,332.2,345.4,370.2,336.0,302.6666666666666,38.4,29.6,52.8,78.4,71.8,65.6,59.8,76.8,71.0,14.66666666666667,270.2,245.0,221.8,249.6,220.2,313.6666666666666,356.6,345.8,356.6,360.8,337.2,290.6666666666666,37.2,27.8,51.2,76.0,76.6,66.6,64.8,67.0,76.0,22.33333333333333,0.4334975369458128,0.9664959,2.306818181818182,0.9408579297687697,0.9408579297687697,easy
4509,2015/2016,20,4,7,10.29578200169485,3.2247394630875306,10,5,6.9553343836704915,3.31641493704385,14,12,17.235751674273203,6.958246095839628,26,30,33.338498750760735,16.657720689026576,5.974169741697416,6.6521739130434785,5.498154981549814,6.0,11.47232472324723,12.652173913043478,20.937269372693727,18.891304347826086,1,8.442241610072227,6.396748013774246,14.83898962384648,30.0166550625493,4.152743846926624,4.541992184922891,8.694736031849507,20.35571189434,272.4,247.8,254.2,281.6,232.0,318.3333333333334,298.4,272.8,305.8,288.4,284.0,222.0,39.0,24.8,64.2,81.2,78.2,68.6,72.0,73.2,75.6,38.33333333333334,258.8,212.4,226.6,255.8,210.4,304.3333333333333,353.4,335.8,360.6,334.4,333.0,296.0,42.2,30.6,57.0,73.0,72.8,60.6,63.4,75.2,66.4,39.0,0.6519243436529595,0.9804331,1.533920323325635,0.9437855155315229,0.9437855155315229,easy
4510,2015/2016,20,5,5,6.1475568290653735,7.0203982641235,3,4,5.127044228204199,5.477149608940818,8,9,10.951196767605486,12.298365072222772,28,16,25.030939601005656,25.150446640257748,5.426966292134831,6.075471698113207,5.0,5.520754716981131,10.426966292134832,11.596226415094337,20.741573033707866,21.298113207547168,0,5.096312356961591,4.901832415398391,9.998144772359995,24.60055882669575,7.612305916215178,6.526307472181811,14.13861338839698,14.76249179801003,254.4,259.4,236.0,274.8,232.2,330.0,362.8,351.8,378.0,400.0,345.2,241.6666666666667,36.0,18.6,53.2,82.8,81.0,71.4,68.4,65.4,78.0,27.66666666666667,277.2,244.2,215.8,234.4,222.0,295.0,273.8,261.4,274.8,302.4,256.0,202.3333333333333,40.2,29.8,53.8,78.0,151.4,139.2,121.4,161.6,141.6,76.33333333333331,0.5594405594405595,0.05234015,1.7874999999999999,-1.1510374375752044,-1.1510374375752044,hard
4511,2015/2016,20,8,11,5.887844508353879,7.21712497134822,4,6,5.316641830938735,4.008460249658016,12,17,10.888744582950228,10.493836643736486,21,28,20.887610072721543,13.887937517163575,5.883720930232558,7.105263157894737,5.244186046511628,5.873684210526315,11.127906976744185,12.978947368421053,20.27906976744186,21.063157894736843,0,7.280979570308327,5.983479935271744,13.26445950558008,22.20786356931653,5.520147362374775,5.111923448736618,10.63207081111139,18.15620239483311,277.6,236.8,215.4,265.4,230.4,313.0,353.6,333.6,353.8,362.4,317.8,318.6666666666667,40.4,32.4,55.6,72.2,74.2,59.4,65.4,75.6,71.4,33.33333333333334,289.2,253.2,243.0,290.4,234.4,319.0,301.6,279.2,310.4,304.0,288.6,245.3333333333333,46.6,26.4,51.8,75.8,153.4,125.0,148.6,158.8,150.2,52.66666666666666,0.2046240110607574,0.12840733,4.887012012012011,-0.09582471271634165,-0.09582471271634165,medium
4512,2015/2016,20,6,4,5.030369441213642,7.085105359558364,11,5,6.3470970040613635,5.465339486329148,17,9,11.969230752435461,12.92691237639007,33,10,27.35295970165142,24.54058191957033,5.163043478260869,5.70995145631068,5.25,5.491504854368932,10.41304347826087,11.201456310679612,20.945652173913043,21.384708737864077,0,6.323840936803401,8.031820704071587,14.35566164087501,25.25488191988442,3.810265061127421,4.742293740789519,8.552558801916943,17.60233977677169,250.2,222.0,240.6,275.4,208.8,287.6666666666667,343.0,326.2,339.8,352.0,319.6,251.0,42.2,28.2,47.8,74.6,71.8,60.0,64.2,74.8,66.0,20.0,254.8,260.4,232.4,258.6,231.2,311.6666666666666,375.6,346.2,360.8,369.4,332.8,306.0,40.8,30.2,55.6,79.2,78.4,66.8,46.8,79.4,73.4,30.66666666666667,0.4755244755244755,0.052923054,2.1029411764705883,-0.8057600176334381,-0.8057600176334381,hard
4513,2015/2016,20,10,5,5.039528223884407,2.9127521638932405,6,3,5.39437361539097,3.52680220754646,16,8,10.543068537186565,6.1237115570103615,22,13,31.195638491326086,7.863176003787926,5.763440860215054,5.583333333333333,5.462365591397849,5.011904761904762,11.225806451612904,10.595238095238095,25.666666666666668,19.464285714285715,1,8.2918922444305,5.827496138792254,14.11938838322276,24.61497398837604,3.624367128213534,3.250038225382861,6.874405353596391,16.55261054459391,284.8,268.8,229.6,259.8,248.0,345.3333333333333,363.4,347.0,401.0,394.4,368.6,250.6666666666667,45.8,24.4,57.0,82.8,77.6,73.6,65.8,70.6,76.2,33.66666666666666,258.0,231.2,245.2,269.2,246.2,261.6666666666666,381.8,342.6,359.0,374.4,346.2,293.3333333333333,35.6,21.0,51.6,69.2,75.0,57.8,54.6,61.8,69.2,17.0,0.674237047551455,0.92695415,1.483157894736842,0.7757699294807084,0.7757699294807084,easy
4514,2015/2016,20,3,5,3.3830140979206917,4.520447273205676,7,5,5.148626829678107,6.346460472329417,10,10,8.139615588054218,10.517788597790329,17,32,17.26594328421157,25.943217469741775,5.397546012269938,5.923913043478261,5.441717791411043,6.021739130434782,10.839263803680982,11.945652173913043,21.013496932515338,22.804347826086957,1,5.297234571551492,5.550685575074566,10.84792014662609,25.6110481898017,5.530346122949223,5.502266189831873,11.03261231278109,14.35482630853553,270.2,245.0,221.8,249.6,220.2,313.6666666666666,289.8,280.8,286.6,285.6,268.8,245.0,37.2,27.8,51.2,76.0,151.6,124.2,130.0,134.8,142.8,44.66666666666666,258.4,216.0,213.6,249.8,211.4,303.6666666666667,221.4,209.0,205.4,196.6,200.4,218.6666666666667,42.2,30.6,57.0,73.0,224.4,190.0,196.6,227.0,206.4,95.0,0.4334975369458128,0.89892983,2.306818181818182,0.8215891858805782,0.8215891858805782,easy
4515,2015/2016,20,5,3,5.398076245976112,5.738199685073447,6,5,6.28164874244025,4.612187533746193,11,8,11.710384513528522,9.627051326388512,13,10,20.47987604903272,16.4601241904833,5.044444444444444,6.4361702127659575,5.011111111111111,5.872340425531915,10.055555555555555,12.308510638297872,18.41111111111111,21.627659574468087,1,7.084201435782425,5.023601608012394,12.10780304379482,23.06515138961921,5.275493085033921,5.307238600465899,10.58273168549981,19.83477560819591,291.2,262.4,237.6,287.6,240.8,315.0,356.2,344.4,359.2,360.8,339.0,299.6666666666666,42.6,22.8,51.2,74.8,81.0,66.4,68.0,70.0,74.0,29.0,241.0,237.6,202.0,247.6,218.2,305.0,289.4,275.2,275.8,281.2,267.2,263.6666666666667,41.0,27.0,53.0,78.6,143.6,119.2,125.6,145.6,137.2,40.66666666666666,0.6376389141920205,0.9317318,1.568285714285714,0.8116017901280107,0.8116017901280107,easy
4516,2015/2016,20,3,6,5.827632585957366,7.237168538636167,6,9,2.461313298511059,5.649896878542096,9,15,8.249400918842754,12.713818354448438,19,18,17.102951469201294,30.60555425464976,5.759305210918114,6.266666666666667,5.245657568238213,5.777777777777778,11.004962779156328,12.044444444444444,20.56699751861042,25.233333333333334,0,3.990071276131067,4.444755393004574,8.43482666913564,18.4916864980646,7.221307750973312,7.545409226800068,14.76671697777338,20.95605779958673,284.2,262.0,246.8,289.0,248.6,341.0,372.6,347.2,378.2,390.0,346.0,307.0,49.0,35.4,56.2,82.4,78.8,67.6,79.0,88.4,78.4,15.0,287.6,258.8,257.2,287.0,243.2,323.0,369.4,331.6,362.0,361.6,344.6,261.3333333333334,39.0,24.8,64.2,81.2,78.2,68.6,72.0,73.2,75.6,38.33333333333334,0.4665629860031104,0.022270024,2.1433333333333335,-0.8328873897432931,-0.8328873897432931,hard
4517,2015/2016,20,6,9,7.624444874575035,3.5831105291953858,6,0,5.733060505400379,5.19641785928088,12,9,14.011714272325793,8.257095961851576,27,22,31.64056770553406,16.901263263405355,5.0,4.978021978021978,4.552941176470588,5.065934065934066,9.552941176470588,10.043956043956044,20.08235294117647,23.63736263736264,1,6.874060572716854,5.478772838496967,12.35283341121384,22.85218945460346,6.369075615406671,5.8482822966343,12.21735791204097,17.38042154192121,257.6,239.0,212.6,271.0,225.2,287.0,270.6,271.6,267.6,277.8,255.0,262.6666666666666,43.4,22.4,56.2,73.0,154.0,123.2,130.8,152.8,139.2,49.0,264.6,249.8,244.0,280.2,241.2,316.6666666666667,344.2,333.4,362.4,371.0,350.0,230.3333333333333,39.8,37.6,57.0,85.4,84.8,78.8,83.0,77.4,81.8,40.0,0.1851851851851852,0.113607794,5.3999999999999995,-0.08784498680721632,-0.08784498680721632,medium
4518,2015/2016,20,6,12,5.283213684235535,8.983060432911376,7,11,4.608504487912319,8.016768015249767,13,23,9.768968779570262,17.86141401993871,17,36,22.86882847087248,25.27581033546611,5.35632183908046,7.673913043478261,5.137931034482759,6.673913043478261,10.494252873563218,14.347826086956522,24.528735632183906,19.456521739130434,1,5.371665595355667,5.214584913924657,10.58625050928033,22.72139839156861,6.921568853842674,6.332174507193124,13.25374336103579,21.69260339590716,259.6,246.2,233.6,258.6,214.6,315.6666666666667,346.0,332.2,345.6,370.2,336.2,302.6666666666666,38.4,29.6,52.8,78.4,71.8,65.6,59.8,76.8,71.0,14.66666666666667,200.6,187.6,185.2,200.6,169.2,241.6666666666667,331.0,330.2,349.8,354.8,285.0,333.0,42.2,22.8,41.6,76.6,157.6,132.8,117.4,136.8,142.0,57.33333333333333,0.3063147973609802,0.9333027,3.2646153846153845,0.9038507680044227,0.9038507680044227,easy
4519,2015/2016,21,6,2,6.995458834026824,3.9059243945683337,6,6,5.274322000648805,3.9350199390440572,12,8,11.57141871310534,7.4946149815729575,24,13,26.304522638867965,20.092855900635836,6.4,5.4222222222222225,5.863157894736842,4.977777777777778,12.263157894736842,10.4,21.50526315789474,20.822222222222223,1,5.147705101192451,5.647692190995064,10.79539729218752,24.29115387347886,5.350310345193401,5.131743229248397,10.48205357444179,18.84955273998731,297.4,243.8,220.6,235.6,227.2,294.3333333333334,273.8,261.4,274.8,302.4,256.0,202.3333333333333,40.2,29.8,53.8,78.0,151.4,139.2,121.4,161.6,141.6,76.33333333333331,248.6,230.8,201.8,247.0,208.8,303.3333333333334,365.6,331.4,348.6,379.4,324.8,265.0,45.4,27.4,47.8,74.8,79.6,69.0,64.4,76.4,67.6,36.0,0.6264014466546112,0.085018255,1.596420323325635,-1.449104052971028,-1.449104052971028,hard
4520,2015/2016,21,7,3,8.534501172991728,5.633721811844951,3,5,7.871503081479425,5.536582043301778,10,8,16.808254906789397,11.792020613126514,11,20,25.455578636218863,20.313769195014697,5.691476590636255,5.363636363636363,5.486194477791116,5.159090909090909,11.177671068427372,10.522727272727273,21.26170468187275,24.443181818181817,0,6.640237254507312,6.246567574868061,12.88680482937538,28.57372011041983,5.085460029638353,5.364403609161105,10.44986363879946,20.08447927280037,279.2,246.4,229.0,284.0,234.0,323.3333333333333,366.8,337.2,381.6,379.8,353.0,256.6666666666666,46.6,30.4,51.8,75.2,73.4,56.6,61.4,77.2,72.0,24.0,280.6,262.6,255.6,291.8,244.2,309.6666666666667,360.8,333.6,366.0,368.8,347.6,297.3333333333334,42.6,22.8,51.2,74.8,81.0,66.4,68.0,70.0,74.0,29.0,0.5622715771717739,0.63866717,1.7785000000000002,0.17452736691779341,0.17452736691779341,medium
4521,2015/2016,21,6,2,6.34164038403733,3.625899240009881,4,4,5.2945224462212375,6.585772016797902,10,6,10.748367611349618,10.86476443076031,15,16,15.185513643289955,15.787517990197736,5.576470588235294,5.043956043956044,4.988235294117647,5.021978021978022,10.564705882352941,10.065934065934066,19.388235294117646,18.35164835164835,0,6.281907130669669,7.723818761300464,14.00572589197014,25.11525967714967,5.323137625411356,5.512113987931578,10.83525161334292,17.28983554065191,275.8,262.6,262.2,270.2,251.2,304.6666666666666,346.8,335.6,381.2,391.6,344.2,223.3333333333333,39.8,37.6,58.0,85.4,54.0,45.2,47.6,59.8,53.4,19.33333333333333,267.0,262.8,245.8,305.8,241.8,325.0,368.8,351.4,375.4,394.4,357.0,230.6666666666667,36.0,18.6,53.2,82.8,69.4,65.8,75.2,86.4,73.0,36.0,0.3141116751269035,0.034605853,3.1835811247575956,-0.40750922473966894,-0.40750922473966894,medium
4522,2015/2016,21,11,4,10.0593671521096,3.6380557896105996,9,7,8.615584645935364,4.977832613158784,20,11,19.73805350373557,7.984592970228334,35,7,30.662678844544388,20.85679606186315,7.720430107526882,5.952554744525546,6.720430107526882,5.547445255474452,14.440860215053764,11.499999999999998,19.634408602150536,20.992700729927005,0,6.587491732173656,6.430789693626777,13.01828142580047,24.38554004432456,5.261019080127587,4.897573462770135,10.15859254289771,18.91040198920675,255.2,217.4,219.4,286.2,212.8,294.0,363.8,327.0,346.4,373.6,328.8,273.0,38.6,22.2,60.6,67.4,75.2,61.8,68.6,75.6,75.0,17.0,299.4,275.4,265.8,274.6,250.8,332.3333333333334,377.6,352.4,373.4,385.2,348.8,281.6666666666667,49.0,35.4,56.2,82.4,79.6,67.6,79.0,88.4,78.4,15.0,0.1624698171783374,0.37840292,6.154989384288746,0.25782128294570833,0.25782128294570833,medium
4523,2015/2016,21,6,5,8.979655896352067,4.452625360341829,9,6,6.408719460737265,2.179719127071082,15,11,15.179657260961598,6.974429911610432,17,28,30.368081888076297,19.545260124923672,6.063432835820895,5.011627906976744,5.503731343283581,4.569767441860465,11.567164179104475,9.581395348837209,21.238805970149254,20.162790697674417,0,10.19026847462619,8.234263404135234,18.42453187876144,23.44723123385502,3.715367657806534,3.890251569743055,7.605619227549584,17.1341830681876,330.6,310.0,317.2,348.8,289.0,386.0,207.8,209.6,210.0,212.2,167.4,205.3333333333333,42.2,22.8,41.6,76.6,158.0,134.8,115.0,147.4,140.4,59.0,285.8,264.4,242.2,290.8,250.0,337.6666666666666,359.4,332.2,395.2,385.8,359.8,248.0,45.8,24.4,57.0,82.8,77.6,73.6,65.8,70.6,76.2,33.66666666666666,0.3353973168214653,0.12569672,2.981538461538463,-0.3155277633333795,-0.3155277633333795,medium
4524,2015/2016,21,12,4,8.274548541931495,4.857076963488813,10,3,6.119740834277355,4.0577044504602116,22,7,14.229770917742819,9.509537169101176,52,15,22.816303630546834,14.704834102377264,6.263736263736264,5.908045977011494,5.813186813186813,5.2298850574712645,12.076923076923077,11.137931034482758,25.153846153846153,20.28735632183908,0,8.914109357829371,7.094209683832384,16.00831904166176,19.59070746295184,5.506164207191049,4.94467200961709,10.45083621680813,16.41830163821113,263.6,256.6,226.4,254.6,230.0,311.6666666666666,372.2,345.0,373.4,371.4,337.4,297.0,40.8,30.2,55.6,79.2,78.6,71.6,65.2,70.6,72.4,53.66666666666666,275.4,238.8,225.8,260.6,225.4,312.6666666666667,353.6,333.6,353.8,362.4,317.8,318.6666666666667,40.4,32.4,55.6,73.2,74.2,59.4,65.4,75.6,71.4,33.33333333333334,0.5791912384161751,0.050195776,1.7265454545454548,-1.2570923510360879,-1.2570923510360879,hard
4525,2015/2016,21,6,3,3.9511878927888175,7.501583009124792,4,5,3.9014113938358763,5.573158668272228,10,8,8.229481377583223,13.493783450433266,26,15,16.026956274377596,32.298906406969934,6.655913978494624,5.808510638297872,5.989247311827957,5.468085106382978,12.64516129032258,11.27659574468085,19.010752688172044,25.627659574468087,0,5.401762883032602,2.945396898011547,8.347159781044153,19.73691673798187,4.843224643523574,5.007283371908278,9.850508015431846,20.89640916126369,287.6,258.8,257.2,287.0,243.2,323.0,359.4,328.0,369.6,364.0,349.0,232.0,39.0,24.8,64.2,81.2,78.2,68.6,72.0,73.2,75.6,38.33333333333334,259.6,246.2,233.6,258.6,214.6,315.6666666666667,273.2,274.4,287.2,275.8,268.6,266.6666666666666,38.4,29.6,52.8,78.4,151.4,137.6,132.4,156.4,146.2,78.33333333333333,0.6716417910447762,0.013228448,1.4888888888888887,-2.0051678508858797,-2.0051678508858797,hard
4526,2015/2016,21,6,4,5.283418520736015,4.969406519813441,7,1,7.821508381741328,4.293266914362841,13,5,13.195327701106399,9.09234655021546,32,17,30.87278442710656,14.552658094580128,5.913978494623656,5.728834355828221,6.010752688172043,5.25398773006135,11.924731182795698,10.98282208588957,22.903225806451612,20.549693251533743,1,8.541461871997909,6.431865830552599,14.97332770255051,26.98494073123729,4.891785890283591,4.983258002531636,9.875043892815215,21.64615543512387,251.0,206.8,224.6,273.4,207.8,291.3333333333333,293.8,277.2,283.6,278.8,276.8,254.3333333333333,42.2,30.6,57.0,73.6,153.4,125.0,121.8,144.8,133.6,65.33333333333333,250.2,222.0,240.6,275.4,208.8,287.6666666666667,342.2,310.4,339.0,366.0,313.4,226.6666666666667,42.2,28.2,47.8,74.6,71.8,60.0,64.2,74.8,66.0,20.0,0.3959390862944163,0.931994,2.525641025641025,0.8874186733189752,0.8874186733189752,easy
4527,2015/2016,21,5,1,5.24986298070364,4.27007454501187,6,3,5.996893053751505,5.104714421235899,11,4,11.523088326766,8.755829397424986,34,15,27.634642608765454,17.806266426505527,5.021739130434782,5.371359223300971,5.010869565217392,5.45873786407767,10.032608695652174,10.83009708737864,23.619565217391305,20.969660194174757,1,8.662537415108716,6.408363476922558,15.07090089203128,27.30346686300794,4.85453097825885,4.336245553900644,9.190776532159491,17.44417065459294,254.0,255.2,222.2,221.8,233.4,291.0,366.0,342.8,345.2,348.6,335.4,297.3333333333333,41.0,27.0,53.0,78.6,76.2,60.4,59.2,69.2,71.2,20.33333333333333,263.8,234.8,204.4,240.6,218.6,316.6666666666666,366.8,335.6,354.0,363.2,335.4,262.0,37.2,27.8,51.2,76.0,76.6,66.6,64.8,67.0,76.0,22.33333333333333,0.3613655287260616,0.9039839,2.767281105990784,0.8496540457670817,0.8496540457670817,easy
4528,2015/2016,21,12,5,8.85489782150319,3.9753624082256094,9,4,5.807963429266129,4.970207895254646,21,9,15.044422935976415,9.355970309857096,41,25,27.17699827204757,21.882200007790104,7.145833333333333,5.172043010752688,5.875,5.311827956989247,13.020833333333334,10.483870967741936,21.135416666666668,21.0752688172043,0,5.30283085943859,5.518256260004668,10.82108711944327,23.6443681624398,4.168809761947875,4.709621346021231,8.8784311079691,18.05224212101498,256.6,259.8,241.6,273.0,238.2,327.3333333333333,366.8,355.2,379.0,396.8,348.6,239.3333333333333,36.0,18.6,53.2,82.8,81.0,71.4,68.4,65.4,78.0,27.66666666666667,265.6,218.2,203.8,271.4,203.4,296.6666666666667,369.0,340.6,337.8,362.0,347.8,310.0,38.4,29.6,52.8,78.4,77.4,64.2,62.8,66.2,74.4,35.33333333333334,0.7168214090660842,0.030250102,1.3950476190476189,-2.4245170720115587,-2.4245170720115587,hard
4529,2015/2016,22,8,6,6.1950080814659305,3.275090120316542,4,4,6.1579875954811225,4.972474033489355,12,10,12.834701824521428,8.19683931001024,33,14,30.495195464603498,19.21460189919352,6.395833333333333,5.170212765957447,5.864583333333333,5.297872340425532,12.260416666666666,10.46808510638298,21.53125,21.117021276595743,0,3.9804627368665,5.806938734039736,9.787401470906236,22.8393272938017,4.393046526221176,4.683808957162162,9.076855483383333,18.03723250893265,342.6,312.8,286.4,325.6,294.6,392.0,219.4,202.0,206.2,221.2,186.0,212.6666666666667,43.4,30.8,52.8,74.6,147.4,124.6,137.6,152.4,146.2,56.66666666666667,291.2,262.4,237.6,287.6,240.8,315.0,360.8,333.6,366.0,368.8,347.6,297.3333333333334,42.6,22.8,51.2,74.8,81.0,66.4,68.0,70.0,74.0,29.0,0.2171071327081557,0.02271218,4.606020942408377,-0.24830339176752714,-0.24830339176752714,medium
4530,2015/2016,22,6,7,6.174331543220902,2.1516382907520835,6,3,4.942761746958921,3.9353574325634173,12,10,10.471592930289164,5.775170507097517,17,11,23.390668826858878,18.123008404751182,5.705463182897863,5.324129651860744,5.459619952494061,5.432172869147659,11.165083135391924,10.756302521008402,21.152019002375297,20.90516206482593,1,6.13090397336489,6.243062480894388,12.37396645425927,29.46165278189169,5.063974465784508,5.032267456327725,10.09624192211223,20.92360221365622,250.2,222.0,240.6,275.4,208.8,287.6666666666667,348.0,320.6,345.0,374.0,325.2,240.3333333333333,42.2,28.2,47.8,74.6,71.8,60.0,64.2,74.8,66.0,20.0,198.8,180.4,166.0,193.0,159.0,236.3333333333333,346.0,326.2,350.2,374.6,307.2,324.6666666666666,42.2,22.8,41.6,76.6,158.0,134.8,115.0,147.4,140.4,59.0,0.3371110257395314,0.19360578,2.9663817663817658,-0.21648458597177161,-0.21648458597177161,medium
4531,2015/2016,22,10,5,7.760071036036541,6.084424109429797,2,3,7.139565765726886,5.146302003948999,12,8,15.166568947873834,11.39536941122012,37,14,26.784616886409058,17.09054331423088,6.062730627306272,5.886363636363637,5.542435424354243,5.204545454545454,11.605166051660515,11.090909090909092,21.19188191881919,20.227272727272727,0,7.418203611170822,5.322296308393089,12.74049991956391,19.05878199171084,5.749488180629002,6.07300276955025,11.82249095017925,19.70540978119337,277.2,246.2,215.8,234.8,222.2,296.6666666666667,272.0,250.0,276.2,289.8,260.8,187.6666666666667,40.2,29.8,53.8,78.0,151.4,139.2,121.4,161.6,141.6,76.33333333333331,239.6,242.6,200.0,228.4,213.6,300.3333333333334,298.6,284.0,278.8,272.2,269.4,277.0,41.0,27.0,53.0,78.6,143.6,119.2,125.6,145.6,137.2,40.66666666666666,0.5650328476033415,0.10158731,1.7698086124401915,-1.0654725145014412,-1.0654725145014412,hard
4532,2015/2016,22,10,1,9.156783939429815,3.361575737221358,10,5,8.084684087523025,3.9780646097792456,20,6,18.05512671325836,7.615048121919297,21,16,24.588869577597986,21.579623901695093,7.75531914893617,5.778947368421052,6.74468085106383,5.463157894736842,14.5,11.242105263157894,19.79787234042553,25.51578947368421,0,5.508751403357533,4.318256360381638,9.827007763739172,19.4301103611219,5.02417945690556,4.303189009937636,9.32736846684319,22.85015252948234,323.6,294.4,279.2,325.2,275.8,366.0,271.4,255.2,278.8,298.8,252.2,203.6666666666667,45.4,27.4,47.8,74.8,79.6,69.0,64.4,76.4,67.6,36.0,290.8,255.6,246.4,287.0,251.4,275.6666666666666,365.2,341.0,396.0,386.0,370.4,238.6666666666666,45.8,24.4,57.0,82.8,77.6,73.6,65.8,70.6,76.2,33.66666666666666,0.1851599727705922,0.026445713,5.400735294117648,-0.19477966152996742,-0.19477966152996742,medium
4533,2015/2016,22,6,6,10.411399830020517,3.3112033809736703,8,4,6.764892823991525,3.25314404827255,14,10,17.0628074745311,6.70924044087111,15,25,32.40005325720281,18.27529399929196,6.326086956521739,5.384615384615385,5.858695652173913,4.989010989010989,12.184782608695652,10.373626373626374,25.445652173913043,20.736263736263737,1,9.76740637708745,8.568337519625748,18.3357438967132,25.54521712437894,4.620703101522551,4.191465533451106,8.81216863497365,18.63873535147776,257.6,239.0,212.6,271.0,225.2,287.0,354.8,335.8,334.6,351.0,332.6,287.3333333333333,43.4,22.4,56.2,73.0,75.6,60.2,65.8,80.6,70.8,18.33333333333333,263.8,234.8,204.4,240.6,218.6,316.6666666666666,225.0,222.6,219.8,204.0,206.4,213.0,37.2,27.8,51.2,76.0,214.8,176.6,201.2,231.0,191.6,79.33333333333333,0.3900114372855509,0.93786955,2.5640273704789833,0.8981448915600777,0.8981448915600777,easy
4534,2015/2016,22,14,4,7.186189081855818,6.716866695008951,9,4,6.684573365200629,6.933858389339207,23,8,14.357598911373552,13.572599581521363,12,22,28.680859744060328,19.238965541981774,6.648936170212766,5.337078651685394,5.968085106382978,5.157303370786517,12.617021276595745,10.49438202247191,19.085106382978722,24.39325842696629,1,7.884557112464326,5.802315974715707,13.68687308718003,27.47574463632452,3.95779597990698,4.444132166466783,8.40192814637376,18.31731973637779,279.4,234.8,238.8,270.4,223.4,273.0,221.0,216.2,198.0,201.2,194.4,220.3333333333333,48.2,26.6,51.2,77.6,215.0,180.0,222.8,236.4,211.6,80.66666666666666,272.4,247.8,254.6,281.8,232.2,318.0,283.8,273.0,303.8,285.8,278.8,222.6666666666667,39.0,24.8,64.2,81.2,78.2,68.6,72.0,73.2,75.6,38.33333333333334,0.2432432432432433,0.814711,4.11111111111111,0.7551537879875727,0.7551537879875727,easy
4535,2015/2016,22,5,2,7.486505747722931,3.4985538994585577,2,7,7.099732852876319,3.257430801201471,7,9,14.24811732291025,7.125602746324651,17,22,28.847353588776926,22.057900310295686,5.914893617021277,5.011494252873563,6.0212765957446805,4.586206896551724,11.936170212765957,9.597701149425287,23.0,20.25287356321839,1,9.098468496047484,7.725292513406077,16.82376100945357,26.03987921142408,4.419772985067014,3.82031948798642,8.24009247305342,18.33647391032319,269.2,248.2,228.2,267.4,229.8,325.0,383.0,354.6,383.2,374.0,368.8,289.6666666666666,46.6,26.4,51.8,75.8,72.4,56.6,61.4,77.2,72.0,24.0,284.2,262.0,246.8,289.0,248.6,341.0,354.6,326.0,367.6,406.0,340.0,259.3333333333333,49.0,35.4,56.2,82.4,78.8,67.6,79.0,88.4,78.4,15.0,0.3722005139043043,0.9050059,2.6867238562091504,0.8486871527385788,0.8486871527385788,easy
4536,2015/2016,22,8,6,5.613596450447031,6.01320063202656,4,3,5.447319929895686,6.011671556928746,12,9,11.478045374084061,11.033792245793151,24,14,25.319128805300036,20.21298397354866,5.021505376344086,5.931407942238266,5.021505376344086,5.563176895306858,10.043010752688172,11.494584837545125,23.731182795698924,20.841155234657037,0,6.223278837332561,4.929466980303899,11.15274581763648,23.92393105386392,6.723544618380765,5.66233857370641,12.38588319208717,19.36092316925073,263.6,256.6,226.4,254.6,230.0,311.6666666666666,372.2,345.0,373.4,371.4,337.4,297.0,40.8,30.2,55.6,79.2,78.6,71.6,65.2,70.6,72.4,53.66666666666666,248.2,221.2,218.0,261.4,223.8,298.3333333333333,378.8,347.4,364.8,370.2,351.0,302.6666666666666,35.6,21.0,51.6,69.2,75.0,57.8,54.6,61.8,69.2,17.0,0.4883720930232558,0.029285507,2.047619047619048,-0.8973056154156271,-0.8973056154156271,hard
4537,2015/2016,22,3,5,4.3000103633171305,4.604544374984841,4,8,5.596462484144525,4.1431467246849945,7,13,9.868586733592544,8.2905157857858,34,27,22.283779242875266,16.062160952700573,5.5813953488372094,5.70995145631068,4.976744186046512,5.20752427184466,10.55813953488372,10.91747572815534,19.337209302325583,20.510922330097088,1,8.399394226481355,7.330138547349339,15.72953277383071,25.02154578475912,5.203956972290229,4.586721943447152,9.790678915737372,20.46022332903177,285.8,264.4,242.2,290.8,250.0,337.6666666666666,364.0,333.2,389.6,378.2,347.6,279.3333333333333,45.8,24.4,57.0,82.8,73.2,63.6,73.2,80.0,69.4,26.33333333333333,250.0,264.4,227.6,252.6,228.0,311.6666666666666,372.2,345.4,373.4,371.4,337.4,297.0,40.8,30.2,55.6,79.2,78.4,66.8,46.8,79.4,73.4,30.66666666666667,0.6521739130434783,0.93197924,1.5333333333333332,0.8044403120875357,0.8044403120875357,easy
4538,2015/2016,22,12,1,9.488421237649128,3.9568433694347007,9,3,6.281134734693437,4.683975413759359,21,4,15.550470875037572,8.909303373486301,37,13,21.912562892748237,16.493998673121474,7.195876288659794,5.010869565217392,5.907216494845361,5.010869565217392,13.103092783505154,10.021739130434783,21.34020618556701,18.32608695652174,1,7.338414269765114,6.62391117717903,13.96232544694416,22.87577531892258,3.401609176563736,4.938288134165495,8.339897310729219,16.56911219053431,270.2,245.0,221.8,249.6,220.2,313.6666666666666,366.6,343.0,350.4,366.0,334.0,274.0,40.0,32.8,52.2,73.6,76.6,66.6,64.6,67.0,75.4,22.33333333333333,260.0,241.8,216.4,273.4,223.4,318.0,383.0,354.6,383.2,374.0,368.8,289.6666666666666,46.6,26.4,51.8,75.8,72.4,56.6,61.4,77.2,72.0,24.0,0.2567237163814181,0.9000498,3.895238095238095,0.8655275345632905,0.8655275345632905,easy
4539,2015/2016,23,2,8,5.186245388749772,5.861984597703258,4,3,5.535229240293992,4.845913109268637,6,11,9.766573043427787,10.888619620466397,21,17,19.92909776890511,24.096035116602557,5.932142857142856,6.1058394160583935,5.535714285714285,5.503649635036496,11.467857142857142,11.609489051094888,20.767857142857142,21.364963503649633,0,8.425412076195162,5.093274577669207,13.51868665386438,25.69951283615959,5.399653769137885,5.630361506624361,11.03001527576225,15.27547894052764,209.4,182.2,163.4,201.8,162.8,239.6666666666667,293.6,277.4,272.2,298.4,269.0,290.6666666666667,42.6,22.8,51.2,74.8,217.8,187.4,214.2,239.8,213.2,111.3333333333333,273.8,234.2,221.2,275.4,210.2,302.0,209.6,198.2,218.2,213.4,200.4,162.3333333333333,48.2,26.6,51.2,77.6,223.2,190.6,213.8,236.0,212.2,100.3333333333333,0.5622715771717739,0.03822642,1.7785000000000002,-1.1971924313240578,-1.1971924313240578,hard
4540,2015/2016,23,5,13,6.355572840747853,8.751073200196188,5,6,4.709784469185653,5.245574472675141,10,19,10.69118585562811,14.02210783225685,23,31,27.73997835770394,20.848893983807585,5.391304347826087,7.244897959183674,4.978260869565218,5.938775510204081,10.369565217391305,13.183673469387756,20.782608695652176,21.5,0,6.495482566025979,4.71386356693724,11.20934613296324,22.99897961498417,6.822300732343411,6.025665685968033,12.84796641831144,19.51723970757752,285.2,254.2,242.2,290.2,246.4,338.0,293.6,280.0,315.0,318.6,291.8,198.0,49.0,35.4,56.2,82.4,163.4,134.2,142.8,161.2,149.6,46.66666666666667,203.4,185.8,162.2,188.6,178.4,234.3333333333333,353.4,331.0,329.4,355.0,301.0,366.0,43.4,30.8,52.8,74.6,147.4,124.6,137.6,152.4,146.2,56.66666666666667,0.7964199029126214,0.2602771,1.2556190476190474,-2.6335718379468416,-2.6335718379468416,hard
4541,2015/2016,23,8,3,5.677042593842763,6.167463325879092,10,2,6.1419774819069515,3.944891947005448,18,5,11.80372303481309,10.095181606728273,38,7,20.40954144618165,23.074640060248083,5.876404494382022,5.551724137931035,5.179775280898877,4.9655172413793105,11.0561797752809,10.517241379310345,20.15730337078652,19.50574712643678,0,8.690515160529674,6.550148994084948,15.24066415461462,19.024504580562,4.382524128990434,4.209748926161224,8.592273055151647,16.04226505008573,248.2,221.2,218.0,261.4,223.8,298.3333333333333,370.4,343.8,368.6,371.4,343.8,273.6666666666666,35.6,21.0,51.6,69.2,72.4,55.6,53.4,73.4,68.2,33.66666666666666,250.2,222.0,240.6,275.4,208.8,287.6666666666667,278.4,268.8,278.8,290.0,264.0,224.3333333333333,42.2,28.2,47.8,74.6,136.8,110.0,124.8,154.0,129.4,42.66666666666667,0.3722005139043043,0.010081574,2.6867238562091504,-0.5768066748339029,-0.5768066748339029,hard
4542,2015/2016,23,4,4,7.254597512741298,5.738719203521561,8,0,8.293985264302696,4.630101323214918,12,4,15.70785428597311,10.5878893166922,35,24,29.004793564538886,22.12708818587164,5.178947368421053,5.053191489361702,5.28421052631579,5.01063829787234,10.463157894736842,10.063829787234043,21.042105263157893,23.73404255319149,1,5.545915508590353,7.929495042982098,13.47541055157245,23.08037911699098,5.592244622963917,4.86198128982069,10.4542259127846,18.67089324267189,272.4,248.2,241.2,270.0,222.6,316.6666666666667,341.4,336.0,363.8,374.6,307.0,273.3333333333333,42.2,22.8,41.6,76.6,77.8,65.0,60.0,58.0,71.6,28.33333333333333,275.8,244.0,209.0,280.4,225.2,286.0,347.2,338.4,337.6,353.8,338.4,277.6666666666666,43.4,22.4,56.2,73.0,78.4,63.0,65.0,72.2,68.4,30.66666666666667,0.6074766355140188,0.90582585,1.646153846153846,0.7600801501955304,0.7600801501955304,easy
4543,2015/2016,23,3,1,5.073570295907417,3.7386571910325355,6,5,5.299292985432711,4.056862349569181,9,6,10.360823253878271,7.4480973930363215,17,20,24.335312262183237,15.767017656221517,5.729166666666667,5.905263157894737,5.458333333333333,5.978947368421053,11.1875,11.884210526315789,25.416666666666668,22.936842105263157,0,6.58767101851633,6.853468698462429,13.44113971697877,27.3452307829633,4.716509692418171,4.698271812237843,9.414781504656016,15.99950945538422,259.6,246.2,233.6,258.6,214.6,315.6666666666667,346.0,332.2,345.6,370.2,336.2,302.6666666666666,38.4,29.6,52.8,78.4,71.8,65.6,59.8,76.8,71.0,14.66666666666667,268.4,248.0,242.8,270.6,237.6,292.6666666666667,336.8,323.0,346.2,365.6,321.2,236.0,45.4,27.4,47.8,74.8,79.6,69.0,64.4,76.4,67.6,36.0,0.4765957446808511,0.14671683,2.0982142857142856,-0.6302564570574257,-0.6302564570574257,hard
4544,2015/2016,23,1,6,2.0770595671613092,7.795062119876312,2,2,4.359456171592036,7.928663610474138,3,8,6.36234891334875,16.321944181627728,24,19,13.973530504618662,27.48778858190059,5.342042755344418,7.778947368421052,5.406175771971497,6.778947368421052,10.748218527315915,14.557894736842105,20.799287410926365,19.810526315789474,0,6.327288488548692,4.953561628897527,11.28085011744622,26.05942444840586,5.983949132229839,4.555058711140678,10.53900784337051,16.05286879049217,287.6,258.8,257.2,287.0,243.2,323.0,368.0,339.8,370.6,358.0,347.8,281.0,39.0,24.8,64.2,81.2,78.2,68.6,72.0,73.2,75.6,38.33333333333334,255.6,260.4,239.6,275.4,237.4,324.6666666666667,366.8,355.6,373.6,377.6,342.8,269.0,37.8,25.4,46.4,78.6,78.8,64.0,69.4,79.4,75.4,31.33333333333333,0.4111321948134093,0.027243445,2.432307692307692,-0.6519099033180582,-0.6519099033180582,hard
4545,2015/2016,23,4,5,4.390168466428301,6.089119605073623,1,8,6.363962885924896,5.182655497309445,5,13,10.914357866035582,10.618731886788089,13,17,21.805469423269862,9.78834468945608,4.967741935483871,5.708578143360753,4.989247311827957,5.465334900117509,9.956989247311828,11.173913043478262,18.268817204301076,21.10810810810811,0,7.74155721970171,6.614560782264002,14.35611800196573,26.44055411001225,3.307564862960626,5.441371670875073,8.748936533835696,19.46803724566831,281.4,235.8,236.0,264.8,229.8,307.3333333333334,293.0,278.0,287.4,272.0,274.6,251.3333333333333,42.2,30.6,57.0,73.6,153.4,125.0,121.8,144.8,133.6,65.33333333333333,277.2,246.2,215.8,234.8,222.2,296.6666666666667,275.2,263.0,280.2,303.8,261.0,205.3333333333333,40.2,30.4,53.8,78.6,151.6,140.2,121.6,161.6,142.8,76.33333333333331,0.3269230769230769,0.7444699,3.0588235294117645,0.6203552518572126,0.6203552518572126,medium
4546,2015/2016,23,4,2,8.363430739007889,4.1079762372309485,5,7,5.485282573311373,4.829852686187027,9,9,13.865687959400415,9.259128091005943,18,33,27.190488467312555,22.736673712047363,5.702280912364946,6.726315789473684,5.237695078031212,6.0,10.939975990396158,12.726315789473684,20.581032412965186,19.010526315789473,1,4.550871926417832,5.697865908635269,10.2487378350531,28.28366546216319,5.517521526035734,5.339397702589357,10.85691922862508,21.48038288315558,239.6,242.6,200.0,228.4,213.6,300.3333333333334,298.6,283.6,278.8,272.2,269.4,276.0,41.0,27.0,53.0,78.6,143.6,119.2,125.6,145.6,137.2,40.66666666666666,285.4,267.2,251.2,287.4,251.2,330.6666666666666,348.6,340.8,368.6,384.6,357.4,213.0,39.8,37.6,58.0,85.4,60.8,55.6,59.2,73.4,55.2,20.66666666666667,0.2252998475912795,0.9451071,4.438529411764708,0.9291430401359527,0.9291430401359527,easy
4547,2015/2016,23,1,8,5.906825885888551,4.7776066693865,4,7,4.579495120884507,3.2702100600161668,5,15,10.947832810351247,7.301931266430371,19,30,22.694857877260795,18.952017419698986,4.9772727272727275,6.412371134020619,4.613636363636363,5.845360824742268,9.590909090909092,12.257731958762887,20.272727272727273,21.649484536082475,0,7.055468285197285,3.89112957531858,10.94659786051587,23.76503368681728,7.471927560122079,5.296293928013315,12.76822148813538,22.20454953058123,260.2,253.0,249.6,293.4,239.2,297.6666666666667,358.0,354.8,387.2,397.6,352.0,255.6666666666666,36.2,28.2,56.4,81.4,80.4,71.4,67.0,61.6,76.8,27.66666666666667,249.8,220.8,197.4,268.2,208.8,298.0,359.6,332.6,374.0,380.6,344.2,279.3333333333333,48.2,28.6,51.6,77.8,82.0,68.0,66.0,69.0,73.8,26.66666666666667,0.5594405594405595,0.05437987,1.7874999999999999,-1.1464075841719197,-1.1464075841719197,hard
4548,2015/2016,23,2,12,5.519751769274325,9.917059459490257,6,5,4.882695563162847,7.544584434309458,8,17,10.29562872991432,18.244056898485766,23,10,21.29315067751946,27.17474105843921,5.322222222222222,6.32258064516129,5.144444444444445,5.881720430107527,10.466666666666667,12.204301075268818,24.366666666666667,25.333333333333332,0,6.207931528824644,5.346196906784938,11.55412843560958,22.9844648926199,6.676589401338037,5.673960041922388,12.35054944326042,23.09148358584775,268.4,238.0,217.8,248.8,216.2,300.3333333333334,352.6,331.6,361.8,378.4,328.4,244.0,43.2,29.0,52.0,73.0,71.0,66.0,54.6,64.6,66.2,24.33333333333333,285.6,262.6,246.8,286.4,258.0,290.6666666666666,218.8,200.6,194.6,211.4,169.8,207.3333333333333,45.6,31.0,53.8,75.6,201.0,167.2,189.8,215.2,193.6,87.66666666666667,0.5253859743451877,0.009401552,1.9033625730994155,-1.0871663923958759,-1.0871663923958759,hard
4549,2015/2016,24,15,10,4.083973684490907,5.430433983400786,6,3,6.471512593370472,4.561552945332726,21,13,10.027355170229217,9.94298492847929,36,16,17.50493991972262,24.0822720620164,5.890459363957596,5.854166666666667,5.519434628975264,5.96875,11.40989399293286,11.822916666666666,20.770318021201412,22.90625,0,8.491573405743807,6.015609722994004,14.50718312873783,30.53701750780964,3.6231178344192,4.694330279544413,8.317448113963609,13.49776492127122,264.6,235.2,209.4,278.6,225.6,298.6666666666667,366.8,335.4,352.0,350.0,342.8,294.0,44.4,28.8,55.6,78.6,78.6,65.0,67.8,70.2,73.2,25.0,298.4,269.8,264.2,279.2,253.6,321.0,362.6,338.2,386.8,411.2,358.4,251.3333333333333,42.2,29.4,51.4,81.0,76.0,67.4,79.0,87.6,79.4,23.33333333333333,0.1945459657014338,0.04581622,5.140173410404625,-0.18465329451034618,-0.18465329451034618,medium
4550,2015/2016,24,7,9,3.3194791380373663,9.142146395231723,4,7,5.659281454114174,6.364031147444464,11,16,9.007249223773792,15.642116957587588,16,35,23.56155865122191,28.434346379861697,5.166666666666667,7.760416666666667,5.3125,6.729166666666667,10.479166666666666,14.489583333333334,21.1875,19.802083333333332,1,6.007801461457699,7.556628041210024,13.56442950266774,26.56595449616555,5.558687243292229,4.863131709389905,10.42181895268213,16.7638970321921,264.4,223.2,197.0,250.6,204.8,279.3333333333333,266.0,234.6,265.6,288.6,250.4,169.0,41.8,26.4,52.8,75.6,144.6,128.6,119.8,160.6,135.6,72.66666666666666,299.6,271.2,268.4,286.6,251.2,312.0,288.6,269.6,287.4,284.6,272.8,232.0,41.2,29.6,64.2,81.0,75.8,67.2,71.4,73.4,73.8,38.33333333333334,0.3721734553861769,0.95133626,2.686919191919192,0.922488566615732,0.922488566615732,easy
4551,2015/2016,24,3,6,3.6915785316863055,8.023700633629648,7,8,3.632682709558705,5.052786685940662,10,14,6.691902165514049,13.310209135997024,26,17,19.2861071162261,28.500423716549612,5.296122209165687,7.303030303030303,5.370152761457109,5.9393939393939394,10.666274970622796,13.242424242424242,20.833137485311397,21.595959595959595,0,5.51433514955423,4.849566341498113,10.36390149105235,24.91725177172059,6.712974260794153,5.763992815020234,12.47696707581438,17.64888824384903,261.6,253.2,245.0,292.0,230.8,309.6666666666666,363.6,334.0,393.8,391.6,351.0,226.6666666666667,44.6,25.4,52.0,74.8,85.4,75.4,83.6,78.2,82.6,40.0,266.0,223.2,227.2,264.2,227.8,300.3333333333333,340.0,321.8,336.6,387.8,309.4,254.6666666666667,43.6,30.0,53.0,77.2,75.0,57.4,51.6,62.2,67.4,24.33333333333333,0.7168214090660842,0.012575591,1.3950476190476189,-2.486931773754001,-2.486931773754001,hard
4552,2015/2016,24,6,2,2.587269086212193,8.732049973647335,5,4,4.182160251526258,6.79204708472834,11,6,6.099154261802552,15.694675388964106,29,9,16.222982571564472,21.108542879889747,4.957446808510638,6.382978723404255,4.946808510638298,5.872340425531915,9.904255319148936,12.25531914893617,18.21276595744681,25.170212765957448,0,5.884625847967156,4.862895981393955,10.74752182936111,21.32876834374353,6.549956413521877,6.992760670114929,13.54271708363679,19.66128784354371,276.0,244.4,234.4,280.8,236.6,263.6666666666667,343.2,318.2,348.8,374.6,318.8,262.6666666666667,47.2,27.2,50.8,75.2,79.8,67.6,64.8,75.0,69.6,35.0,265.8,270.6,252.8,279.2,237.2,297.3333333333333,366.8,339.8,375.2,370.0,347.8,260.3333333333333,43.0,29.6,55.4,71.6,75.2,66.2,45.8,77.2,73.0,29.66666666666667,0.4247885251930856,0.0051072533,2.3541125541125547,-0.7296121560711211,-0.7296121560711211,hard
4553,2015/2016,24,7,9,4.792968664145977,4.350509777058501,4,4,3.430412851967982,5.8339441031669335,11,13,7.582981772931702,9.603661847679344,19,30,19.72605751697182,26.49261838481189,5.684085510688837,6.1263537906137175,5.235154394299287,5.47653429602888,10.919239904988123,11.602888086642597,20.553444180522565,21.31768953068592,0,5.595510935969113,4.235083249303366,9.83059418527249,22.23504755686957,7.242080511847218,5.953137589198043,13.19521810104526,15.23027935907163,250.6,228.4,209.8,261.2,211.6,293.3333333333333,369.2,320.4,332.4,354.4,336.4,288.3333333333333,41.4,31.0,42.6,73.8,77.6,61.4,64.8,82.4,71.2,24.33333333333333,253.2,229.8,209.2,267.6,205.2,299.3333333333333,365.6,328.4,351.8,365.2,340.8,275.3333333333333,41.6,31.6,52.6,76.4,76.2,63.2,61.6,63.4,73.4,34.33333333333334,0.2450240219629376,0.24857521,4.081232492997198,0.00470371072942551,0.00470371072942551,medium
4554,2015/2016,24,3,2,6.096533522986727,7.392453000763983,18,2,5.9533823710715295,5.689800802538638,21,4,11.630803879311276,13.60265756829569,21,16,19.135061562705914,19.430650674659365,5.285714285714286,6.428571428571429,5.153846153846154,5.857142857142857,10.43956043956044,12.285714285714286,24.35164835164835,21.73469387755102,1,7.930187381193033,6.024857969722017,13.95504535091504,24.66824991991813,7.09899322417198,4.838276490516707,11.93726971468868,23.27596182363376,268.4,222.8,216.0,262.0,213.2,292.3333333333333,361.6,309.8,324.4,359.8,317.0,266.6666666666666,45.8,30.8,56.8,72.0,77.4,60.2,57.2,70.2,60.2,25.66666666666667,180.4,166.8,148.6,199.6,146.0,230.3333333333333,347.8,323.0,326.6,359.2,295.0,352.3333333333333,42.4,27.4,42.8,77.6,142.0,119.0,130.8,142.8,136.8,63.33333333333333,0.3488372093023256,0.9192891,2.8666666666666667,0.8760511364255632,0.8760511364255632,easy
4555,2015/2016,24,6,5,6.2014547257172765,6.191811055686237,7,3,5.701574582645092,5.059397604606597,13,8,12.175443723656976,10.858781399348139,30,14,28.190742497947404,12.238619724511587,5.387096774193548,5.7011627906976745,4.978494623655914,5.49186046511628,10.365591397849462,11.193023255813955,20.806451612903224,21.065116279069766,0,7.002035760992989,6.831122103511012,13.83315786450401,28.67436222719091,4.393027050081723,5.047283694795906,9.440310744877623,17.95174585572121,276.6,230.4,225.2,279.2,212.0,305.6666666666667,365.0,350.8,341.2,331.8,337.4,319.3333333333333,41.8,26.4,48.6,72.0,66.6,59.2,58.2,69.4,65.0,23.0,248.0,208.8,212.2,254.0,197.2,274.6666666666667,273.8,252.0,265.0,302.6,239.0,210.0,47.6,30.2,47.6,73.6,132.4,108.2,115.0,159.4,122.8,49.0,0.4092071611253196,0.03939534,2.4437500000000005,-0.6259585425773738,-0.6259585425773738,hard
4556,2015/2016,24,6,3,6.60899917831282,2.6215870669142194,7,7,6.6529049563644875,2.8399553917448004,13,10,12.788430224082283,5.153604558734138,18,23,30.235654938641204,10.24357785097111,5.701030927835052,5.042105263157895,5.463917525773196,4.957894736842105,11.164948453608247,10.0,25.329896907216494,23.736842105263158,1,7.703258568827965,7.723841750751791,15.42710031957977,23.77918915069426,4.942203675214401,4.155866792019555,9.098070467233951,15.61744783115504,254.2,259.4,236.0,274.8,232.2,330.0,355.0,335.2,368.6,376.8,341.2,217.3333333333333,36.0,18.6,53.2,82.8,81.8,71.4,68.4,65.4,78.0,27.66666666666667,231.4,234.0,187.0,240.8,206.2,303.6666666666667,365.8,346.8,340.8,347.4,333.6,342.3333333333334,41.0,27.0,53.0,78.6,67.4,58.8,66.4,76.4,66.0,20.33333333333333,0.7609013754755634,0.9721869,1.3142307692307693,0.8836752949613107,0.8836752949613107,easy
4557,2015/2016,24,7,8,4.623431898197179,5.100012124492643,6,7,5.765009246981871,3.576982819709895,13,15,10.974488908594484,7.981097893970341,34,13,28.44270556722909,18.045895408835555,4.932584269662922,5.5227272727272725,4.606741573033708,4.931818181818182,9.539325842696629,10.454545454545455,20.258426966292134,19.363636363636363,0,7.789748560780279,5.178136620546768,12.96788518132705,20.12476288184092,5.606984058515753,5.064520366303013,10.67150442481876,21.43001101711419,275.4,238.8,225.8,260.0,225.4,312.6666666666667,349.8,329.8,351.0,365.2,322.2,271.0,43.4,30.8,52.8,74.6,77.8,56.8,59.0,63.6,65.0,26.0,287.6,258.8,257.2,287.8,243.2,323.0,368.8,340.0,370.6,357.6,347.8,281.0,39.0,24.8,64.2,81.2,78.2,68.6,72.0,73.2,75.6,38.33333333333334,0.1304347826086956,0.13048306,7.6666666666666705,5.551576614387096e-05,5.551576614387096e-05,medium
4558,2015/2016,24,6,4,7.719451835495713,5.696625067618816,10,3,6.901884736439908,3.897347570299373,16,7,14.34009832722234,10.151830220161301,10,19,26.998274582308866,22.042919112273047,5.9,6.677083333333333,5.233333333333333,6.010416666666667,11.133333333333333,12.6875,20.355555555555554,19.15625,1,6.831050753754782,5.269143034779307,12.1001937885341,29.30849686174083,5.36559756949047,5.018945972351286,10.38454354184175,16.47360267982972,250.2,222.0,240.6,275.4,208.8,287.6666666666667,344.0,318.8,339.4,369.2,327.4,247.0,42.2,28.2,47.8,74.6,71.8,60.0,64.2,74.8,66.0,20.0,259.2,246.2,233.6,259.2,214.6,315.6666666666667,346.8,318.4,319.8,357.4,328.8,269.3333333333333,38.4,29.6,52.8,78.4,72.0,65.6,59.8,76.8,71.0,14.66666666666667,0.4981346656367611,0.9618527,2.0074892774661826,0.9239890303882521,0.9239890303882521,easy
4559,2015/2016,25,1,8,4.301294386899481,1.724311569211276,4,7,5.30752386213336,5.076697733151343,5,15,9.1452089751014,6.5417155821596165,17,29,27.19358678182716,11.5833148658297,6.383838383838384,5.272093023255814,5.818181818181818,5.387209302325582,12.202020202020202,10.659302325581395,21.67676767676768,20.88720930232558,1,6.42723558557089,5.993703091018261,12.42093867658916,26.18260525708627,4.842649721265389,3.839273871999981,8.68192359326536,18.01368769054069,277.2,246.4,215.8,234.4,222.2,296.6666666666667,278.4,263.8,280.4,306.2,262.4,206.6666666666667,40.2,30.4,53.8,78.6,151.6,140.2,121.6,161.6,142.8,76.33333333333331,260.6,233.6,224.6,260.6,228.2,298.3333333333333,365.8,341.8,367.4,382.0,339.2,270.3333333333333,35.6,21.0,51.6,69.2,75.0,57.8,54.6,61.8,69.2,17.0,0.6196606148865091,0.9460288,1.6137866050808312,0.8580973375581792,0.8580973375581792,easy
4560,2015/2016,25,11,6,7.5120853279395305,6.295046154505884,7,1,4.084874034973453,4.191374593472968,18,7,11.407903112544506,10.547569774786567,29,11,16.526033604526397,21.010704728670632,5.693901035673188,5.986013986013985,5.466052934407365,5.524475524475523,11.159953970080553,11.510489510489508,20.99194476409666,20.93006993006993,0,4.146887397799582,4.390109994279181,8.53699739207877,27.61088663413116,6.683690983303696,6.156140190845749,12.83983117414944,21.77381380004044,287.0,253.4,240.2,280.8,240.4,321.3333333333333,373.6,339.4,388.2,384.0,365.4,251.0,46.6,30.4,51.8,75.2,77.0,63.0,71.4,80.2,74.2,17.0,286.2,256.2,250.2,283.2,248.2,325.3333333333334,363.6,346.8,401.2,394.0,368.4,250.3333333333333,38.8,29.0,56.6,80.2,73.2,63.6,73.2,80.0,69.4,26.33333333333333,0.4871794871794872,0.017788652,2.052631578947368,-0.9153121314942839,-0.9153121314942839,hard
4561,2015/2016,25,10,12,6.985636308850168,4.42767309373004,5,5,5.428278065261178,3.727646220511197,15,17,13.076382914062734,8.200861363917177,36,35,21.167708855810464,19.360772261555052,6.157142857142856,5.704081632653061,5.4607142857142845,5.479591836734694,11.61785714285714,11.183673469387756,21.410714285714285,25.255102040816325,0,7.555039528663694,4.81759486735005,12.37263439601375,18.52137867839656,5.063498573680181,4.891078123229185,9.954576696909356,22.56639733331946,280.8,268.0,257.8,297.2,254.8,313.3333333333333,367.8,344.2,376.8,392.8,363.6,204.0,39.8,37.6,58.0,85.4,63.4,59.4,63.2,76.8,59.2,20.66666666666667,265.2,237.0,224.8,258.8,219.6,310.3333333333333,358.4,340.4,360.4,365.6,343.4,263.3333333333333,37.2,24.4,53.0,75.8,76.6,66.2,64.2,67.0,74.8,22.33333333333333,0.6361646262244228,0.21208654,1.5719201583635762,-1.1655768071787171,-1.1655768071787171,hard
4562,2015/2016,25,6,1,10.434616163147243,2.27042398536867,9,4,9.224257469239594,4.108773827697808,15,5,19.53819154450645,6.433809476051427,25,6,28.52783976540427,12.936887408607358,7.77319587628866,4.968421052631579,6.731958762886598,4.947368421052632,14.505154639175258,9.91578947368421,19.95876288659794,18.326315789473686,0,8.039591714797652,6.642777952425703,14.68236966722336,27.99057005394168,4.202647551124806,3.854475431613906,8.057122982738711,17.61358727854292,258.0,232.4,205.4,246.8,215.8,302.0,322.0,310.2,350.8,371.8,314.6,224.0,45.4,27.4,47.8,74.8,63.8,61.4,61.4,68.0,64.2,22.33333333333333,284.6,254.2,242.2,290.0,246.4,338.0,287.2,270.0,297.6,316.8,276.4,206.0,49.0,35.4,56.2,82.4,164.2,134.2,142.8,161.2,149.6,46.66666666666667,0.161849710982659,0.0806778,6.178571428571427,-0.09684648560038933,-0.09684648560038933,medium
4563,2015/2016,25,8,5,8.897405719703398,4.0068268318443145,12,3,6.274369527122126,3.7193417116923078,20,8,14.98147841025046,8.245739829806185,28,22,32.14433119627147,21.83321139619934,6.336842105263158,5.185567010309279,5.852631578947369,5.298969072164948,12.189473684210526,10.484536082474227,25.0,21.1340206185567,0,7.192517079392767,7.119214304406649,14.31173138379942,21.58434627744123,4.942620890263808,4.312464148119948,9.255085038383747,16.36110773613564,250.6,258.0,212.6,249.0,225.0,317.0,371.4,345.4,373.4,371.4,337.4,297.0,40.8,30.2,55.6,79.2,78.4,66.8,46.8,78.8,73.4,30.66666666666667,268.4,239.6,253.8,277.0,224.2,299.3333333333334,355.6,342.4,348.0,366.4,310.2,267.6666666666667,42.2,22.8,41.6,76.6,77.8,65.0,60.0,58.0,71.6,28.33333333333333,0.3603883495145631,0.11247714,2.7747844827586206,-0.3875964674159984,-0.3875964674159984,medium
4564,2015/2016,25,11,1,7.360977278463356,4.030156263520986,8,5,5.808296421411631,5.092199896825542,19,6,13.679614630650203,8.92660469369994,31,16,23.863964063379736,22.31530393199698,6.649484536082475,4.955555555555556,5.979381443298969,4.622222222222222,12.628865979381443,9.577777777777778,19.15463917525773,20.41111111111111,1,7.167409123441329,5.298292730035652,12.46570185347699,26.26734499033199,2.936995038660214,3.503707160403227,6.440702199063439,15.97828168988421,275.8,244.0,215.0,281.0,226.0,289.3333333333333,342.0,337.2,336.6,352.8,329.6,283.6666666666666,43.4,31.4,56.2,73.0,75.6,60.2,65.8,80.6,71.0,18.33333333333333,268.4,242.6,229.6,270.6,226.0,301.6666666666666,364.6,345.4,370.6,355.8,351.8,316.0,42.6,22.8,51.2,74.8,81.0,66.4,68.0,70.0,74.0,29.0,0.5594405594405595,0.8557086,1.7874999999999999,0.6724814233325777,0.6724814233325777,medium
4565,2015/2016,25,3,11,8.656267805618477,4.196036568320201,3,7,7.37385129906714,7.028440952860906,6,18,15.781905839835199,11.802734103304251,16,38,21.95319954318922,18.702467026706806,5.896907216494846,5.260869565217392,5.938144329896907,5.293478260869565,11.835051546391753,10.554347826086957,22.835051546391753,24.315217391304348,1,7.316425768538647,7.501067717873537,14.8174934864122,23.47371096436041,3.217518151224556,4.476568671827862,7.694086823052406,19.96321166406711,288.6,238.8,238.8,289.4,228.8,290.0,290.2,270.6,295.6,295.2,276.4,211.0,48.2,30.2,52.0,77.4,155.8,131.2,121.2,139.0,143.0,66.66666666666666,266.6,222.2,218.2,271.2,215.2,298.6666666666667,358.0,340.8,357.4,345.0,332.6,292.0,42.2,30.6,57.0,73.6,71.4,67.4,76.0,82.2,75.2,33.0,0.623392789508307,0.8193913,1.6041250666192932,0.520432204287317,0.520432204287317,medium
4566,2015/2016,25,7,6,5.964102502703087,5.905741465011572,5,4,4.865694320247636,5.698605229637883,12,10,10.59109341985188,11.351184677179614,31,12,27.235341964681748,16.910049893706592,5.020833333333333,5.9010989010989015,4.979166666666667,5.285714285714286,10.0,11.186813186813186,23.729166666666668,20.24175824175824,0,6.586535424381623,5.85360377701544,12.44013920139708,27.14420104616519,5.049680806729723,5.153352705028621,10.20303351175833,18.28339365592305,285.2,268.8,229.6,259.4,248.0,345.3333333333333,356.2,311.2,380.4,369.0,342.8,273.3333333333333,45.8,24.4,57.0,82.8,79.0,67.0,65.2,79.4,74.2,22.66666666666667,285.2,236.2,235.4,287.8,225.4,284.6666666666666,366.0,325.4,360.8,371.6,342.8,253.3333333333333,48.2,29.6,51.2,77.6,70.8,61.8,61.0,72.6,68.6,23.0,0.5574572127139364,0.030801801,1.793859649122807,-1.1900666837390121,-1.1900666837390121,hard
4567,2015/2016,25,8,2,6.523786107001642,4.311769725895447,8,7,4.6398239397479095,6.744450520015462,16,9,10.549892106733099,11.507437020820753,40,21,18.010547519387007,26.50278113980488,5.550561797752809,5.3936170212765955,4.955056179775281,5.0,10.50561797752809,10.393617021276595,19.292134831460675,20.904255319148938,0,8.146264279183177,8.257272085141858,16.40353636432506,25.98498433080618,4.83767884136669,5.000145933906971,9.83782477527366,18.45305772180103,269.4,245.2,221.8,249.2,220.2,313.6666666666666,366.6,343.0,350.4,366.0,334.0,274.0,37.2,27.8,51.2,76.0,76.6,66.6,64.6,67.0,75.4,22.33333333333333,277.2,246.6,216.0,234.4,222.2,297.3333333333333,279.4,266.0,280.8,307.8,262.6,209.6666666666667,40.2,30.4,53.8,78.6,151.6,140.2,121.6,161.6,142.8,76.33333333333331,0.3244274809160305,0.010670209,3.0823529411764707,-0.46443167921303014,-0.46443167921303014,medium
4568,2015/2016,25,22,2,8.198774769380705,4.603086685736078,6,2,7.613530679979858,3.6778997745287403,28,4,16.63171217649299,8.289318560262995,41,10,35.57576827905416,16.9266903480108,7.29,5.698002350176264,5.96,5.222091656874265,13.25,10.92009400705053,21.55,20.53701527614571,1,7.770258686012258,5.753375206035278,13.52363389204755,26.89321073771696,4.21047534222797,5.19322917542115,9.403704517649114,21.43470469368571,299.6,275.6,248.8,289.4,255.2,327.0,347.0,335.0,349.8,379.8,323.2,297.3333333333333,42.6,22.8,51.2,74.8,81.0,66.4,68.0,70.0,74.0,29.0,267.0,262.6,245.8,305.8,242.2,323.6666666666667,345.6,324.0,350.0,374.2,318.4,217.3333333333333,37.8,25.4,46.4,78.6,78.2,64.6,69.4,79.8,75.4,31.33333333333333,0.3608247422680412,0.9012318,2.771428571428572,0.8454755977276833,0.8454755977276833,easy
4569,2015/2016,26,10,3,8.103859545559013,6.776979820003158,14,2,6.752273262557873,4.627148191336667,24,5,15.284365126408076,12.252775712459794,50,16,32.438059658374044,23.441593218314495,5.986159169550172,5.183673469387755,5.47750865051903,5.275510204081633,11.463667820069203,10.459183673469388,20.826989619377162,21.142857142857142,1,7.109555728664288,5.058497690629745,12.16805341929404,25.96764475036368,4.145814251971959,4.352686757652118,8.498501009624066,18.99496885049611,268.0,243.8,225.4,267.2,234.0,322.3333333333333,361.0,336.0,385.0,407.4,355.4,251.3333333333333,49.0,35.4,56.2,82.4,79.6,67.6,79.0,88.4,78.4,15.0,285.0,267.2,251.2,287.0,251.2,330.6666666666666,353.2,335.0,362.8,373.8,352.2,231.3333333333333,39.8,37.6,58.0,85.4,60.8,57.2,59.2,73.4,55.2,20.66666666666667,0.5338278264778602,0.9208738,1.8732631578947367,0.8302640446759006,0.8302640446759006,easy
4570,2015/2016,26,3,3,2.5457702097516752,6.828973537845604,2,2,3.3426164442055484,7.724275822378374,5,5,5.43533555477703,14.716559280361086,15,26,16.586253585001216,20.163637979988764,6.33,7.755102040816326,5.8,6.755102040816326,12.13,14.510204081632653,21.63,20.010204081632654,0,6.312450093665833,5.295143480207845,11.60759357387369,22.82657027314253,6.528884346727095,5.803122099986421,12.3320064467135,15.89555447339421,276.8,236.0,226.4,279.4,229.0,300.0,303.8,274.4,299.0,303.2,282.2,212.0,35.6,24.8,51.6,69.2,139.2,118.0,126.8,139.8,136.4,35.0,275.8,244.0,209.0,280.4,225.2,286.0,347.8,338.4,337.6,353.0,338.4,277.6666666666666,43.4,22.4,56.2,73.0,75.6,60.2,65.8,80.6,70.8,18.33333333333333,0.4645476772616137,0.07249124,2.1526315789473682,-0.7321967317225184,-0.7321967317225184,hard
4571,2015/2016,26,5,3,7.119528028644467,4.326798354170555,6,3,6.318151652370366,2.665484874095306,11,6,12.976398511320031,6.979445651087747,22,13,19.80191537863955,17.40276918741568,5.748291571753986,5.041237113402062,5.481776765375854,4.979381443298969,11.230068337129842,10.02061855670103,21.07403189066059,23.804123711340207,0,4.976913793197843,5.96231689194312,10.93923068514097,24.09839436811464,6.389857725790468,6.418788592392026,12.8086463181825,18.91141163770714,272.2,248.2,241.2,269.4,223.0,317.3333333333333,275.8,274.6,290.6,287.6,239.8,238.6666666666667,42.2,28.8,41.6,77.0,157.6,132.8,117.4,136.8,142.0,57.33333333333333,261.0,241.2,217.0,270.6,223.4,327.0,284.2,262.6,298.4,307.8,269.8,213.6666666666667,46.6,30.4,51.8,75.2,149.4,119.6,132.8,157.4,146.2,41.0,0.3722005139043043,0.044817634,2.6867238562091504,-0.5214768250075354,-0.5214768250075354,hard
4572,2015/2016,26,8,5,8.923081691152396,5.999192817276205,4,3,6.390585355388792,3.9615068896832755,12,8,15.272977913315867,10.877542182867558,19,18,25.765300706388388,22.013091187405813,6.197879858657243,6.6938775510204085,5.455830388692578,6.0,11.65371024734982,12.693877551020408,21.565371024734983,19.275510204081634,1,7.847351913657745,7.048402555238461,14.89575446889623,28.7358360137759,4.023461946542474,4.425654216837374,8.449116163379841,18.90035718238628,251.4,229.4,219.6,255.2,203.6,300.3333333333334,353.6,332.6,334.0,343.2,336.8,297.0,38.4,29.6,52.8,78.4,77.4,64.2,62.8,65.8,74.4,35.33333333333334,272.2,248.0,232.2,253.8,234.4,314.6666666666667,348.2,330.2,351.0,365.2,323.2,271.0,43.4,30.8,52.8,74.6,77.8,56.8,59.0,63.6,65.0,26.0,0.5821375682990348,0.9740355,1.7178070175438598,0.9378635250500853,0.9378635250500853,easy
4573,2015/2016,26,7,4,7.418442719832977,6.007201585054828,7,4,7.013248970536718,4.168472337908452,14,8,14.915329040297436,9.939997732309704,31,15,37.18829429975794,18.292192505640163,5.3578947368421055,5.659302325581396,5.021052631578947,5.188372093023256,10.378947368421052,10.847674418604653,20.905263157894737,20.426744186046513,0,7.90381751656386,6.058334894210405,13.96215241077427,26.53106999283595,5.400378198611117,4.368747147150087,9.76912534576119,20.33675306527826,287.4,259.4,257.0,286.8,243.4,325.3333333333333,368.8,340.2,370.6,358.0,348.4,281.0,39.0,27.6,64.2,81.2,78.2,68.6,72.0,73.2,75.6,38.33333333333334,250.2,222.0,240.6,275.4,208.8,287.6666666666667,283.6,270.6,284.4,294.8,261.8,217.6666666666667,42.2,28.2,47.8,74.6,136.8,110.0,124.8,154.0,129.4,42.66666666666667,0.6361646262244228,0.3076818,1.5719201583635762,-0.9028336741443475,-0.9028336741443475,hard
4574,2015/2016,26,17,1,8.374192856518203,4.134007093134583,15,3,7.4095606514176,3.3849762352576183,32,4,16.327150548588687,7.679754492231746,57,9,23.15392696952462,24.326731954847034,5.9021739130434785,4.912087912087912,5.271739130434782,4.626373626373627,11.173913043478262,9.538461538461538,20.152173913043477,20.36263736263736,0,8.202176840395605,6.235875927783539,14.43805276817915,27.74910425048532,4.974498905133373,3.819061020677704,8.793559925811074,16.61032378655496,262.6,212.8,226.6,255.4,211.0,304.6666666666666,290.6,275.8,287.2,267.4,267.8,250.3333333333333,42.2,30.6,57.0,73.6,153.4,125.0,121.8,144.8,133.6,65.33333333333333,263.4,252.2,220.0,254.4,229.8,309.0,373.8,344.8,360.0,355.6,342.2,296.3333333333333,40.8,30.2,55.6,79.0,71.0,56.6,67.6,65.6,71.4,18.66666666666667,0.4055587067498582,0.030036146,2.4657342657342656,-0.6317235409559412,-0.6317235409559412,hard
4575,2015/2016,26,6,1,6.6016709955209105,9.483705679298422,8,3,5.947893301468193,4.123343705822012,14,4,12.090282257569047,14.918175220489704,31,16,20.531927978364802,24.129606813231135,6.354166666666667,7.435643564356436,5.916666666666667,5.96039603960396,12.270833333333334,13.396039603960396,25.03125,21.742574257425744,0,8.567257990877525,7.106904435313714,15.67416242619126,21.3316917380592,5.557571391073202,4.988483455160276,10.54605484623347,17.03236790744281,239.6,240.8,190.4,221.4,219.0,305.6666666666667,366.0,342.4,345.2,347.4,335.4,296.3333333333333,41.0,27.0,53.0,78.6,76.2,60.4,59.2,69.2,71.2,20.33333333333333,269.6,240.4,213.0,257.0,221.8,304.3333333333334,278.8,259.4,284.4,295.2,258.0,214.3333333333333,45.4,27.4,47.8,74.8,142.0,126.0,121.0,146.0,134.0,49.0,0.4334975369458128,0.042907853,2.306818181818182,-0.6894757177842699,-0.6894757177842699,hard
4577,2015/2016,26,9,8,4.2266085487530765,4.86727175099917,11,3,5.39565326385576,5.207357404630108,20,11,9.774056457066987,9.720219263258269,16,28,18.837444568439103,20.05704268953893,4.927083333333333,5.767676767676767,4.9375,5.474747474747475,9.864583333333334,11.242424242424242,18.197916666666668,25.353535353535353,1,6.631578450569485,2.478638805644645,9.11021725621414,19.47908417733477,6.023984970265459,4.73593902391973,10.75992399418518,22.43335565672326,267.0,262.6,245.8,305.8,242.2,323.6666666666667,346.0,326.0,351.0,374.2,320.6,217.3333333333333,37.8,25.4,46.4,78.6,78.2,64.6,69.4,79.8,75.4,31.33333333333333,262.2,216.4,213.6,248.8,212.0,304.0,286.6,277.0,284.2,259.2,265.6,274.6666666666667,42.2,30.6,57.0,73.6,153.4,125.0,121.8,144.8,133.6,65.33333333333333,0.7168214090660842,0.88396513,1.3950476190476189,0.5902413914955454,0.5902413914955454,medium
4578,2015/2016,26,6,10,6.20160406295463,3.9038034640936354,7,4,5.038464948372621,5.926513103186853,13,14,11.914312408227076,9.187199967385835,39,23,22.18153141294466,23.848232375301457,5.5777777777777775,5.86734693877551,4.988888888888889,5.908163265306122,10.566666666666666,11.775510204081632,19.522222222222222,22.76530612244898,0,6.582489280133315,8.398044981921249,14.98053426205458,26.05771635242529,4.467996772464324,5.591529159098165,10.05952593156248,18.49794697590229,274.4,248.8,231.0,262.4,236.2,311.6666666666667,218.6,202.2,197.6,212.4,174.8,211.6666666666667,43.4,30.8,52.8,74.6,212.6,182.6,204.8,211.2,202.4,88.66666666666667,273.0,248.0,235.2,282.8,234.8,325.0,351.2,311.2,345.4,350.8,330.8,271.6666666666667,45.8,24.4,57.0,82.8,79.0,67.0,65.2,79.4,74.2,22.66666666666667,0.1505733353120065,0.02121467,6.641282122946117,-0.15228938760780372,-0.15228938760780372,medium
4579,2015/2016,27,6,2,4.751713556255296,5.3190647536804345,5,6,6.380502099425686,5.9692506799085265,11,8,10.660531221301746,11.907915643636457,26,15,25.93445416733656,29.62551802214248,5.161616161616162,5.3003452243958575,5.242424242424242,5.40391254315305,10.404040404040405,10.704257767548908,21.09090909090909,20.971231300345224,1,3.965714431264827,7.588713221373593,11.55442765263843,25.38852614481933,5.322450908473707,4.958532612863063,10.28098352133677,15.88755868835227,250.2,222.0,240.6,275.4,208.8,287.6666666666667,273.6,259.6,276.4,299.0,249.6,216.6666666666667,42.2,28.2,47.8,74.6,134.2,104.8,120.6,152.4,129.0,45.66666666666667,284.2,256.6,239.4,292.2,243.2,331.6666666666667,365.6,343.6,379.2,395.6,355.4,242.3333333333333,45.4,22.6,54.4,75.8,79.6,67.6,79.0,88.4,78.4,15.0,0.2612752721617418,0.098434515,3.827380952380953,-0.22043496403254956,-0.22043496403254956,medium
4580,2015/2016,27,21,1,9.238204546687461,4.893800411196104,12,2,7.310156706568928,5.735569989186382,33,3,15.871248198842423,11.628005355059205,34,4,30.188088441409086,16.43031807947174,7.707070707070707,6.021505376344086,6.707070707070707,5.376344086021505,14.414141414141413,11.397849462365592,20.07070707070707,20.548387096774192,1,6.884899279227312,5.808183533996816,12.69308281322413,24.62638598906307,5.603633418800016,5.485275607340541,11.08890902614055,15.77281718377551,277.6,247.4,216.0,235.6,222.2,300.6666666666667,279.8,267.0,280.8,308.0,263.0,210.6666666666667,40.2,30.4,53.8,78.6,151.6,141.2,121.6,162.0,143.4,92.66666666666666,277.6,257.0,256.2,278.4,237.8,319.3333333333333,340.4,331.8,351.0,376.2,307.2,314.3333333333333,42.2,28.8,41.6,77.0,77.8,65.0,60.0,58.0,71.6,28.33333333333333,0.4339106654512306,0.93521875,2.304621848739496,0.8855635592902916,0.8855635592902916,easy
4581,2015/2016,27,3,6,8.433623208470161,5.739195756728455,1,3,4.759814056120984,6.043389418527108,4,9,13.78565428976398,12.459854809920955,10,23,28.439143293290254,19.45027349463458,5.79,6.027397260273972,5.45,5.565068493150684,11.24,11.592465753424655,25.38,21.126712328767123,1,4.902471706415241,5.518185334315304,10.42065704073056,24.89201163555308,5.902690807541108,5.270544685935628,11.17323549347673,16.13159610133589,279.2,246.4,229.0,284.0,234.0,323.3333333333333,374.6,346.4,387.2,380.0,362.4,286.3333333333334,46.6,30.4,51.8,75.2,77.0,63.0,71.4,80.2,74.2,17.0,287.4,260.2,257.6,287.8,243.8,326.6666666666667,369.8,332.6,362.2,362.0,345.6,261.6666666666667,39.0,27.6,64.2,81.2,78.2,68.6,72.0,73.2,75.6,38.33333333333334,0.3893129770992367,0.32549188,2.568627450980392,-0.1045070350170136,-0.1045070350170136,medium
4582,2015/2016,27,2,5,3.986610190745052,6.6261405763346275,2,3,4.173996970292697,7.014026197945833,4,8,7.896600205080189,13.145844818698293,26,21,22.628824457532414,17.40850860974923,6.6767676767676765,6.350515463917525,5.96969696969697,5.938144329896907,12.646464646464647,12.288659793814434,19.262626262626263,25.09278350515464,0,4.719494135398337,4.615374512812703,9.334868648211046,19.07405516741697,5.364192284803885,7.051003925096822,12.41519620990069,17.54875889132201,285.8,268.0,251.8,288.0,252.2,330.0,354.2,337.6,365.6,376.6,353.2,238.3333333333333,39.8,37.6,58.0,85.4,63.4,59.0,62.0,76.8,59.2,20.66666666666667,290.2,273.4,244.0,289.8,256.6,330.6666666666667,348.6,327.0,363.2,391.2,331.6,244.0,42.6,22.8,51.2,74.8,81.0,66.4,68.0,70.0,74.0,29.0,0.462962962962963,0.049262162,2.1599999999999997,-0.770339418716472,-0.770339418716472,hard
4583,2015/2016,27,4,5,6.011265761510014,7.2907453786478165,5,11,3.7081329715290217,4.765774942562293,9,16,9.24332453795294,12.22301568165756,26,30,22.705769382174978,27.82388301765763,5.909090909090909,6.216783216783216,5.888888888888889,5.44055944055944,11.797979797979798,11.657342657342655,22.767676767676768,21.538461538461537,0,5.930018265930998,3.917385005590996,9.84740327152201,28.88214649420533,7.033320547360815,6.358801252858679,13.39212180021949,20.36586546498789,247.0,228.6,200.6,245.8,206.0,302.0,355.2,333.8,349.4,370.4,328.4,260.6666666666667,45.4,27.4,47.8,74.8,78.2,64.6,59.6,78.0,69.8,26.66666666666667,271.0,244.6,237.4,279.6,235.0,306.3333333333333,381.6,342.6,358.2,374.4,346.0,292.3333333333333,38.6,22.2,60.6,67.4,75.2,61.8,68.6,75.6,75.0,17.0,0.4428364688856729,0.065680996,2.258169934640523,-0.6769206145754109,-0.6769206145754109,hard
4584,2015/2016,27,3,0,4.983221810271147,3.807420360985436,5,4,6.1860704639851045,3.3718403704530573,8,4,11.663025908390571,6.311428033128337,36,16,23.486023052734343,16.94753838499745,5.020408163265306,6.297029702970297,4.959183673469388,5.762376237623762,9.979591836734693,12.05940594059406,23.693877551020407,21.564356435643564,1,7.304444896849628,6.28731608254007,13.59176097938971,22.07950423754809,5.577962771994422,4.792705227861579,10.37066799985599,18.82614487975742,263.6,256.4,225.2,254.6,228.8,312.0,357.4,331.0,373.2,365.2,337.8,263.0,37.4,20.8,43.6,61.0,71.0,56.6,67.6,65.6,71.4,18.66666666666667,263.6,244.0,223.4,259.2,222.2,314.0,283.2,277.2,273.2,279.6,269.8,269.6666666666666,38.4,29.6,52.8,78.4,144.6,121.0,127.0,145.6,138.6,73.0,0.4428364688856729,0.9232721,2.258169934640523,0.8622883185163721,0.8622883185163721,easy
4585,2015/2016,27,15,6,10.480069320624086,3.843876128024087,13,4,7.2144432207871025,4.410303176062424,28,10,18.77612677569997,8.397510611540309,30,13,28.917897989504027,19.94068607362277,7.372549019607843,5.582417582417582,5.931372549019608,5.010989010989011,13.303921568627452,10.593406593406593,21.686274509803923,19.736263736263737,1,7.267219008096586,6.009969672603334,13.27718868069992,22.77656712260564,3.929357090340926,4.461177869509498,8.390534959850424,17.27837824910251,275.8,244.0,209.0,280.4,225.2,286.0,342.0,337.2,335.6,352.8,329.2,283.6666666666666,43.4,22.4,56.2,73.0,75.6,60.2,65.8,80.6,70.8,18.33333333333333,231.4,234.0,187.0,240.8,206.2,303.6666666666667,369.0,345.0,335.2,333.0,330.0,327.0,41.0,27.0,53.0,78.6,76.2,60.4,59.2,69.2,71.2,20.33333333333333,0.4626708727655099,0.9412208,2.161363636363637,0.8906086101224046,0.8906086101224046,easy
4586,2015/2016,27,6,5,5.406713966924222,5.766424495938118,8,6,3.9750681462173154,5.535378222639766,14,11,9.280205987696924,11.587808169639466,16,25,18.5406432066137,22.33143352282894,5.642117376294592,5.740698985343856,5.176064441887227,5.487034949267193,10.818181818181818,11.227733934611049,20.37054085155351,21.083427282976324,0,5.487101291455396,5.723392066841319,11.21049335829672,23.99570715370897,4.356376870621106,5.692012267854883,10.04838913847599,19.60382091779665,285.2,236.2,235.4,287.8,225.4,288.0,363.6,327.0,354.2,368.6,341.4,228.6666666666667,48.2,29.6,51.2,77.6,71.2,61.8,61.8,72.6,68.6,23.0,269.4,245.2,221.8,249.2,220.6,313.0,363.8,330.8,353.0,363.4,335.8,250.6666666666667,37.2,27.8,51.2,76.0,75.0,60.8,69.2,81.6,62.4,25.0,0.4985163204747775,0.07519364,2.005952380952381,-0.8441404858989829,-0.8441404858989829,hard
4587,2015/2016,27,3,5,6.0759040888464755,6.6358854359606205,4,8,5.326994755983303,6.598348082626954,7,13,11.182079076802578,13.850153915370926,24,34,29.088709585013675,27.442974024182774,4.869565217391305,5.375,4.608695652173913,5.041666666666667,9.478260869565217,10.416666666666666,20.23913043478261,21.010416666666668,1,7.430849508729679,5.818128372975604,13.24897788170529,26.90471374102886,5.605006996275247,5.146356691182525,10.75136368745777,20.73273164074338,280.8,251.2,242.8,260.4,249.2,304.6666666666666,271.6,255.4,260.2,284.4,235.2,274.3333333333334,43.4,30.8,52.8,74.6,140.4,127.8,140.2,157.6,144.0,49.0,249.0,210.6,224.8,255.0,199.6,291.3333333333333,279.0,268.8,278.8,290.0,264.0,224.3333333333333,42.2,28.2,47.8,74.6,134.2,104.8,120.6,152.4,129.0,45.66666666666667,0.2771653543307087,0.9307463,3.607954545454545,0.9041915277510167,0.9041915277510167,easy
4589,2015/2016,28,9,2,8.394607076351353,6.029758946041609,9,4,8.210425141580549,3.6844147783465315,18,6,17.590231368783947,10.038308091886208,29,15,29.81583004781402,16.66901609176844,6.027118644067795,5.586956521739131,5.538983050847457,5.0,11.566101694915252,10.58695652173913,21.145762711864407,19.66304347826087,0,9.773706238150913,5.282114846553059,15.05582108470399,28.63102226544995,3.469333836966235,3.01387654520998,6.483210382176214,20.10204058492844,269.4,245.2,221.8,249.2,220.6,313.0,374.2,341.0,367.4,366.0,343.8,247.3333333333333,37.2,27.8,51.2,76.0,67.6,50.8,61.8,80.2,65.2,15.33333333333333,247.0,228.6,200.6,245.8,206.0,302.0,355.2,333.8,349.4,370.4,328.4,260.6666666666667,45.4,27.4,47.8,74.8,78.2,64.6,59.6,78.0,69.8,26.66666666666667,0.4603234298608499,0.13688207,2.172385620915033,-0.5993244491803105,-0.5993244491803105,hard
4590,2015/2016,28,7,4,6.177290097457529,4.72720666953809,8,3,4.906607489084244,6.095911982374319,15,7,11.274408608138371,10.718337124978168,39,18,23.848372059531535,19.846934060311536,6.235294117647059,5.968085106382978,5.745098039215686,5.340425531914893,11.980392156862745,11.308510638297872,21.50980392156863,20.372340425531913,0,7.998024000732155,5.978068788001488,13.97609278873365,26.66407476012326,6.119951301488373,5.473993986540832,11.5939452880292,16.68845121699181,285.8,250.6,237.0,288.2,238.2,319.3333333333333,204.8,194.4,193.0,213.0,174.2,195.6666666666667,46.6,30.4,51.8,75.2,209.2,178.0,206.6,231.0,205.2,82.33333333333333,255.2,245.0,205.2,247.2,219.2,315.3333333333333,356.2,330.0,369.6,389.0,325.0,275.0,37.4,20.8,43.6,61.0,63.8,64.2,62.4,53.6,75.6,25.66666666666667,0.6034765496884225,0.025756078,1.6570652173913043,-1.4569642262269857,-1.4569642262269857,hard
4591,2015/2016,28,5,2,6.868703430309919,5.064361651826772,2,3,6.160664205556564,3.322957519753058,7,5,13.62533272973996,8.040329984228958,25,18,24.395313841266983,18.48643025366923,5.733258928571429,5.89,5.4921875,5.88,11.225446428571429,11.77,21.122767857142854,22.8,1,4.841461875221767,6.625307891846957,11.46676976706873,25.27949956556799,5.035729258350361,6.075353498743299,11.11108275709365,18.75932341313784,302.4,272.8,254.8,281.6,252.8,329.6666666666667,283.2,262.4,290.2,318.4,265.6,212.0,49.0,35.4,56.2,82.4,164.2,134.2,142.8,161.2,149.6,46.66666666666667,231.4,234.0,187.0,240.8,206.2,303.6666666666667,294.0,279.0,276.2,285.4,278.4,266.3333333333334,41.0,27.0,53.0,78.6,143.6,119.2,125.6,145.6,137.2,40.66666666666666,0.7073247406475951,0.22557029,1.4137777777777778,-1.6460374182392268,-1.6460374182392268,hard
4592,2015/2016,28,11,0,9.122644270511326,3.3118601714226013,9,5,8.171973247737595,5.257397205250302,20,5,18.388659358833372,8.328008043975252,47,14,34.185609055986326,26.39733378501073,5.17,4.849462365591398,5.24,4.602150537634409,10.41,9.451612903225806,21.14,20.27956989247312,0,6.573222501620413,8.880668939561419,15.45389144118184,25.2783195264225,5.089887514401955,4.803525459346755,9.893412973748703,15.62825903767756,272.2,248.2,241.2,269.4,223.0,317.3333333333333,363.2,342.6,353.6,386.2,332.4,241.6666666666667,42.2,28.8,41.6,77.0,77.8,65.0,60.0,58.0,71.6,28.33333333333333,271.0,244.6,237.4,279.6,235.0,306.3333333333333,368.0,334.6,371.2,381.2,349.4,230.0,38.6,22.2,60.6,67.4,75.0,57.8,54.6,61.8,69.2,17.0,0.6106870229007634,0.044084903,1.6375,-1.4553897534953615,-1.4553897534953615,hard
4593,2015/2016,28,3,5,3.9220908431718042,4.920843692653586,9,4,4.738822892872863,4.8856575931222235,12,9,8.651704499323937,9.314437170405515,31,18,23.037406451173574,22.202685117565444,5.266514806378132,6.204152249134947,5.41002277904328,5.49826989619377,10.676537585421412,11.702422145328718,20.91002277904328,21.62629757785467,0,5.505007005699531,4.225759633895096,9.730766639594647,26.38710484558745,6.811992762638442,6.210990429309001,13.02298319194743,19.42588786581063,275.8,244.0,209.0,280.4,225.2,286.0,342.0,337.2,335.6,352.8,329.2,283.6666666666666,43.4,31.4,56.2,73.0,75.6,60.2,65.8,80.6,70.8,18.33333333333333,277.6,247.4,216.0,235.6,222.2,300.6666666666667,280.0,270.4,282.2,309.8,263.8,215.6666666666667,40.2,30.4,53.8,78.6,151.6,141.2,121.6,162.0,143.4,92.66666666666666,0.2763157894736842,0.01831027,3.6190476190476195,-0.3565167265520854,-0.3565167265520854,medium
4594,2015/2016,28,8,7,6.465939577357314,3.8334859952112494,8,6,6.626853708516819,5.679072067834407,16,13,12.906666677191796,8.805385857421012,25,20,22.959959257294898,19.419391353217968,4.969072164948454,5.371134020618556,5.0,5.072164948453608,9.969072164948454,10.443298969072165,18.175257731958762,21.144329896907216,0,8.421406819721401,5.733827043605117,14.15523386332653,28.28848312175842,5.412793624971247,4.972746113814059,10.3855397387853,18.81586489775295,259.2,246.2,233.6,259.2,214.6,315.6666666666667,375.6,335.8,347.8,366.8,351.4,286.3333333333333,38.4,29.6,52.8,78.4,72.0,65.6,59.8,76.8,71.0,14.66666666666667,273.0,248.0,235.2,282.8,234.8,325.0,346.4,316.0,359.8,355.6,339.0,280.0,38.8,29.0,56.6,80.2,73.4,63.0,72.6,80.6,74.4,19.33333333333333,0.2513863216266174,0.58035743,3.977941176470588,0.43944042199923666,0.43944042199923666,medium
4595,2015/2016,28,7,3,6.039771918444564,10.646757010315525,6,6,7.229826724316481,6.025431028541669,13,9,13.459560769039744,16.75309987294377,20,16,26.278710596312198,20.514170030364014,5.32258064516129,7.446601941747573,5.311827956989247,6.0,10.634408602150538,13.446601941747574,24.462365591397848,21.766990291262136,1,9.157070283473097,6.573890275140862,15.73096055861397,27.41794104075752,3.497259212278501,3.135203271703033,6.632462483981522,18.16759094386617,309.6,276.6,276.2,290.0,261.4,328.6666666666667,372.2,342.8,372.2,359.6,352.8,283.3333333333334,39.0,27.6,64.2,81.2,78.2,68.6,72.0,73.2,75.6,38.33333333333334,282.0,257.4,236.8,276.2,238.0,309.0,354.2,337.6,365.6,376.6,353.2,238.3333333333333,39.8,37.6,58.0,85.4,63.4,59.0,62.0,76.8,59.2,20.66666666666667,0.4942630185348632,0.9638227,2.023214285714286,0.9284662208007892,0.9284662208007892,easy
4596,2015/2016,28,5,2,7.9327198282072136,4.272013367812312,3,2,6.9532194945098755,4.40447195632915,8,4,14.84214245169578,8.3928275132403,11,14,29.445620245175824,14.280784649337125,7.84,6.336734693877551,6.76,5.908163265306122,14.6,12.244897959183673,20.21,25.051020408163264,1,5.561564695924161,4.603528277892644,10.16509297381682,19.01812269116135,7.27417691430411,7.029909467600862,14.30408638190497,18.64348918245277,267.0,218.6,231.2,277.8,214.2,299.3333333333333,289.6,269.4,286.2,271.8,270.2,245.3333333333333,42.2,30.6,57.0,73.6,153.8,125.0,122.4,146.2,133.8,65.33333333333333,290.2,273.4,244.0,289.8,256.6,328.6666666666667,355.4,328.4,366.0,372.0,335.8,272.0,42.6,22.8,51.2,74.8,81.0,66.4,68.0,70.0,74.0,29.0,0.2768780487804878,0.14753832,3.61169837914024,-0.17886296143836733,-0.17886296143836733,medium
4598,2015/2016,28,2,4,5.4271089858772,4.08751289385975,6,1,5.5034043012706455,3.7505956274992074,8,5,10.351944671104405,7.298023999617709,24,21,24.74250510456998,19.13033665950865,5.0,6.63,4.959595959595959,5.93,9.95959595959596,12.56,23.818181818181817,19.33,1,7.137903106222986,6.624179338468771,13.76208244469177,28.37311351770612,5.01723718199557,4.223640119984657,9.240877301980222,19.20183508011397,271.0,231.6,215.6,269.2,206.0,321.3333333333334,366.6,334.8,365.2,375.8,347.4,258.3333333333333,48.2,30.2,52.0,77.4,82.8,68.4,58.4,65.2,73.8,43.66666666666666,267.0,262.6,245.8,305.8,242.2,323.6666666666667,348.0,326.0,352.0,374.2,321.2,227.0,37.8,25.4,46.4,78.6,78.2,64.6,69.4,79.8,75.4,31.33333333333333,0.2611940298507463,0.9721048,3.8285714285714283,0.9622428441288495,0.9622428441288495,easy
4599,2015/2016,29,11,9,7.886203149206019,4.183216918907583,8,6,6.48382621825038,4.060912485255834,19,15,14.12087049468796,8.294742694226388,22,21,27.394614392829506,21.680058768647775,6.191780821917807,4.97,5.482876712328766,4.97,11.674657534246574,9.94,21.589041095890412,23.82,0,8.076411697586604,6.914000537770985,14.9904122353576,19.26034735972237,4.895858705304597,5.146567339377318,10.04242604468191,15.12303974929893,267.0,262.6,245.8,305.8,242.2,323.6666666666667,349.2,328.0,352.6,377.8,322.0,227.0,36.0,18.6,53.2,82.8,78.2,64.6,69.4,79.8,75.4,31.33333333333333,269.4,245.2,221.8,249.2,220.6,313.0,226.8,224.0,214.4,202.8,209.2,217.0,37.2,27.8,51.2,76.0,222.2,181.4,209.0,225.0,198.0,83.99999999999999,0.7292327203551047,0.08150565,1.371304347826087,-2.3921910615624813,-2.3921910615624813,hard
4600,2015/2016,29,8,8,3.6352364680013385,8.716377023817657,4,5,4.222865170000218,6.13666157313491,12,13,7.043289177689403,14.689356548970625,26,20,19.314890633893576,22.356389824926982,5.387755102040816,7.811881188118812,5.081632653061225,6.7227722772277225,10.46938775510204,14.534653465346535,21.132653061224488,20.11881188118812,0,6.298556654195428,6.671565358269467,12.97012201246491,27.64822271166352,5.976141785601714,5.387662662000162,11.36380444760187,15.71763331683304,249.0,210.6,224.8,255.0,199.6,291.3333333333333,272.6,258.6,272.8,281.4,252.2,210.6666666666667,42.2,28.2,47.8,74.6,133.4,115.0,134.6,161.0,135.0,60.33333333333333,255.4,238.4,228.0,255.4,201.6,274.0,327.2,288.4,308.0,367.8,284.0,243.6666666666667,36.0,24.8,47.8,64.2,77.0,63.0,71.4,80.2,74.2,17.0,0.2700520366050602,0.027051575,3.70299003322259,-0.33290107695490234,-0.33290107695490234,medium
4601,2015/2016,29,10,9,7.6872803824883,7.097612273851573,0,7,7.84294626194148,6.876551561590485,10,16,14.962998222290665,14.868117615562314,20,30,21.037435971488332,22.869389988773776,5.947368421052632,5.340425531914893,5.315789473684211,5.319148936170213,11.263157894736842,10.659574468085106,20.347368421052632,24.414893617021278,0,7.324838675870347,7.092762184198572,14.41760086006893,21.81012975112036,3.958666241006655,4.779912363273247,8.73857860427989,16.75211333859573,285.8,264.4,242.2,290.4,250.0,336.0,349.0,320.4,362.0,360.8,333.6,287.3333333333333,45.8,24.4,57.0,82.8,77.6,73.6,65.8,70.6,76.2,33.66666666666666,302.4,272.8,254.8,281.6,252.8,329.6666666666667,370.6,347.2,392.8,396.8,365.4,248.3333333333333,49.0,35.4,56.2,82.4,79.6,67.6,79.0,88.4,78.4,15.0,0.353689077249085,0.40678567,2.827342047930283,0.08215332253323933,0.08215332253323933,medium
4602,2015/2016,29,7,2,6.083173134796077,1.035242123708857,9,0,6.904006289133449,1.9232587638074945,16,2,12.698464054195146,2.3974798083619735,29,7,25.085950940668404,16.61151854105432,6.292929292929293,6.242718446601942,5.8686868686868685,5.766990291262136,12.16161616161616,12.009708737864077,24.939393939393938,21.679611650485437,1,8.653929135976488,8.279718977742071,16.93364811371857,21.69018756928725,4.680650675842799,3.663483516857719,8.344134192700505,16.99480574532748,279.0,255.8,238.0,291.8,239.2,311.6666666666667,213.0,205.2,213.8,208.4,201.0,212.6666666666667,42.6,22.8,51.2,74.8,217.6,173.8,220.8,242.0,209.8,103.6666666666667,272.2,248.2,241.2,269.4,223.0,317.3333333333333,363.2,342.6,353.6,386.2,332.4,241.6666666666667,42.2,28.8,41.6,77.0,77.8,65.0,60.0,58.0,71.6,28.33333333333333,0.3625285605483625,0.78809774,2.758403361344538,0.667589404534553,0.667589404534553,medium
4603,2015/2016,29,7,10,5.2979125888922205,3.957228354839427,7,4,4.661876496473383,4.829504010114018,14,14,10.224025353051104,7.515348073686902,21,16,22.4989156417871,13.423963378609995,6.603960396039604,5.72596685082873,5.881188118811881,5.457458563535912,12.485148514851485,11.183425414364642,19.346534653465348,21.161325966850825,0,6.719596404977338,5.07002368152105,11.78962008649838,26.87826772101168,3.696690057763778,5.316198829601099,9.012888887364864,18.07503577132784,277.6,247.4,216.0,235.6,222.2,300.6666666666667,281.0,270.4,282.2,309.8,263.8,215.6666666666667,40.2,30.4,53.8,78.6,151.6,141.6,121.6,162.4,143.8,92.66666666666666,288.6,238.8,238.8,289.4,228.8,290.0,223.2,216.6,199.6,203.2,197.2,221.3333333333333,48.2,30.2,52.0,77.4,222.0,189.6,220.8,232.0,213.2,93.66666666666667,0.4985163204747775,0.014272848,2.005952380952381,-0.9656215783032264,-0.9656215783032264,hard
4604,2015/2016,29,9,3,6.129428758241376,4.8148928332688765,4,6,5.514760717520587,6.336473699340905,13,9,11.063069061384624,11.736287996626071,30,16,23.51899284581817,21.292780908511386,5.851485148514851,5.0,5.851485148514851,5.030612244897959,11.702970297029703,10.03061224489796,22.752475247524753,18.244897959183675,0,6.539919398136284,4.947245926788887,11.48716532492518,31.53656740486831,4.604012477322607,4.003216611831468,8.60722908915407,22.00864540310784,287.4,270.6,260.0,289.2,257.0,311.0,385.2,357.8,386.4,373.4,366.8,243.0,39.8,37.6,58.0,85.4,63.4,59.4,63.2,76.8,59.2,20.66666666666667,271.6,247.0,232.0,250.2,234.2,311.3333333333333,357.6,335.2,347.2,378.2,322.8,309.3333333333334,43.4,30.8,52.8,73.4,73.0,65.2,72.2,76.8,74.8,23.33333333333333,0.8025357431885622,0.056965932,1.246050420168067,-3.7757202798063005,-3.7757202798063005,hard
4605,2015/2016,29,5,6,4.0648299683653315,4.224314883307914,6,4,5.076261097436627,7.061576304618155,11,10,8.667846393460511,12.062787355728313,15,12,22.844006975294697,21.41904372782544,5.548387096774194,5.243517474633597,4.989247311827957,5.446448703494927,10.53763440860215,10.689966178128524,19.612903225806452,21.012401352874857,1,6.308841835715787,6.878451870615205,13.18729370633102,26.5366486124828,4.648334730586891,5.664827871799351,10.31316260238624,18.18339671629629,255.2,217.4,219.4,286.2,212.8,294.0,375.2,337.6,350.8,377.2,335.0,304.6666666666666,38.6,22.2,60.6,67.4,75.2,61.8,68.6,75.6,75.0,17.0,259.2,246.2,233.6,259.2,214.6,315.6666666666667,375.6,335.8,347.8,366.8,351.4,286.3333333333333,38.4,29.6,52.8,78.4,72.0,65.6,59.8,76.8,71.0,14.66666666666667,0.425,0.9355979,2.3529411764705883,0.8879963418711787,0.8879963418711787,easy
4606,2015/2016,29,13,5,9.98490259300614,5.899224740835246,9,2,6.195570266331519,4.476946691362964,22,7,15.964400659797795,10.039510483906469,26,7,23.83514034739976,19.49564923008472,7.403846153846154,6.0570469798657705,6.0,5.573825503355704,13.403846153846153,11.630872483221475,21.71153846153846,21.2248322147651,0,6.394632281660154,6.152997625121149,12.54762990678132,25.43358844200244,4.16690830060801,4.924093424297846,9.091001724905858,17.77517702788964,253.2,225.4,194.8,260.4,197.4,300.0,355.2,333.8,349.4,370.4,328.4,260.6666666666667,45.4,27.4,47.8,74.8,78.2,64.6,59.6,78.0,69.8,26.66666666666667,275.8,244.0,211.0,280.4,226.0,287.3333333333333,342.0,337.2,336.6,352.8,329.6,283.6666666666666,43.4,31.4,56.2,73.0,75.6,60.2,65.8,80.6,71.0,18.33333333333333,0.4055587067498582,0.092857644,2.4657342657342656,-0.5260419494664397,-0.5260419494664397,hard
4607,2015/2016,29,7,6,6.608456930739612,5.376725858263858,5,7,6.920340953860765,5.205618467180366,12,13,14.1435969698236,10.346044364368451,27,21,27.41661016663556,29.522201541693498,5.645785876993167,5.227722772277228,5.20501138952164,5.2772277227722775,10.850797266514807,10.504950495049505,20.325740318906607,21.396039603960396,0,3.880182651113585,4.768558413443417,8.648741064557003,22.06606038696678,5.999549994381552,5.364044291447542,11.36359428582909,19.70452071387968,250.4,253.6,207.4,248.8,225.4,314.3333333333333,370.4,343.2,375.2,371.6,337.8,294.6666666666666,42.6,31.6,51.2,73.8,62.2,57.8,78.4,80.2,68.2,20.33333333333333,309.6,276.6,276.2,290.0,261.4,328.6666666666667,372.2,342.8,372.2,359.6,352.8,283.3333333333334,39.0,27.6,64.2,81.2,78.2,68.6,72.0,73.2,75.6,38.33333333333334,0.2158693115519253,0.016659087,4.632432432432433,-0.25405232714755194,-0.25405232714755194,medium
4608,2015/2016,29,7,5,4.010492458140645,7.627203426793114,6,3,4.937496951232763,5.601766586215488,13,8,9.25820406975062,13.634792186237819,21,20,21.012057745342187,32.30213897860107,4.797872340425532,5.762376237623762,4.6063829787234045,5.405940594059406,9.404255319148936,11.168316831683168,20.21276595744681,25.22772277227723,1,6.268682617391896,3.2739866494563,9.542669266848199,19.9523665222839,6.547514360805387,6.040662442980188,12.58817680378557,22.31621936595329,231.4,234.0,187.0,240.8,206.2,303.6666666666667,356.8,333.6,342.2,356.4,333.2,283.0,41.0,27.0,53.0,78.6,76.2,60.4,59.2,69.2,71.2,20.33333333333333,256.8,220.8,218.2,241.8,210.6,306.0,294.2,259.6,275.4,269.6,268.0,233.0,42.2,30.6,57.0,73.6,153.8,125.0,122.4,146.2,133.8,65.33333333333333,0.407185628742515,0.07567125,2.455882352941176,-0.5592212227709367,-0.5592212227709367,hard
4619,2015/2016,30,7,2,10.225867779771502,3.5269516583300087,8,6,8.334947782180976,3.089395102972227,15,8,19.182539331159866,5.926932394274756,18,23,35.4512086406921,14.5489642803458,6.046511627906976,4.821052631578947,5.5382059800664445,4.621052631578947,11.58471760797342,9.442105263157895,21.083056478405314,20.221052631578946,1,9.59972956067509,5.984485804997819,15.58421536567292,28.74914319168906,3.843479248493675,3.810420630329791,7.653899878823455,16.66193429140682,273.8,247.8,231.0,258.8,236.2,310.0,363.0,334.4,340.6,365.8,314.2,306.6666666666667,43.4,30.8,52.8,73.4,73.0,65.2,72.2,76.8,74.8,23.33333333333333,277.6,257.0,256.2,278.4,237.8,319.3333333333333,363.2,332.0,344.2,358.6,325.2,273.0,42.2,28.8,41.6,77.0,79.8,67.8,57.4,78.8,70.4,29.0,0.1300783384951722,0.8289111,7.687675070028009,0.8033284123031257,0.8033284123031257,easy
4620,2015/2016,30,6,8,3.735350743086963,7.24466388117356,6,9,3.6797997200510553,6.238985782956977,12,17,7.0541898840343755,13.670399842895538,26,16,19.870862738364345,23.231236016607383,6.201923076923077,7.457142857142857,5.711538461538462,6.0285714285714285,11.913461538461538,13.485714285714286,21.53846153846154,21.752380952380953,0,6.108715713917674,4.576941031324401,10.68565674524208,22.16555161260407,6.937450911126883,5.848718238017062,12.78616914914394,20.63372220766222,249.0,210.6,224.8,255.0,199.6,291.3333333333333,337.8,307.8,329.8,352.6,321.4,213.3333333333333,42.2,28.2,47.8,74.6,65.0,50.0,60.6,79.2,63.4,22.66666666666667,290.8,263.0,258.2,278.6,258.2,327.0,363.6,346.8,401.2,394.0,368.4,250.3333333333333,38.8,29.0,56.6,80.2,77.6,73.6,65.8,70.6,75.8,33.66666666666666,0.3147246159610341,0.011709729,3.177380952380952,-0.4421797241820069,-0.4421797241820069,medium
4621,2015/2016,30,5,3,8.048005194101973,4.36111781979416,4,7,5.866764954558477,4.326701921931823,9,10,14.385445786564041,8.9588241915252,14,17,20.86859204812781,14.843636116996654,5.768052516411379,5.542553191489362,5.4431072210065645,5.0,11.211159737417944,10.542553191489361,21.110503282275708,19.56382978723404,1,6.676469393097213,6.721653755480297,13.39812314857751,23.59320655855321,4.940330714754214,5.749235213244253,10.68956592799846,19.00645135885598,269.4,245.2,221.8,249.2,220.6,313.0,362.6,334.8,356.8,371.6,335.8,241.3333333333333,37.2,27.8,51.2,76.0,67.6,50.8,61.8,80.2,65.2,15.33333333333333,287.4,269.0,249.2,293.6,253.6,321.6666666666667,366.0,329.6,350.4,360.4,341.2,278.3333333333333,42.6,22.8,51.2,74.8,81.0,66.4,68.0,70.0,74.0,29.0,0.336890243902439,0.89380544,2.9683257918552037,0.8398537274064689,0.8398537274064689,easy
4622,2015/2016,30,3,4,6.729333561970165,5.04942308831426,6,8,6.731888158376108,5.215681054221228,9,12,13.310082303567976,10.12764320003068,27,21,23.999647640825174,25.731693519297707,5.235294117647059,6.607843137254902,5.294117647058823,5.892156862745098,10.529411764705882,12.5,21.392156862745097,19.362745098039216,1,5.21820205786679,8.47823752547757,13.69643958334436,27.61254798064577,5.105716628827691,4.690408253947861,9.79612488277555,18.08591786981572,277.6,249.2,216.0,237.0,222.4,306.0,285.6,270.4,268.6,315.6,260.4,238.6666666666667,40.2,30.4,53.8,78.6,149.4,130.6,124.8,141.4,142.6,76.66666666666666,259.2,246.2,233.6,259.2,214.6,315.6666666666667,208.0,210.0,193.6,210.6,195.2,214.6666666666667,38.4,29.6,52.8,78.4,223.2,196.4,217.2,228.4,214.0,156.3333333333333,0.5582990397805213,0.8826311,1.791154791154791,0.7342797786182498,0.7342797786182498,easy
4623,2015/2016,30,17,9,10.091966163253733,4.392562097697984,10,3,7.530964122380172,3.444234500030926,27,12,18.27412121077202,7.9524843121876625,17,9,28.06034880481242,14.712205176195209,7.813725490196078,6.240677966101694,6.705882352941177,5.508474576271185,14.519607843137255,11.74915254237288,20.11764705882353,21.593220338983052,0,6.482438338147901,5.859339792980784,12.3417781311287,21.06879534158666,6.112596965636175,5.82930476007187,11.94190172570803,16.52268520703925,267.6,242.4,226.6,256.4,222.6,295.0,355.2,328.2,347.6,367.6,324.6,271.3333333333333,46.6,30.4,51.8,75.2,77.0,63.0,71.4,80.2,74.2,17.0,255.2,217.4,219.4,286.2,212.8,294.0,363.8,327.0,346.4,373.6,328.8,273.0,38.6,22.2,60.6,67.4,75.2,61.8,68.6,75.6,75.0,17.0,0.6209037599172128,0.074516766,1.6105555555555555,-1.4412883372267233,-1.4412883372267233,hard
4624,2015/2016,30,12,4,7.134413175025389,4.602350573935149,3,1,4.911142684741304,5.65645790436767,15,5,11.70923548313775,11.117311239316034,36,16,26.290985438701824,21.44127672766221,5.754901960784314,5.414141414141414,5.382352941176471,5.070707070707071,11.137254901960784,10.484848484848484,25.176470588235293,21.181818181818183,1,8.452173827453533,8.782834039346842,17.23500786680038,27.88157365553521,4.256812150882382,3.420133024591077,7.676945175473449,14.95155278725991,302.4,272.8,254.8,281.6,252.8,329.6666666666667,291.6,274.8,304.8,308.2,281.6,203.6666666666667,49.0,35.4,56.2,82.4,146.0,123.8,142.6,165.4,140.6,31.33333333333333,255.0,240.8,200.0,247.0,220.2,312.3333333333333,373.4,345.2,328.0,356.0,336.6,301.0,42.6,31.6,51.2,73.8,71.0,56.6,67.6,65.6,71.4,18.66666666666667,0.7491486946651532,0.9311536,1.334848484848485,0.7255489483677965,0.7255489483677965,easy
4625,2015/2016,30,0,11,1.482309120447796,5.208667827616548,4,6,3.7436781079762396,5.393958247429104,4,17,4.3932337952119855,10.317926978792508,18,30,17.683054992949753,19.820928567354617,5.251116071428572,6.3,5.431919642857143,5.9,10.683035714285715,12.2,20.921874999999996,24.98,0,4.821398084013758,4.925202027092066,9.746600111105831,20.52699469958592,8.098474099639807,7.032728457657749,15.13120255729755,21.69324761161828,262.0,238.6,217.0,271.6,220.8,300.0,335.6,323.6,352.8,366.0,330.2,235.3333333333334,45.4,27.4,47.8,74.8,78.2,64.6,59.6,78.0,69.8,26.66666666666667,265.0,218.0,218.2,268.6,210.6,296.6666666666666,277.0,270.4,300.0,275.0,267.6,220.6666666666667,42.2,30.6,57.0,73.6,153.8,125.0,122.4,146.2,133.8,65.33333333333333,0.5338278264778602,0.5275945,1.8732631578947367,-0.013371282310127216,-0.013371282310127216,medium
4626,2015/2016,30,5,5,5.483521667212381,4.9563117860888415,7,7,5.86691218469418,3.409083709693479,12,12,11.715666030919238,7.624224522519735,29,23,30.993494681375083,19.97890224935737,5.00990099009901,5.882352941176471,4.98019801980198,5.833333333333333,9.990099009900991,11.715686274509803,23.792079207920793,22.823529411764707,0,6.976370017952206,6.657408360297998,13.63377837825021,28.32907997362912,4.105403967804557,4.874185083068735,8.979589050873283,19.00395382413316,275.8,244.0,212.4,281.0,226.0,289.3333333333333,342.0,337.2,336.6,352.8,329.6,283.6666666666666,43.4,31.4,56.2,73.0,75.6,60.2,65.8,80.6,71.0,18.33333333333333,254.2,259.4,236.0,274.8,232.2,330.0,355.0,335.2,368.6,376.8,341.2,217.3333333333333,36.0,18.6,53.2,82.8,81.8,71.4,68.4,65.4,78.0,27.66666666666667,0.2162162162162162,0.123711824,4.625,-0.11802284470919905,-0.11802284470919905,medium
4627,2015/2016,30,8,9,7.795013767070973,6.798624420034502,3,8,6.989509306277583,4.861344605581509,11,17,15.34861468021356,11.44858299884349,19,21,24.29682929414176,17.51169825024807,4.97979797979798,5.989583333333333,5.040404040404041,5.260416666666667,10.02020202020202,11.25,18.22222222222222,20.34375,1,7.404494709060902,5.844046533313183,13.24854124237409,28.8761891765369,5.518822039977407,4.238629712039663,9.757451752017065,15.14445154462207,309.6,276.6,276.2,290.0,261.4,328.6666666666667,373.6,344.4,373.6,360.2,354.6,284.0,39.0,27.6,64.2,81.2,78.6,69.4,72.6,73.2,76.0,38.33333333333334,239.6,240.8,190.4,221.4,219.0,305.6666666666667,369.6,351.0,348.8,345.4,337.2,334.3333333333334,40.6,28.2,50.4,72.6,76.2,60.4,59.2,69.2,71.2,20.33333333333333,0.7964199029126214,0.95198184,1.2556190476190474,0.7641313754677238,0.7641313754677238,easy
4628,2015/2016,30,7,3,8.218305518014745,5.166760992634261,7,2,8.805574168292758,3.204078135427222,14,5,17.788615498073085,7.3288239262222845,18,11,34.600192439142084,11.825235983764074,5.378947368421053,5.659526493799324,5.336842105263158,5.202931228861331,10.715789473684211,10.862457722660654,24.473684210526315,20.393461104847802,1,6.1682199255991,6.903705138171153,13.07192506377025,25.79515353875468,4.186950328780827,3.803471889876991,7.990422218657813,17.47979150700242,289.0,239.0,238.8,289.8,230.4,290.0,290.2,270.6,295.6,295.4,276.4,211.0,39.8,25.2,48.8,73.8,155.8,131.2,121.2,139.0,143.2,66.66666666666666,287.4,270.6,260.0,289.2,257.0,314.3333333333333,372.6,364.0,387.0,391.0,369.6,227.0,39.8,37.6,58.0,85.8,63.4,59.4,63.2,76.8,59.2,20.66666666666667,0.3245033112582781,0.98139554,3.081632653061225,0.972458107214348,0.972458107214348,easy
4629,2015/2016,31,6,5,9.673610485461047,7.517924066463406,15,6,5.6799599786623265,6.996192319426628,21,11,14.936512643183057,15.410889077434074,39,16,19.994373952857693,20.66561994103369,6.268456375838925,5.395833333333333,5.483221476510066,5.354166666666667,11.751677852348992,10.75,21.466442953020135,24.40625,0,8.405615164066786,6.270640240791761,14.67625540485856,20.67731827492367,4.245981869542983,5.575988434055237,9.821970303598208,15.99804023231626,254.2,259.4,236.0,274.8,232.2,330.0,355.0,335.2,368.6,376.8,341.2,217.3333333333333,36.0,18.6,53.2,82.8,81.8,71.4,68.4,65.4,78.0,27.66666666666667,273.6,246.6,224.6,281.8,226.8,302.3333333333334,335.4,312.2,358.6,368.6,317.8,252.3333333333333,45.4,27.4,47.8,74.8,79.4,68.0,64.4,75.2,67.2,36.0,0.7600318894499071,0.018598057,1.3157342657342657,-3.089718102261936,-3.089718102261936,hard
4630,2015/2016,31,8,4,7.384274617281783,5.506519659704933,6,4,7.7992296768559575,4.510084570556005,14,8,15.66517341385476,9.660506690739709,32,23,34.930270453821336,23.40636357636332,5.4,5.213592233009709,5.03,5.300970873786408,10.43,10.514563106796116,21.13,21.446601941747574,0,4.482438655121554,5.113116967794283,9.595555622915848,24.22778234273083,6.03110456581383,5.398754735723647,11.42985930153747,18.30016134366461,285.2,268.6,229.6,258.8,248.0,343.3333333333333,368.8,338.8,383.4,361.4,356.6,303.3333333333333,38.8,29.0,56.6,80.2,77.6,73.6,65.8,70.6,75.8,33.66666666666666,309.6,276.6,276.2,290.0,261.4,328.6666666666667,373.2,334.2,378.8,369.0,358.4,243.6666666666667,39.0,27.6,64.2,81.2,78.6,69.4,72.6,73.2,76.0,38.33333333333334,0.3559331591511437,0.05306526,2.8095162653147447,-0.47024297411763516,-0.47024297411763516,medium
4631,2015/2016,31,5,4,8.042626870549917,8.029421617193774,3,6,5.659277723700223,4.633599865229002,8,10,13.962359899216214,12.283733382809363,35,12,24.292505339195586,19.22345069297989,6.020618556701031,6.055921052631578,5.288659793814433,5.562499999999999,11.309278350515465,11.618421052631577,20.350515463917525,21.052631578947366,0,6.87804728305425,5.537572846176306,12.41562012923057,24.98700961023959,5.153279879297595,4.785454702217137,9.938734581514723,17.16157263035774,262.0,246.4,237.2,276.4,229.0,302.6666666666666,358.2,340.8,356.6,366.8,337.2,296.3333333333333,42.6,32.4,55.8,78.4,76.0,59.2,58.6,75.8,69.6,22.33333333333333,249.0,210.6,224.8,255.0,199.6,291.3333333333333,283.2,265.2,277.6,285.8,254.8,215.0,42.2,28.2,47.8,74.6,136.4,117.2,123.6,161.8,129.0,50.66666666666667,0.4871794871794872,0.030956715,2.052631578947368,-0.8896343767642978,-0.8896343767642978,hard
4632,2015/2016,31,6,4,8.21404004007558,3.1890851755299634,15,0,6.9910693855182195,0.7861880409258405,21,4,15.912958743628717,3.5095316460274857,31,14,24.791933647934737,16.460719916029984,6.346534653465347,5.815533980582524,5.900990099009901,5.359223300970874,12.247524752475247,11.174757281553399,25.02970297029703,25.281553398058254,0,7.676809144065344,6.006043927007517,13.68285307107286,17.29151862153302,5.644726163874942,5.024470979501718,10.66919714337666,16.87384503855121,287.4,270.6,260.0,289.2,257.0,314.3333333333333,378.8,351.8,359.6,365.8,368.0,245.0,39.8,37.6,58.0,85.8,63.4,59.4,63.2,76.8,59.2,20.66666666666667,277.6,249.2,216.0,237.0,222.4,306.0,285.6,270.6,268.6,315.6,260.8,238.6666666666667,40.2,30.4,53.8,78.6,149.4,130.6,124.8,141.4,142.6,76.66666666666666,0.4637985309548793,0.054195076,2.156108597285068,-0.7638984452605012,-0.7638984452605012,hard
4633,2015/2016,31,9,5,7.389854439278692,3.932166384079679,5,6,6.053851471744344,4.978025175588932,14,11,13.830199478260244,8.280471481668467,22,16,25.329859172017372,11.447278987406134,6.58252427184466,5.01,5.912621359223301,5.02,12.495145631067961,10.03,19.37864077669903,18.23,0,6.127089564519623,6.256402977671687,12.38349254219131,29.03272887805331,3.72045527767735,3.715335959191949,7.435791236869298,14.63996815224397,255.2,217.4,219.4,286.2,212.8,294.0,375.2,337.6,350.8,377.2,335.0,304.6666666666666,38.6,22.2,60.6,67.4,75.2,61.8,68.6,75.6,75.0,17.0,269.4,245.2,221.8,249.2,220.6,313.0,364.0,350.0,360.0,361.6,335.6,282.0,37.2,27.8,51.2,76.0,75.0,57.6,65.2,67.8,66.8,22.33333333333333,0.4864864864864865,0.13012268,2.0555555555555554,-0.6939716441066642,-0.6939716441066642,hard
4634,2015/2016,31,4,12,4.511604426342491,8.735587058074572,10,3,2.7920266010367625,7.080288130428773,14,15,7.00868822539385,15.928959287713038,21,15,17.296200641656775,24.11248735613858,5.87378640776699,7.902912621359223,5.844660194174757,6.737864077669903,11.718446601941748,14.640776699029127,22.825242718446603,20.0873786407767,1,6.221007065764894,6.17150929863911,12.39251636440401,26.0103331610649,6.407435534155994,5.578962426551203,11.98639796070719,19.09988213543008,272.2,248.2,241.2,269.4,223.0,317.3333333333333,355.6,344.0,370.6,382.4,328.0,280.6666666666667,42.2,28.8,41.6,77.0,79.8,67.8,57.4,78.8,70.4,29.0,302.4,272.8,254.8,281.6,252.8,329.6666666666667,354.2,322.0,361.2,407.8,332.0,254.3333333333333,49.0,35.4,56.2,82.4,84.6,66.6,63.8,72.8,71.2,31.66666666666667,0.3495811119573496,0.90428376,2.860566448801743,0.8528390860390048,0.8528390860390048,easy
4635,2015/2016,31,3,7,4.299212436778813,4.286975632328767,5,4,6.643323884500669,5.674792474338986,8,11,11.12765325080478,10.248421897782478,15,42,21.700162731946218,19.85657586505465,5.515789473684211,6.2,5.021052631578947,5.714285714285714,10.536842105263158,11.914285714285715,19.53684210526316,21.580952380952382,1,6.602619823934416,6.633604153438565,13.236223977373,25.25584930223653,5.621112045875346,5.572212905259216,11.19332495113456,21.222949286114,269.8,257.4,231.2,264.8,230.4,315.6666666666666,374.4,355.6,373.8,354.4,344.4,302.6666666666666,37.4,20.8,43.6,61.0,63.8,64.2,62.4,53.6,75.6,25.66666666666667,275.8,244.0,215.0,281.0,226.0,289.3333333333333,342.0,337.2,336.6,352.8,329.6,283.6666666666666,43.4,31.4,56.2,73.0,75.6,60.2,65.8,80.6,71.0,18.33333333333333,0.3551797040169133,0.9832359,2.8154761904761907,0.9740018971630785,0.9740018971630785,easy
4636,2015/2016,31,6,0,9.608513717480308,4.665657732903219,8,2,8.490735084938256,3.469715494295423,14,2,19.134529434919422,7.97799171305738,10,17,23.769207354898413,12.147133111917388,7.462264150943396,5.760563380281691,6.056603773584905,5.4290357529794155,13.518867924528301,11.189599133261106,21.69811320754717,21.04117009750812,1,7.504498258404698,7.100598403393928,14.60509666179863,25.92132679604692,2.944077670190286,4.748879616990827,7.692957287181105,16.92848264798839,276.4,243.8,231.8,267.2,217.2,314.3333333333333,340.2,316.4,346.8,371.8,326.4,266.3333333333333,38.4,29.6,52.8,78.4,79.6,72.0,72.6,79.6,75.2,63.66666666666666,259.8,228.4,207.2,268.6,217.6,306.6666666666666,304.2,266.8,298.0,352.4,267.4,235.3333333333333,36.0,24.8,47.8,64.2,77.0,63.0,71.4,80.2,74.2,17.0,0.3147246159610341,0.96996295,3.177380952380952,0.9561679199655698,0.9561679199655698,easy
4637,2015/2016,31,3,5,6.040598848749768,4.765696404764181,4,1,6.159912613844416,5.1496983338912035,7,6,12.346733015132122,10.083492685864128,31,13,20.376612924798827,22.556037442917184,5.6328125,5.009803921568627,5.170758928571429,5.0,10.803571428571429,10.009803921568627,20.299107142857142,23.84313725490196,0,6.010407649792766,5.655080356402412,11.66548800619519,23.80520189822759,5.964425545313816,5.607621317268693,11.5720468625825,20.56654617257225,257.2,212.4,216.2,285.6,206.6,283.6666666666666,277.0,270.4,300.0,275.0,267.6,220.6666666666667,42.2,30.6,57.0,73.6,153.8,125.0,122.4,146.2,133.8,65.33333333333333,183.8,163.0,144.0,161.8,155.2,216.6666666666667,356.6,329.8,330.2,357.2,301.8,367.0,40.4,32.4,55.6,73.6,150.8,122.0,131.2,140.4,139.8,49.33333333333333,0.5737166863594592,0.023572044,1.743020594965675,-1.2905610750552956,-1.2905610750552956,hard
4638,2015/2016,31,4,3,3.9926250295329226,5.34108767028865,4,4,5.032592465848381,5.8411491758959855,8,7,8.981758378232302,11.32300624788926,15,18,23.476807017328312,22.02353510180316,4.791666666666667,5.19889502762431,4.635416666666667,5.41767955801105,9.427083333333334,10.61657458563536,20.25,20.892817679558007,0,6.716116758095925,4.650253396286711,11.36637015438265,26.81791120978352,6.168504357914662,5.757437599173767,11.92594195708842,18.72739486338543,239.6,240.8,190.4,221.4,219.0,305.6666666666667,359.4,329.0,322.6,339.0,319.8,305.3333333333334,41.0,27.0,53.0,78.6,76.2,60.4,59.2,69.2,71.2,20.33333333333333,289.0,239.0,238.8,289.6,230.4,290.0,219.2,202.6,208.8,218.0,200.0,170.3333333333333,48.2,30.2,52.0,77.4,226.8,199.2,208.0,216.2,219.6,107.3333333333333,0.2450240219629376,0.025597205,4.081232492997198,-0.29064078948037203,-0.29064078948037203,medium
4639,2015/2016,32,10,3,7.3762084715386305,4.091106499103548,4,4,6.746368415037556,3.087525130502101,14,7,13.708648741326973,6.75079002941302,23,20,25.013194611883655,17.090860760470644,6.035830618892507,5.606629834254144,5.566775244299674,5.159116022099448,11.602605863192181,10.765745856353591,20.964169381107492,20.40552486187845,1,10.10244533864908,7.025306798843727,17.12775213749281,29.82672323229467,4.204992685742382,3.212549466790531,7.417542152532904,17.97053824949288,209.4,189.6,183.0,186.4,188.4,224.6666666666667,339.6,315.2,299.0,333.8,268.4,353.6666666666667,40.4,32.4,55.6,73.6,140.4,127.8,140.2,157.6,144.0,49.0,255.2,217.4,219.4,286.2,212.8,294.0,375.2,337.6,350.8,377.2,335.0,304.6666666666666,38.6,22.2,60.6,67.6,75.2,61.8,68.6,75.6,75.0,17.0,0.1708264004437049,0.9386313,5.853896103896106,0.9259881116873444,0.9259881116873444,easy
4640,2015/2016,32,9,4,5.701121937935253,5.374716918276819,6,3,5.117569347907885,6.164900291378409,15,7,11.400556568182978,11.936069433170113,18,12,26.552638415383118,21.404957048024936,6.2075471698113205,6.265780730897009,5.69811320754717,5.578073089700996,11.90566037735849,11.843853820598005,21.77358490566038,21.641196013289036,0,6.987133053262234,5.033970728112033,12.02110378137427,23.70136348268616,5.82106374330144,5.143910063344501,10.96497380664594,16.89028703199436,249.0,210.6,224.8,255.0,199.6,291.3333333333333,273.6,260.2,282.2,293.2,260.6,186.3333333333333,42.2,28.2,47.8,74.6,141.0,114.8,124.2,148.0,131.6,43.0,239.6,240.8,190.4,221.4,219.0,305.6666666666667,361.6,329.0,323.8,339.6,319.8,305.3333333333334,41.0,27.0,53.0,78.6,76.2,60.4,59.2,69.2,71.2,20.33333333333333,0.4985163204747775,0.1870776,2.005952380952381,-0.6210346295107045,-0.6210346295107045,hard
4641,2015/2016,32,5,4,2.637796463421404,6.0354076313410125,6,7,1.7546316419075554,6.191668425615928,11,11,3.0811933004753946,12.483857464240884,23,14,14.020007156158451,20.523143863349517,5.704935622317597,6.3431372549019605,5.395922746781117,5.990196078431373,11.100858369098713,12.333333333333334,21.002145922746777,25.08823529411765,0,4.893589671105108,5.515573963803575,10.40916363490869,26.06842737722626,6.195219731733656,6.536381820318675,12.73160155205232,19.14100733407478,269.4,245.2,221.4,249.2,220.2,312.3333333333333,290.2,276.0,294.4,301.8,268.6,207.3333333333333,37.2,27.8,51.2,76.0,142.6,108.4,127.0,148.0,132.0,37.66666666666666,269.8,257.4,231.2,264.8,230.4,315.6666666666666,374.4,355.6,373.8,354.4,344.4,302.6666666666666,37.4,20.8,43.6,61.0,63.8,64.2,62.4,53.6,75.6,25.66666666666667,0.4736294240111034,0.009025797,2.1113553113553114,-0.8826549980168131,-0.8826549980168131,hard
4642,2015/2016,32,6,4,6.223604846783312,5.300134595738234,3,5,6.359547871637158,6.646825048384321,9,9,12.516159010756873,12.03587834371839,28,44,29.047956278208616,26.716587245211453,5.201923076923077,5.855769230769231,5.288461538461538,5.884615384615385,10.490384615384615,11.740384615384615,21.46153846153846,22.807692307692307,1,5.128539072458508,7.238325349391189,12.36686442184971,24.12954896267484,5.28477738588931,5.072607481552815,10.35738486744212,17.95740298923641,275.2,256.4,219.4,233.4,224.4,298.0,283.4,265.8,282.6,305.0,270.8,210.0,40.2,30.4,62.8,78.6,152.4,142.4,122.0,163.4,143.2,92.66666666666666,265.2,248.4,238.6,278.6,234.6,297.0,357.4,330.4,343.0,381.4,337.0,242.3333333333333,42.6,22.8,51.2,74.8,81.0,66.4,68.0,70.0,74.0,29.0,0.5115089514066496,0.9090376,1.9549999999999998,0.8137889931963376,0.8137889931963376,easy
4643,2015/2016,32,10,7,10.424426575568813,6.709793417445976,3,8,6.477787216702164,5.773205844584282,13,15,17.2936568276894,13.066585361468835,26,24,21.400790120179682,12.304355012681041,7.9423076923076925,7.4485981308411215,6.701923076923077,6.074766355140187,14.64423076923077,13.523364485981308,20.03846153846154,21.588785046728972,0,7.399214799332144,6.237310488226838,13.636525287559,20.34604593234704,6.234703220420039,5.492901668737336,11.72760488915737,17.05919001965866,260.0,250.6,227.6,283.4,226.4,314.3333333333333,318.8,280.2,312.0,373.8,277.6,240.3333333333333,46.6,30.4,51.8,75.2,82.4,66.2,66.2,69.4,74.0,24.33333333333333,247.0,213.6,199.6,252.2,202.8,292.3333333333333,277.0,270.4,300.0,275.0,267.6,220.6666666666667,42.2,30.6,57.0,73.6,153.8,125.0,122.4,146.2,133.8,65.33333333333333,0.6521739130434783,0.051404744,1.5333333333333332,-1.72721141576767,-1.72721141576767,hard
4644,2015/2016,32,5,7,8.565014481582274,5.545242023586153,3,2,4.291434648147569,5.368990874249067,8,9,13.130304390181383,10.96297329758138,19,20,27.310699315233407,19.554961508355003,5.798076923076923,6.010204081632653,5.3076923076923075,5.26530612244898,11.10576923076923,11.275510204081632,25.173076923076923,20.5,1,6.458128796093847,7.329574893702155,13.78770368979601,25.63401289293343,6.43181516969955,5.090349473137644,11.52216464283718,15.69456002937021,285.0,249.2,235.2,293.4,241.0,330.0,297.6,274.6,294.6,313.2,278.8,217.6666666666667,49.0,35.4,56.2,82.4,146.6,125.0,143.6,166.8,141.0,31.33333333333333,267.0,262.6,245.8,305.8,242.2,323.6666666666667,369.6,333.6,353.4,379.4,341.6,229.6666666666667,36.0,18.6,53.2,82.8,81.8,71.4,68.4,65.4,78.0,27.66666666666667,0.3911577369801424,0.5596478,2.5565134099616857,0.2767384457221398,0.2767384457221398,medium
4645,2015/2016,32,3,6,3.927283997871495,4.365519466937086,6,6,6.098532064331361,4.045493597797506,9,12,9.86479506289488,8.628231751750125,26,27,21.503459327932994,17.76578042385737,5.177242888402626,6.605769230769231,5.403719912472648,5.903846153846154,10.580962800875275,12.509615384615385,20.864332603938728,19.403846153846153,1,6.051373763565021,6.400444612835178,12.45181837640021,26.31558591647249,6.794813678542725,6.260265774562379,13.05507945310511,21.05124442596833,273.6,246.6,224.6,281.8,226.8,302.3333333333334,335.4,312.2,358.6,368.6,317.8,252.3333333333333,45.4,27.4,47.8,74.8,79.4,68.0,64.4,75.2,67.2,36.0,284.6,267.2,253.2,297.8,256.0,317.3333333333333,353.6,340.2,383.0,389.4,352.2,226.3333333333333,39.8,37.6,58.0,85.8,84.8,78.8,83.0,77.4,81.8,40.0,0.2171071327081557,0.9385712,4.606020942408377,0.9215361540633408,0.9215361540633408,easy
4646,2015/2016,32,4,5,6.626492239286783,3.9404687538059235,6,5,6.113254809058842,4.830366599805998,10,10,12.984694641879228,8.560852406527932,17,18,27.93953552922536,17.167545696265574,5.009708737864078,5.489583333333333,4.961165048543689,5.020833333333333,9.970873786407767,10.510416666666666,23.737864077669904,19.489583333333332,0,7.877176769601276,4.933895229139719,12.81107199874101,24.3529090465542,5.782293617783985,5.032788721038424,10.81508233882241,18.09858784266347,275.8,244.0,215.0,281.0,226.0,289.3333333333333,342.0,337.2,336.6,352.8,329.6,283.6666666666666,43.4,31.4,56.2,73.0,75.6,60.2,65.8,80.6,71.0,18.33333333333333,285.2,268.6,229.6,258.8,248.0,343.3333333333333,371.2,343.2,392.6,367.8,359.8,297.0,45.8,24.4,57.0,82.8,77.6,73.6,65.8,70.6,75.8,33.66666666666666,0.3245033112582781,0.7804466,3.081632653061225,0.6749748523328818,0.6749748523328818,medium
4647,2015/2016,32,9,1,7.8779149895679055,3.6827078062376724,8,1,7.604572448931323,4.6132246648883175,17,2,15.680210831928159,7.911699838244705,22,13,24.659115802232986,16.101467442604637,5.00990099009901,4.783505154639175,5.02970297029703,4.628865979381444,10.03960396039604,9.412371134020619,18.207920792079207,20.195876288659793,0,8.713737817809644,6.415313020670466,15.12905083848013,29.48276890178806,4.799885341375321,3.130521379789045,7.930406721164361,15.06516864738658,309.6,276.6,276.2,290.0,261.4,328.6666666666667,358.6,334.2,376.8,366.4,353.2,245.0,39.0,27.6,64.2,81.2,78.6,69.4,72.6,73.2,76.0,38.33333333333334,272.2,248.2,241.2,269.4,223.0,317.3333333333333,355.6,344.0,370.6,382.4,328.0,280.6666666666667,42.2,28.8,41.6,77.0,79.8,67.8,57.4,78.8,70.4,29.0,0.4773074961754207,0.68063176,2.09508547008547,0.3889940244395559,0.3889940244395559,medium
4648,2015/2016,32,8,4,8.353175406626208,4.8110887727844585,3,4,7.678367729570557,4.620260485422425,11,8,15.814002278795279,8.48793263707234,15,27,28.856935615907357,20.3449672991008,5.391752577319588,5.425742574257426,5.360824742268041,5.03960396039604,10.75257731958763,10.465346534653465,24.31958762886598,21.237623762376238,0,6.119531721525197,7.337188839760275,13.45672056128549,25.77106860864179,5.04221297184496,5.372973104109555,10.41518607595451,16.41762323332404,289.0,239.0,238.8,289.8,230.4,290.0,362.8,331.6,368.4,374.0,345.0,243.3333333333333,39.8,25.2,48.8,73.8,82.8,68.6,58.4,66.0,74.0,43.66666666666666,250.6,216.2,202.8,259.2,196.4,296.3333333333334,222.6,211.8,201.0,202.0,208.4,208.6666666666667,38.4,29.6,52.8,78.4,208.0,182.4,194.8,236.8,194.4,134.6666666666667,0.674237047551455,0.12364671,1.483157894736842,-1.6901563452090058,-1.6901563452090058,hard
4649,2015/2016,33,0,4,3.973263805322276,3.228148241526619,6,5,5.771722794589417,4.175066787146389,6,9,9.932751260675001,6.793711350843402,17,21,20.672318860028696,15.02000236081925,6.233644859813084,5.698193411264612,5.700934579439252,5.401700318809778,11.934579439252337,11.09989373007439,21.738317757009344,21.021253985122208,0,8.599062999404417,8.286722373069678,16.88578537247411,26.40918729791373,3.010246070509831,4.299659493471276,7.309905563981098,16.73210902396457,267.0,262.6,245.8,305.8,242.2,323.6666666666667,358.8,359.0,394.2,400.6,352.8,249.6666666666667,36.0,18.6,53.2,82.8,81.8,71.4,68.4,65.4,78.0,27.66666666666667,246.8,217.2,206.8,238.0,211.6,280.0,218.6,202.2,197.6,212.4,174.8,211.6666666666667,40.4,32.4,55.6,73.6,217.4,197.4,215.2,230.2,214.2,118.3333333333333,0.8341511285574091,0.09228519,1.1988235294117648,-4.473144194210419,-4.473144194210419,hard
4650,2015/2016,33,5,6,6.862414901839365,4.066693867907755,2,6,5.700680333845233,3.4961656024517476,7,12,12.813842821607818,7.42873458542946,32,20,28.43451061706346,16.656789607937508,5.411764705882353,5.156013001083424,5.029411764705882,5.409534127843988,10.441176470588236,10.565547128927411,21.294117647058822,20.91440953412784,1,6.802290146400662,6.537043064109968,13.33933321051063,28.10913688130074,5.132381054815007,4.79450872265327,9.926889777468269,16.06936377339336,285.8,264.2,242.2,289.8,250.0,334.0,363.6,346.8,401.2,394.0,368.4,250.3333333333333,45.8,24.4,57.0,82.8,73.2,63.6,73.2,80.0,69.4,26.33333333333333,275.2,257.2,219.4,234.0,224.4,301.3333333333334,347.0,313.8,339.8,384.0,320.2,256.0,41.4,30.4,61.6,79.8,76.2,74.0,59.8,84.2,70.0,56.0,0.4245799853907962,0.3770095,2.355268817204301,-0.08267087203969818,-0.08267087203969818,medium
4651,2015/2016,33,5,2,11.193232127423531,2.332754616866719,6,8,8.275531810622489,3.3488330613231847,11,10,19.845269538146752,5.481847199553524,22,21,27.070773943305102,11.095991725579541,7.961904761904762,5.0,6.666666666666667,4.971153846153846,14.628571428571428,9.971153846153847,20.095238095238095,23.673076923076923,1,7.512191050871949,8.055392746406646,15.5675837972786,27.8046563208229,5.026545344494112,4.167353801395933,9.193899145890041,14.98863586895572,267.0,252.8,253.4,282.4,246.8,302.0,366.6,343.8,376.6,386.8,368.8,197.3333333333333,39.8,37.6,58.0,85.8,63.4,59.4,63.2,76.8,59.2,20.66666666666667,249.0,210.6,224.8,255.0,199.6,291.3333333333333,278.6,263.4,272.0,281.0,257.0,221.6666666666667,43.4,37.2,52.0,74.2,136.4,117.2,123.6,161.8,129.0,50.66666666666667,0.5828476269775187,0.769594,1.715714285714286,0.44766948192181477,0.44766948192181477,medium
4652,2015/2016,33,5,3,9.655407845134029,0.6585168246973737,6,5,9.937453587991357,1.5176350049143448,11,8,20.00881451939091,1.3741151965990717,18,33,32.26797131553121,12.251818548976676,6.320388349514563,4.744897959183674,6.0,4.591836734693878,12.320388349514563,9.33673469387755,24.980582524271846,20.122448979591837,1,9.631646294098392,8.756148751563206,18.38779504566161,23.50941524707262,4.257778201142182,3.108529314384397,7.366307515526568,15.3601234640493,263.2,234.2,231.2,269.0,235.0,308.6666666666666,375.2,337.6,350.8,377.2,335.0,304.6666666666666,38.6,22.2,60.6,67.6,75.0,57.8,54.6,61.8,69.2,17.0,301.2,271.8,274.6,285.8,254.4,327.6666666666667,358.6,334.2,376.8,366.4,353.2,245.0,39.0,27.6,64.2,81.2,78.6,69.4,72.6,73.2,76.0,38.33333333333334,0.2162162162162162,0.9795614,4.625,0.9739231508353661,0.9739231508353661,easy
4653,2015/2016,33,7,3,5.56082514197045,5.415809814859244,11,3,6.373629502007457,4.5648985258051225,18,6,11.905544318664273,10.231945668153358,33,21,27.919624285335956,24.16361248998279,5.838095238095238,6.6,5.876190476190477,5.904761904761905,11.714285714285714,12.504761904761905,23.00952380952381,19.476190476190474,1,5.765307146570529,7.386565992917408,13.15187313948794,28.76628768551165,5.767765965587406,5.556223213891249,11.32398917947864,21.63970783424935,272.2,248.2,241.2,269.4,223.0,317.3333333333333,351.6,332.4,353.8,368.2,317.4,286.0,42.2,28.8,41.6,77.0,79.8,67.8,57.4,78.8,70.4,29.0,270.4,246.0,223.8,264.4,220.0,309.6666666666666,355.0,331.0,347.4,359.2,327.8,264.6666666666667,37.2,24.4,53.0,75.8,76.6,66.2,64.2,67.0,74.8,22.33333333333333,0.7151112395261485,0.9645283,1.3983838383838383,0.8754893744451279,0.8754893744451279,easy
4654,2015/2016,33,5,8,6.285318044813227,4.764093543681368,11,6,7.400986599422367,4.217917690452261,16,14,13.802847366141936,8.35631146736338,12,23,27.13316959274985,19.528295134748326,5.049019607843137,5.20952380952381,5.0588235294117645,5.266666666666667,10.107843137254902,10.476190476190476,18.245098039215687,21.523809523809526,0,4.879450260619176,4.792445553487668,9.671895814106854,23.30724238042995,6.61061233338544,4.297775024487224,10.90838735787266,16.04135796124989,250.6,257.8,212.6,249.0,224.4,317.3333333333333,365.2,337.2,360.2,358.6,340.8,266.0,42.6,31.6,51.2,73.8,71.0,56.6,67.6,65.6,71.4,18.66666666666667,271.4,231.8,215.6,269.4,207.6,321.3333333333334,295.6,266.8,278.4,299.0,271.0,217.6666666666667,39.8,25.2,48.8,73.8,155.8,131.2,121.2,139.0,143.2,66.66666666666666,0.2777678090794904,0.031959593,3.6001291989664086,-0.34034513951828754,-0.34034513951828754,medium
4655,2015/2016,33,8,5,6.157446954228677,7.27004991110258,2,8,5.64215811883532,6.7797251383035295,10,13,12.143146136347944,14.512683374391848,14,33,17.78694796359823,23.976644561641955,5.484536082474227,6.243421052631578,5.020618556701031,5.552631578947367,10.505154639175258,11.796052631578945,19.47422680412371,21.546052631578945,1,7.608630947468729,6.815322357951262,14.42395330542,23.04371348483771,6.151225603839372,6.140590506834206,12.29181611067357,15.25111025728808,254.6,225.0,216.8,251.0,199.2,298.6666666666667,208.0,210.0,193.6,210.6,195.2,214.6666666666667,44.2,21.0,56.2,71.4,219.0,184.6,209.8,241.2,204.4,128.6666666666666,285.0,249.2,235.2,293.0,241.0,329.6666666666666,297.6,274.6,294.6,313.2,278.8,217.6666666666667,49.0,35.4,56.2,82.4,146.6,125.0,143.6,166.8,141.0,31.33333333333333,0.1616886367428667,0.9294781,6.184726522187821,0.9158762552816966,0.9158762552816966,easy
4656,2015/2016,33,7,2,10.16625040635012,3.93336913454987,6,4,8.920250596443214,1.7135509348791582,13,6,19.942324869205926,4.92910641886452,16,22,24.435339333633117,17.763510911473045,7.444444444444445,5.79047619047619,6.092592592592593,5.285714285714286,13.537037037037036,11.076190476190476,21.61111111111111,25.114285714285714,1,5.90833514168349,4.831959245062569,10.74029438674606,19.93922662010138,4.39841627652384,4.87105024477289,9.269466521296723,17.32528975377273,244.6,208.4,208.0,239.0,203.2,300.3333333333333,283.0,260.8,286.0,279.6,267.8,212.3333333333333,42.2,30.6,57.0,73.6,153.8,125.0,122.4,146.2,133.8,65.33333333333333,233.4,226.4,202.6,251.0,209.8,275.6666666666666,343.0,298.0,333.0,364.6,334.8,213.6666666666667,37.6,34.2,50.6,73.4,77.6,63.0,64.6,71.0,68.4,30.66666666666667,0.4760271035251737,0.9527742,2.100720720720721,0.9098698164499964,0.9098698164499964,easy
4657,2015/2016,33,6,7,6.617767514744985,7.341164894090177,5,4,4.541063160666917,4.181929774218771,11,11,10.875400164914751,11.399123701648922,20,28,23.541588084443877,22.415113098335674,5.580962800875274,6.02020202020202,5.147702407002188,5.232323232323233,10.728665207877462,11.252525252525253,20.401531728665205,20.494949494949495,0,4.443755288668116,4.855344975004092,9.299100263672207,24.50561422973254,6.563056818470371,6.024873500294935,12.5879303187653,18.63341134509308,239.6,240.8,190.4,221.4,219.0,305.6666666666667,361.6,329.0,323.8,339.6,319.8,305.3333333333334,41.0,27.0,53.0,78.6,76.2,60.4,59.2,69.2,71.2,20.33333333333333,244.0,235.2,211.8,270.2,206.2,297.3333333333333,176.6,167.4,180.0,207.0,154.2,178.0,40.0,22.6,50.2,72.6,205.8,169.4,182.8,219.6,184.6,105.0,0.4054054054054055,0.023252882,2.4666666666666663,-0.6427110467444769,-0.6427110467444769,hard
4658,2015/2016,33,11,4,6.487878921889468,5.495834808337149,6,2,6.242292679772456,4.6113955879862125,17,6,12.062000170120072,8.873853158218719,31,23,22.45600190183491,15.709398140582334,5.418367346938775,6.074193548387096,5.336734693877551,5.551612903225806,10.755102040816327,11.6258064516129,24.224489795918366,20.983870967741936,0,4.90669838876964,6.110095264082381,11.01679365285204,23.95875578369657,6.463244745258356,5.917140981852543,12.38038572711089,18.92520891460205,277.2,261.2,236.4,278.4,241.8,295.6666666666666,218.8,200.6,194.6,211.4,169.8,207.3333333333333,45.6,31.0,53.8,75.6,217.8,185.4,201.4,218.8,194.8,124.3333333333333,269.8,239.2,222.0,270.2,219.4,294.0,297.4,262.2,274.2,294.4,271.0,253.0,41.4,31.0,42.6,73.8,149.4,119.6,123.0,142.4,136.6,59.66666666666667,0.5133945804060835,0.18796116,1.9478195488721803,-0.6687829731552067,-0.6687829731552067,hard
4659,2015/2016,34,9,2,8.442813208602523,5.034028342273485,9,3,5.611896419350967,3.5777687382160477,18,5,13.807112467394258,8.48237675117781,42,20,25.710991962074168,25.211176829102353,6.054313099041533,5.407766990291262,5.517571884984025,5.0,11.571884984025557,10.407766990291263,21.003194888178914,21.398058252427184,0,10.28760439142725,6.335139542559902,16.62274393398716,28.46828479130079,3.840968463909086,4.097204480915649,7.938172944824727,19.11442112207203,248.0,208.8,212.2,254.0,197.2,274.6666666666667,342.0,315.8,329.6,370.6,298.6,239.0,47.6,30.2,47.6,73.6,67.8,59.2,55.4,79.8,60.4,25.0,264.4,223.2,197.0,250.6,204.8,279.3333333333333,335.0,298.4,327.4,363.2,311.8,238.3333333333333,41.8,26.4,52.8,75.6,68.0,63.8,57.0,78.8,61.8,37.0,0.4428364688856729,0.041581772,2.258169934640523,-0.7201740316949882,-0.7201740316949882,hard
4660,2015/2016,34,11,9,4.551649079920317,6.843230378237465,4,9,4.018289267183318,4.712587840900697,15,18,8.988570375268967,10.369278646578774,24,14,17.83579639646662,11.69393493960515,5.682105263157895,7.933962264150943,5.3978947368421055,6.660377358490566,11.08,14.59433962264151,21.021052631578947,20.11320754716981,0,5.720734030725354,7.50838603861077,13.22912006933613,24.95203904940507,4.866167457631371,6.521760175306941,11.38792763293831,18.29566802576344,287.8,265.0,236.0,277.4,243.0,327.3333333333333,362.6,346.8,396.0,395.4,368.6,251.3333333333333,47.4,25.0,57.0,82.8,77.6,73.8,65.8,74.8,76.2,33.66666666666666,268.4,238.0,217.8,248.8,216.2,300.3333333333334,352.6,331.6,361.8,378.4,328.4,244.0,43.2,29.0,52.0,73.0,74.4,58.2,64.2,70.0,65.8,25.66666666666667,0.7165190203230849,0.04202636,1.3956363636363638,-2.379322502871646,-2.379322502871646,hard
4661,2015/2016,34,7,6,5.69059625035018,8.25376915657132,6,2,5.5777452560270255,6.307656341056555,13,8,11.89046521372493,15.118772955183758,26,8,26.543816378748925,19.52381501565031,6.231270358306188,6.3076923076923075,5.576547231270357,6.0,11.807817589576546,12.307692307692308,21.65798045602606,24.91346153846154,0,6.497303324961496,5.717265742135235,12.21456906709675,18.52369779627368,5.47803707735945,6.637874194220412,12.11591127157985,18.5374578636767,298.4,269.8,264.2,279.2,253.6,321.0,362.6,338.2,386.8,411.2,358.4,251.3333333333333,42.2,29.4,51.4,81.0,76.0,67.4,79.0,87.6,79.4,23.33333333333333,268.4,222.8,216.0,262.0,213.2,292.3333333333333,353.6,322.2,342.0,345.6,325.2,272.3333333333334,45.8,30.8,56.8,72.0,77.4,60.2,57.2,70.2,60.2,25.66666666666667,0.8130081300813008,0.031456996,1.23,-4.179599495847588,-4.179599495847588,hard
4662,2015/2016,34,4,5,7.467617443876046,6.043542779962118,3,9,4.673378739546385,5.450170884355685,7,14,11.86680834597405,11.95482846996137,8,32,29.773337471255495,25.983066885777983,6.03,5.849056603773585,5.22,5.9245283018867925,11.25,11.773584905660377,20.57,23.10377358490566,0,9.026796613210735,6.504321267956199,15.53111788116696,24.03034145158653,3.805166218683387,4.002838548926746,7.80800476761012,18.95981719325211,285.0,242.8,244.4,283.4,238.8,299.6666666666667,361.6,335.0,355.2,389.2,327.8,300.6666666666667,43.6,30.0,53.0,77.2,75.0,57.4,51.6,62.2,67.4,24.33333333333333,263.4,251.6,240.2,302.4,234.8,307.3333333333334,366.2,352.6,374.8,403.4,339.2,273.6666666666666,36.2,28.2,56.4,81.4,67.2,62.4,74.2,87.2,72.2,32.0,0.1630716134598792,0.08760867,6.132275132275133,-0.09016654035172508,-0.09016654035172508,medium
4663,2015/2016,34,0,4,5.916445947574324,5.620522880116745,4,11,6.771180689122194,7.345618028030892,4,15,12.322048405463484,12.38928020319679,13,34,28.010418436801586,23.446975044496487,5.235849056603773,5.474747474747475,5.273584905660377,5.343434343434343,10.50943396226415,10.818181818181818,21.537735849056602,24.292929292929294,0,5.789204971598682,7.385627197965511,13.17483216956421,25.62649785739991,5.2181786577525,4.965781962678292,10.18396062043078,18.78318481263055,247.8,235.8,224.0,281.8,215.2,290.6666666666666,341.8,324.0,361.8,375.2,314.6,263.3333333333333,42.4,27.4,42.8,77.6,77.4,60.2,59.0,58.0,70.6,29.66666666666667,276.0,244.4,234.4,280.8,236.6,263.6666666666667,343.2,318.2,348.8,374.6,318.8,262.6666666666667,47.2,27.2,50.8,75.2,79.8,67.6,64.8,75.0,69.6,35.0,0.4765957446808511,0.111422785,2.0982142857142856,-0.6976881824978969,-0.6976881824978969,hard
4664,2015/2016,34,4,2,5.071283190781306,3.193352944789181,7,5,4.617291312659408,3.807179930782361,11,7,9.538026121372086,6.853154674653893,41,14,21.649677877496117,19.145986935236113,5.754716981132075,6.175925925925926,5.273584905660377,5.703703703703703,11.028301886792454,11.87962962962963,25.08490566037736,21.694444444444443,1,7.122644179288789,7.540020707327843,14.66266488661664,25.49123635690719,5.154294738029321,4.220430716497894,9.374725454527209,14.99973844984992,253.2,229.8,209.2,267.6,205.2,299.3333333333333,361.6,329.6,343.0,367.0,340.8,283.6666666666666,41.6,31.6,52.6,76.4,76.2,63.2,61.6,63.4,73.4,34.33333333333334,261.6,253.2,245.0,292.0,230.8,309.6666666666666,369.4,356.8,398.6,391.4,354.4,256.0,44.6,25.4,52.0,74.8,85.4,75.4,83.6,78.2,82.6,40.0,0.270935960591133,0.8574413,3.690909090909091,0.8044634131160943,0.8044634131160943,easy
4665,2015/2016,34,4,4,6.980607306670869,4.611390843069444,5,8,6.377476112006509,5.555565007460663,9,12,13.438863139975025,10.00727458382704,8,19,25.930809270287696,16.624686413646334,6.566037735849057,5.510204081632653,5.877358490566038,4.989795918367347,12.443396226415095,10.5,19.49056603773585,19.418367346938776,1,6.161986887883064,5.048238786932185,11.21022567481525,21.60154407967567,4.337485999622439,5.626093059934433,9.963579059556869,15.39477453362012,306.2,274.4,269.2,288.6,256.8,312.0,289.6,277.2,276.8,275.2,258.8,268.6666666666667,41.2,29.6,64.2,81.0,75.8,67.2,71.4,73.4,73.8,38.33333333333334,278.4,252.4,230.0,291.6,240.0,306.3333333333333,366.8,335.4,352.0,350.0,342.8,294.0,44.4,28.8,55.6,78.6,78.6,65.0,67.8,70.2,73.2,25.0,0.4883720930232558,0.91045415,2.047619047619048,0.8249785737557845,0.8249785737557845,easy
4666,2015/2016,34,10,0,5.606892736597813,4.0456260193990445,7,5,6.381388276643397,5.0931400661376305,17,5,12.315393172762823,9.325721847654307,38,8,24.7257020965419,12.333349383157836,5.164163090128755,5.048543689320389,5.415236051502147,5.116504854368932,10.579399141630901,10.16504854368932,20.90557939914163,18.184466019417474,0,6.580626329155655,6.042962755065813,12.62358908422148,26.82554270072016,5.74417104317744,4.431820343005905,10.17599138618334,19.74627358244191,263.4,251.6,240.2,302.4,234.8,307.3333333333334,358.0,354.8,387.2,397.6,352.0,255.6666666666666,36.2,28.2,56.4,81.4,67.2,62.4,74.2,87.2,72.2,32.0,264.6,261.6,241.2,272.6,229.2,296.0,297.8,278.8,298.0,293.2,279.8,224.3333333333333,43.0,29.6,55.4,71.6,145.8,119.2,112.4,143.2,142.2,54.0,0.7561436672967865,0.019620115,1.3224999999999998,-3.0203174958366543,-3.0203174958366543,hard
4667,2015/2016,34,3,5,3.709394177339785,7.064011124252218,9,12,4.350649443316701,6.030252405298771,12,17,7.67413724931973,12.54904001957315,27,18,24.171452431789696,19.703142747428537,4.9714285714285715,7.440366972477064,5.0,6.091743119266055,9.971428571428572,13.53211009174312,23.64761904761905,21.559633027522935,0,7.578090019030776,5.192946786491488,12.77103680552228,20.69711633022153,7.136483028260069,6.238771112688458,13.37525414094853,18.04137330293764,255.2,225.0,218.4,235.2,216.8,297.3333333333334,352.6,331.6,361.8,378.4,328.4,244.0,43.2,29.0,52.0,73.0,74.2,59.2,67.4,81.6,61.0,27.0,298.4,269.8,264.2,279.2,253.6,321.0,295.2,278.6,314.4,321.4,293.2,209.3333333333333,42.2,29.4,51.4,81.0,161.4,134.4,142.8,160.8,150.6,55.0,0.1784778238632026,0.038004998,5.602936983176505,-0.17099091234636116,-0.17099091234636116,medium
4668,2015/2016,34,6,5,5.4322459503050755,4.8102790147811945,8,4,4.695721743679776,4.489881734073359,14,9,10.093886278477072,8.57987680701638,34,8,27.709654510509075,18.975410755318816,4.7272727272727275,5.585048754062839,4.595959595959596,5.14626218851571,9.323232323232324,10.73131094257855,20.252525252525253,20.397616468039,0,8.991602156331107,6.009516957152682,15.0011191134838,24.64249653842378,5.895760219029547,5.311607344825028,11.20736756385457,20.39451337187159,264.6,235.2,209.4,278.6,225.6,298.6666666666667,214.6,206.2,212.6,202.0,195.6,235.3333333333333,44.4,28.8,55.6,78.6,229.2,185.8,200.6,217.0,208.8,109.3333333333333,280.4,266.2,233.4,258.2,245.8,327.3333333333333,370.2,349.4,387.6,367.4,368.8,276.6666666666667,41.8,30.6,56.6,80.2,77.6,73.8,65.8,74.8,76.2,33.66666666666666,0.2432432432432433,0.010938896,4.11111111111111,-0.3069736060819457,-0.3069736060819457,medium
4669,2015/2016,35,9,6,4.421283680433833,3.258842405212534,6,8,4.6681131497438155,6.072737303279884,15,14,8.645650585846022,9.4533869142634,21,27,22.721527231493724,28.431347852899243,6.137614678899083,5.841121495327103,5.697247706422019,5.953271028037383,11.8348623853211,11.794392523364486,21.623853211009173,23.186915887850468,0,6.258836145780258,5.913939071187393,12.17277521696766,25.99841373802915,4.957489388561495,5.741481788185779,10.69897117674728,16.95650349856786,264.4,223.2,197.0,250.6,204.8,279.3333333333333,275.0,249.2,272.8,288.8,252.2,184.6666666666667,41.8,26.4,52.8,75.6,144.6,128.6,119.8,160.6,135.6,72.66666666666666,284.4,256.6,243.6,280.4,256.4,296.6666666666666,320.0,307.0,345.2,365.6,299.2,221.6666666666667,45.6,31.0,53.8,75.6,74.4,58.0,64.4,76.0,73.0,34.33333333333334,0.5127043318187702,0.045133725,1.9504418783679758,-0.9595213854354913,-0.9595213854354913,hard
4670,2015/2016,35,5,4,8.14363579532435,5.115458472219054,6,8,3.946340044629353,6.27033050715508,11,12,12.215049120093838,11.569290461304437,32,17,18.006788783706362,17.180991583556636,5.7320125130344115,6.238709677419354,5.3847758081334725,5.580645161290322,11.116788321167885,11.819354838709675,21.049009384775808,21.7,0,3.949593847055477,4.367014280486983,8.316608127542462,23.29502769539895,7.632723199718351,7.199909559009333,14.83263275872767,21.65428103739163,261.6,253.2,245.0,292.0,230.8,309.6666666666666,368.0,356.4,401.2,382.8,362.2,248.3333333333333,42.4,31.6,57.0,85.0,78.4,75.2,65.0,62.8,74.4,71.33333333333333,249.8,220.8,197.4,268.2,208.8,298.0,219.6,214.2,215.6,217.2,197.2,218.6666666666667,48.2,28.6,51.6,77.8,230.4,187.2,201.0,229.2,218.8,82.0,0.4877741700351202,0.014643007,2.0501290585518275,-0.923676886676267,-0.923676886676267,hard
4671,2015/2016,35,10,7,7.3671888265482455,7.182607137465473,11,2,5.499448525240178,4.155315355527241,21,9,12.592534560370337,11.21031608166587,38,15,30.277386649969863,21.773998571120412,5.375,6.00990099009901,4.980769230769231,5.198019801980198,10.35576923076923,11.207920792079207,21.384615384615383,20.445544554455445,0,6.579879492831479,5.430827199856214,12.0107066926877,27.72183121173796,6.458267203047179,5.683442925160588,12.14171012820776,16.55578198930363,260.8,240.4,222.2,280.0,223.8,268.3333333333334,335.4,311.4,346.2,385.4,313.2,239.3333333333333,47.2,27.2,50.8,75.2,79.8,67.6,64.8,75.0,69.6,35.0,247.4,204.8,210.0,254.0,196.8,272.3333333333334,329.2,287.0,315.4,374.8,286.4,224.3333333333333,47.6,30.2,47.6,73.6,67.8,59.2,55.4,79.8,60.4,25.0,0.407185628742515,0.025134614,2.455882352941176,-0.6444698876014564,-0.6444698876014564,hard
4672,2015/2016,35,8,5,5.509311533614373,4.415458250687445,6,3,6.467538207780834,7.2467543159368315,14,8,11.46387605742692,11.594070906522516,14,28,23.01361115950767,23.72098697445298,5.186915887850467,5.494949494949495,5.261682242990654,5.02020202020202,10.448598130841122,10.515151515151516,21.457943925233646,19.414141414141415,1,6.992250515634867,6.416017887932044,13.40826840356691,19.97459737437693,5.634644290713839,4.184312138452208,9.818956429166043,20.83745115584237,269.8,239.2,222.0,270.2,219.4,294.0,359.2,320.0,354.8,359.8,349.8,211.0,41.4,31.0,42.6,73.8,77.6,61.4,64.8,82.4,71.2,24.33333333333333,299.6,271.2,268.4,286.6,251.2,312.0,274.6,250.0,262.8,272.0,250.6,212.3333333333333,41.2,29.6,64.2,81.0,75.8,67.2,71.4,73.4,73.8,38.33333333333334,0.2260760349741558,0.86957777,4.423290598290599,0.8314792661435907,0.8314792661435907,easy
4673,2015/2016,35,7,1,10.611345417009375,3.3120466844698426,3,3,8.448831677469784,4.330209550088211,10,4,19.654221524675656,8.075871579134411,29,18,24.71854640897665,15.562653038252206,7.94392523364486,6.542056074766355,6.682242990654205,5.869158878504673,14.626168224299066,12.411214953271028,20.05607476635514,19.38317757009346,0,6.206567514122661,6.780942633312382,12.98751014743505,25.74184293985519,5.728770691886037,5.273474091776227,11.00224478366226,19.56262039552971,260.6,210.8,199.6,268.4,204.6,267.6666666666666,353.6,322.2,342.0,345.6,325.2,272.3333333333334,45.8,30.8,56.8,72.0,77.4,60.2,57.2,70.2,60.2,25.66666666666667,253.2,229.8,209.2,267.6,205.2,299.3333333333333,361.6,329.6,343.0,367.0,340.8,283.6666666666666,41.6,31.6,52.6,76.4,76.2,63.2,61.6,63.4,73.4,34.33333333333334,0.356020942408377,0.340177,2.8088235294117645,-0.024603195791322106,-0.024603195791322106,medium
4674,2015/2016,35,4,3,5.152238988380744,2.2717754645231842,3,10,8.629330122904598,3.404802468702235,7,13,13.095068740090788,6.4086296346500395,15,15,24.52964824002757,17.256058303423522,6.304761904761905,4.952830188679245,5.961904761904762,5.037735849056604,12.266666666666667,9.99056603773585,24.752380952380953,23.67924528301887,1,10.10779693106466,9.485995961739398,19.59379289280407,26.41841466193038,4.192063032476448,3.003624391231366,7.195687423707809,15.95366685765613,242.2,223.6,219.6,259.6,205.6,283.3333333333333,344.2,310.8,322.8,352.0,305.6,240.0,47.6,30.2,47.6,73.6,67.8,59.2,55.4,79.8,60.4,25.0,271.0,233.4,206.4,268.2,212.0,293.3333333333333,359.2,320.0,354.8,359.8,349.8,211.0,41.4,31.0,42.6,73.8,77.6,61.4,64.8,82.4,71.2,24.33333333333333,0.5766710353866318,0.95539534,1.734090909090909,0.8946335762277845,0.8946335762277845,easy
4675,2015/2016,35,9,8,6.070567750889127,2.9172871789780217,6,2,6.426953135257387,3.462921396808441,15,10,13.055396278124393,5.969137266256192,28,13,30.767230471353656,14.33196644943758,5.210414452709884,5.579399141630902,5.430393198724762,5.135193133047211,10.640807651434645,10.714592274678113,21.06907545164718,20.27789699570815,1,7.643592201880106,6.624832132584526,14.26842433446465,26.44628269082055,5.50306945555086,4.697777491269925,10.20084694682078,20.03010036642098,248.0,229.4,222.6,266.0,204.8,289.0,350.4,326.8,353.6,367.8,314.2,273.6666666666666,42.4,27.4,42.8,77.6,77.4,60.2,59.0,58.0,70.6,29.66666666666667,278.0,257.4,241.2,287.4,239.8,312.0,379.6,349.0,395.6,379.8,365.2,241.3333333333333,42.4,31.6,57.0,85.0,69.2,52.8,60.4,79.8,63.0,23.33333333333333,0.3145253526496378,0.9265119,3.179393939393939,0.8927923643151432,0.8927923643151432,easy
4676,2015/2016,35,5,14,5.37328301795532,7.095686383769615,6,6,5.811731706207251,4.988885269177871,11,20,10.884678175399717,12.133284677276215,27,29,17.182422045060548,19.878414337560304,5.0,6.082278481012657,5.115384615384615,5.5506329113924044,10.115384615384615,11.632911392405061,18.08653846153846,21.20253164556962,0,5.597423643027456,5.563197392618635,11.16062103564609,26.59619429861278,6.543887718088712,4.730655207892596,11.2745429259813,16.29208480609865,275.8,270.8,257.0,277.8,241.8,299.0,359.0,336.8,376.2,375.0,347.0,246.6666666666667,43.0,29.6,55.4,71.6,78.2,70.2,63.4,71.0,69.6,52.66666666666666,264.4,223.2,197.0,250.6,204.8,279.3333333333333,282.4,254.6,264.8,290.0,249.2,228.3333333333333,41.8,26.4,52.8,75.6,144.6,128.6,119.8,160.6,135.6,72.66666666666666,0.3893129770992367,0.028880741,2.568627450980392,-0.5902078025043012,-0.5902078025043012,hard
4677,2015/2016,35,7,6,10.96665071584756,1.4606444847038507,12,8,9.602897911457324,3.9552734061716075,19,14,20.44717461074559,4.95620523686283,26,27,24.69972457722875,20.16308071103124,7.418181818181818,4.74,6.1454545454545455,4.63,13.563636363636364,9.37,21.527272727272727,20.39,0,8.320216203106565,8.129781217377094,16.44999742048368,28.22040842755359,3.180317131374617,3.249577631797504,6.429894763172114,15.49989145907115,299.6,271.2,268.4,286.6,251.2,312.0,276.6,242.2,272.2,278.2,260.6,170.6666666666667,41.2,29.6,64.2,81.0,75.8,67.2,71.4,73.4,73.8,38.33333333333334,259.4,230.2,217.8,225.0,217.4,294.6666666666667,352.6,331.6,361.8,378.4,328.4,244.0,43.2,29.0,52.0,73.0,74.2,59.2,67.4,81.6,61.0,27.0,0.4864864864864865,0.9184039,2.0555555555555554,0.8411023773645099,0.8411023773645099,easy
4678,2015/2016,35,6,1,6.767433884463991,3.6746672929587505,13,1,7.745015563706549,2.8809845793658955,19,2,14.70706119499247,5.629041450761999,30,15,21.14684352028979,22.96410415693952,5.46,5.738317757009346,5.4,5.289719626168225,10.86,11.02803738317757,24.39,25.233644859813083,1,3.413644090202663,4.338896523996706,7.75254061419938,19.94999519007769,5.208480719969667,5.333056089435407,10.54153680940507,19.04322459454514,272.2,230.8,197.0,248.6,207.2,287.6666666666667,269.8,249.4,273.0,297.2,254.2,182.3333333333333,40.2,29.8,53.8,77.6,145.4,136.0,120.8,160.6,137.8,74.66666666666666,252.0,255.2,235.0,270.8,229.6,328.3333333333333,363.2,358.8,391.8,388.8,367.6,255.3333333333333,36.0,18.6,53.2,81.4,67.2,63.6,74.2,86.8,72.2,32.0,0.2162162162162162,0.9051407,4.625,0.878972614633626,0.878972614633626,easy
4679,2015/2016,36,7,6,7.247896861802333,4.308005513635637,6,6,5.847844926044434,4.052512711579332,13,12,13.185962287390776,8.805225106120899,20,21,26.37332732977923,21.268773236452816,6.1567398119122245,5.246315789473685,5.554858934169278,5.435789473684211,11.711598746081503,10.682105263157895,21.275862068965516,21.134736842105262,1,7.614785048966559,4.620709550050732,12.23549459901731,27.17949697254678,4.390264289810295,5.182618901470266,9.572883191280557,17.31273303914247,204.6,183.8,166.6,196.2,170.2,237.3333333333333,363.8,334.4,356.0,391.2,331.0,337.0,46.6,26.4,51.8,75.8,151.0,124.2,130.8,161.6,143.6,45.0,281.0,257.2,237.6,271.4,248.8,312.6666666666667,220.2,202.6,198.8,212.2,176.4,211.0,43.4,30.8,54.0,75.6,195.2,175.8,200.2,219.4,194.8,81.66666666666667,0.6361646262244228,0.47993127,1.5719201583635762,-0.42940679034754015,-0.42940679034754015,medium
4680,2015/2016,36,5,6,7.4279678212981235,8.760946538234654,7,8,6.891102797792929,7.3774794555437815,12,14,15.033558344605469,16.624266571157854,22,22,28.34592291024245,17.847605862031482,6.217252396166133,7.414414414414415,5.603833865814695,6.198198198198198,11.82108626198083,13.612612612612613,21.654952076677315,21.56756756756757,0,6.718234345438916,5.828662422356439,12.54689676779536,18.75435108837804,6.330579605773744,6.400885145369536,12.73146475114327,17.61567626138135,272.0,265.0,252.8,291.6,249.2,303.6666666666667,381.0,351.6,396.2,376.4,368.0,236.0,39.8,27.4,57.0,85.4,70.6,52.6,63.4,78.6,66.2,18.66666666666667,272.2,244.8,225.2,262.2,223.8,303.6666666666666,215.0,203.6,211.2,205.8,200.2,188.6666666666667,34.4,23.2,42.8,75.6,214.2,188.8,219.0,232.4,220.4,87.33333333333334,0.8097165991902834,0.022059642,1.235,-4.139388786192902,-4.139388786192902,hard
4681,2015/2016,36,4,6,4.931784332632085,6.486442380023764,3,9,5.896096634178379,5.940315513820889,7,15,10.895541073882384,12.97003605897871,15,20,17.43599486720474,23.28889891303913,6.019607843137255,5.725206611570249,5.166666666666667,5.390495867768595,11.186274509803921,11.115702479338843,20.392156862745097,21.15082644628099,1,7.810300324356848,7.079429217023347,14.8897295413802,26.88356337301883,3.955476496027083,4.783772257588924,8.739248753616003,16.14102056192964,270.6,229.6,213.4,270.6,221.0,294.6666666666666,359.4,336.8,360.8,385.6,327.6,283.6666666666666,41.6,26.8,53.2,78.2,75.0,57.8,54.6,61.8,69.2,17.0,289.0,269.0,238.2,275.8,245.6,338.0,360.8,345.6,400.8,389.2,375.2,244.0,38.8,29.0,56.6,80.2,78.4,67.0,65.2,79.8,74.6,22.66666666666667,0.1630716134598792,0.9575564,6.132275132275133,0.9492864931367108,0.9492864931367108,easy
4682,2015/2016,36,17,4,5.849717472926994,3.1625805239943747,6,11,6.115943013478552,4.641849572358266,23,15,12.179915959702225,7.266084845739447,44,21,33.66977340519816,16.261700865971843,5.694444444444445,5.212962962962963,5.25,5.268518518518518,10.944444444444445,10.481481481481481,25.13888888888889,21.38888888888889,0,7.055674671099444,7.862272564364952,14.91794723546441,24.13013302608618,5.640106364221043,4.010663060283539,9.650769424504578,17.51934138807167,277.8,257.2,256.2,279.0,238.0,320.3333333333334,356.2,335.8,373.0,381.2,338.6,275.3333333333333,37.2,24.4,43.0,78.6,77.8,65.0,60.0,58.0,71.6,28.33333333333333,255.2,237.4,219.6,267.4,211.8,313.3333333333334,370.8,349.6,363.6,347.0,355.6,320.0,38.4,29.6,52.8,78.4,77.4,64.2,62.8,66.2,74.4,35.33333333333334,0.478231748158071,0.038513537,2.0910364145658265,-0.8427461949398259,-0.8427461949398259,hard
4683,2015/2016,36,6,4,7.604670871632459,3.9219855027107093,2,3,4.953165102173163,5.1075208897760245,8,7,12.469270497932682,8.439170992302717,18,27,26.488587944848625,24.13187838782259,6.4907407407407405,5.419047619047619,5.842592592592593,5.038095238095238,12.333333333333334,10.457142857142857,19.37037037037037,21.542857142857144,1,6.992663379845965,6.160334283702774,13.15299766354875,25.07867857172636,3.767041222085248,4.743986312394227,8.511027534479465,17.62888800425781,262.4,260.8,235.6,260.0,234.4,312.6666666666667,355.6,348.2,385.6,359.8,355.2,252.0,40.8,30.2,55.6,78.0,78.6,71.2,64.4,70.6,70.8,53.66666666666666,243.0,224.6,225.6,258.2,209.0,297.0,348.4,329.0,337.8,350.6,319.0,254.3333333333333,42.2,29.2,47.8,74.6,71.4,67.2,63.0,82.6,65.6,28.0,0.3812824956672444,0.6185978,2.622727272727272,0.3835600385812817,0.3835600385812817,medium
4684,2015/2016,36,4,4,3.972772098950194,5.833457461261505,6,1,6.826565163849812,4.798391736726552,10,5,11.675562060184774,9.86767109864347,24,15,28.151538019356643,17.569516718866307,5.842592592592593,6.283018867924528,5.972222222222222,5.933962264150943,11.814814814814815,12.216981132075471,23.22222222222222,24.660377358490567,1,4.850430844661395,4.93836468468829,9.788795529349692,19.75006491937152,7.495758259737579,6.745348402892287,14.24110666262986,20.58769986889635,301.0,266.8,274.0,284.6,253.6,325.6666666666666,352.4,315.2,364.4,359.4,345.0,213.6666666666667,39.0,24.8,64.2,81.2,75.6,67.4,71.4,70.6,74.0,38.33333333333334,288.2,264.8,241.2,259.4,251.0,332.3333333333333,383.0,352.0,376.0,387.6,348.4,317.3333333333334,45.4,27.4,58.4,76.8,76.4,67.4,79.0,88.2,79.2,15.0,0.2323303457106274,0.8996436,4.304216037475888,0.8692713728460854,0.8692713728460854,easy
4685,2015/2016,36,4,6,7.894475391319632,2.457304455906091,7,5,7.670908607193864,5.101366163138003,11,11,16.370022613331578,7.184542979094436,16,23,29.64257651430607,10.476337755414193,4.934579439252336,5.0,5.08411214953271,5.123809523809523,10.018691588785046,10.123809523809523,23.598130841121495,18.17142857142857,0,5.200834045417321,4.969146009767656,10.16998005518499,29.06107426193535,4.954184798269099,5.239889463995954,10.19407426226505,18.59222544135383,259.6,218.4,204.0,263.6,210.2,292.6666666666666,360.4,322.4,343.0,341.0,332.6,246.3333333333333,42.2,30.6,57.0,73.0,71.4,58.0,63.0,73.0,64.0,39.0,256.6,224.8,222.4,234.0,220.8,310.6666666666666,376.0,336.6,368.4,377.4,343.0,240.0,37.2,27.8,51.2,75.2,67.6,50.8,61.8,80.4,65.2,15.33333333333333,0.3900114372855509,0.06324602,2.5640273704789833,-0.5356910620629788,-0.5356910620629788,hard
4686,2015/2016,36,9,5,4.3305810079682985,8.64322494265485,6,5,3.8751820247304565,6.006027152459133,15,10,8.376222046725923,13.96185930364577,16,15,18.0554135350175,19.429703008104717,5.49,7.935185185185185,5.0,6.648148148148148,10.49,14.583333333333334,19.5,20.13888888888889,1,6.577647506983625,7.711415070813211,14.28906257779684,25.04062902045786,5.568806446157327,4.703447618785217,10.27225406494253,15.29575352257845,254.8,243.8,225.6,241.2,238.0,281.3333333333334,352.4,333.4,338.2,351.4,335.4,294.6666666666666,40.6,33.0,50.4,72.6,76.2,60.4,59.2,70.4,71.2,20.33333333333333,260.8,219.2,197.4,268.4,203.4,293.6666666666666,366.4,341.4,361.6,359.0,340.4,283.6666666666667,42.6,32.4,55.8,79.6,78.8,65.2,68.0,69.8,73.0,29.0,0.3145253526496378,0.9290345,3.179393939393939,0.896472424235572,0.896472424235572,easy
4687,2015/2016,36,8,1,4.9234662009169305,5.571586366006078,8,5,5.306138134279994,4.532658491353061,16,6,10.633100007955832,10.735315904319581,38,17,21.299675505303917,23.233177590735835,5.602550478214666,6.163636363636364,5.105207226354942,5.7,10.707757704569607,11.863636363636363,20.20828905419766,21.618181818181817,1,5.747873831841279,5.87170736107381,11.6195811929151,21.09848727909932,5.516512147391639,4.303898530701741,9.820410678093376,20.39036099048073,265.0,242.0,223.4,270.8,215.2,312.6666666666666,355.0,326.0,360.8,371.6,339.8,238.3333333333333,48.2,26.6,51.2,77.2,70.8,61.8,61.0,72.6,68.6,23.0,281.6,251.8,225.6,276.0,236.6,302.0,348.4,334.6,354.6,364.6,326.8,299.0,45.4,27.4,50.0,74.8,80.0,69.0,66.0,75.0,71.0,36.0,0.4339106654512306,0.8760297,2.304621848739496,0.7810057137707389,0.7810057137707389,easy
4688,2015/2016,36,7,1,3.2983723050152447,5.991506992596547,7,3,6.063664675271324,7.583703951251556,14,4,8.987593918583798,13.379018894600517,20,16,23.324407869231308,22.479414634790682,4.752475247524752,5.465346534653466,4.663366336633663,5.475247524752476,9.415841584158416,10.94059405940594,20.455445544554454,24.445544554455445,0,6.740212023381405,3.975969913594072,10.71618193697548,24.08875287133136,6.64919220049529,5.915178247692003,12.56437044818728,23.30832113248452,254.6,257.6,241.4,269.6,235.8,326.3333333333333,360.2,359.4,388.4,394.8,353.8,253.6666666666667,36.0,18.6,53.2,81.4,67.2,63.6,74.2,86.8,72.2,32.0,266.4,256.0,258.2,294.2,247.0,277.6666666666667,388.0,360.8,405.2,373.4,381.6,229.0,39.8,27.4,57.0,85.4,70.6,52.6,63.4,78.6,66.2,18.66666666666667,0.4871794871794872,0.029728485,2.052631578947368,-0.8920294661074879,-0.8920294661074879,hard
4689,2015/2016,37,0,7,4.314476813976161,2.802089625435612,2,4,5.882486343688576,4.370283498695576,2,11,9.996987159065144,6.501598290547774,11,31,26.030153327809852,19.743502562908994,6.117117117117117,6.486238532110092,5.693693693693693,5.807339449541284,11.81081081081081,12.293577981651376,21.576576576576578,19.357798165137616,0,4.346151088342731,5.67618661176656,10.02233770010929,23.16394797892031,4.894899492245249,5.182227534190967,10.07712702643621,19.65481605767719,280.6,258.0,237.4,271.6,248.2,311.6666666666667,213.8,204.6,206.0,218.0,186.0,207.6666666666667,43.4,30.8,54.0,75.6,207.2,180.2,186.6,211.8,187.2,124.0,262.4,262.4,235.0,260.0,234.0,312.0,358.4,348.6,370.6,344.2,359.4,250.3333333333333,40.8,30.2,55.6,78.0,78.4,66.8,46.8,79.8,74.0,30.66666666666667,0.3900114372855509,0.10280909,2.5640273704789833,-0.4708323634415865,-0.4708323634415865,medium
4690,2015/2016,37,6,4,7.0420225599150506,2.592847885160406,4,5,6.401854122013212,5.4691839830554345,10,9,13.028715116440338,8.118522153514768,21,12,25.611726693189105,16.27775037837737,5.727737973387923,4.7745098039215685,5.42374616171955,4.686274509803922,11.151484135107472,9.46078431372549,21.140225179119753,20.45098039215686,0,7.382684322418706,7.158521667938014,14.54120599035672,28.19647715245726,5.395537766717286,4.641823609907174,10.03736137662446,18.04988789074665,243.0,224.6,225.6,258.2,209.0,297.0,343.6,313.4,332.6,360.4,320.4,244.3333333333333,42.2,29.2,47.8,74.6,72.8,68.0,55.6,63.8,67.2,25.33333333333333,252.2,215.2,213.4,250.2,208.2,303.6666666666667,284.6,258.6,262.4,280.4,258.0,259.0,42.2,30.6,57.0,73.0,151.6,120.0,120.2,142.6,128.8,62.0,0.4645476772616137,0.0986855,2.1526315789473682,-0.6832768459842631,-0.6832768459842631,hard
4691,2015/2016,37,6,3,5.60648459513176,4.412146936377653,6,8,6.3326445579694415,5.065422086936172,12,11,11.737833909460338,9.748028697059738,20,13,31.771251870767962,16.340730099268516,5.40566037735849,4.925925925925926,5.018867924528302,5.101851851851852,10.424528301886792,10.027777777777779,21.59433962264151,23.52777777777778,1,8.506274459532914,7.449548270622842,15.95582273015576,30.86117701431289,4.552167926616191,4.187944575652599,8.740112502268786,15.75786189651491,284.8,269.4,229.6,260.0,248.0,347.0,355.0,340.0,397.2,409.2,366.4,262.6666666666666,38.8,29.0,56.6,80.2,78.4,69.8,73.0,78.0,77.0,25.66666666666667,277.8,257.2,256.2,279.0,238.0,320.3333333333334,351.6,332.4,353.6,369.6,318.0,286.0,37.2,24.4,43.0,78.6,77.8,65.0,60.0,58.0,71.6,28.33333333333333,0.5330932012606935,0.9835276,1.8758445945945943,0.9647201555444281,0.9647201555444281,easy
4692,2015/2016,37,15,4,7.122140644458407,6.799703414020427,11,2,7.803807083158926,5.100377159813439,26,6,15.648540185382242,11.287731927565147,40,23,26.322291805435107,26.125539441835837,5.201834862385321,6.0,5.321100917431193,5.145631067961165,10.522935779816514,11.145631067961165,21.38532110091743,20.339805825242717,1,4.085560205290543,7.237754078332516,11.32331428362306,24.42852997378228,4.947449297199063,5.267485234129624,10.21493453132868,18.80218883165878,256.6,224.8,222.4,234.0,220.8,310.6666666666666,354.8,331.8,360.0,384.0,330.4,237.3333333333333,37.2,27.8,51.2,75.2,67.6,50.8,61.8,80.4,65.2,15.33333333333333,246.2,240.2,210.6,235.0,226.0,280.0,352.4,333.4,338.2,351.4,335.4,294.6666666666666,40.6,33.0,50.4,72.6,76.2,60.4,59.2,70.4,71.2,20.33333333333333,0.5335230304108126,0.21148995,1.8743333333333339,-0.6903515535708918,-0.6903515535708918,hard
4693,2015/2016,37,9,3,11.168850431464659,4.123781352561313,7,10,6.610785963011853,4.166378231317147,16,13,17.62473030775613,9.05362011872122,25,28,27.160013248868157,14.527894749585982,7.908256880733945,5.625263157894738,6.63302752293578,5.132631578947369,14.541284403669724,10.757894736842106,20.091743119266056,20.376842105263155,1,8.426315541154839,6.909204950821096,15.33552049197594,22.01152348456787,5.013226308975322,4.631027877311837,9.644254186287153,20.17557113024342,260.8,219.2,197.4,268.4,203.4,293.6666666666666,366.4,341.4,361.6,359.0,340.4,283.6666666666667,42.6,32.4,55.8,79.6,78.8,65.2,68.0,69.8,73.0,29.0,204.6,183.8,166.6,196.2,170.2,237.3333333333333,363.8,334.4,356.0,391.2,331.0,337.0,46.6,26.4,51.8,75.8,151.0,124.2,130.8,161.6,143.6,45.0,0.3625285605483625,0.9415294,2.758403361344538,0.9082772918357074,0.9082772918357074,easy
4694,2015/2016,37,2,1,6.392913226275542,5.222008496412147,10,2,5.368118734841673,4.149000681377101,12,3,11.141873077708432,9.816899287622917,25,14,24.67239064138776,18.06620942882035,6.261682242990654,6.164596273291925,5.88785046728972,5.559006211180123,12.149532710280374,11.723602484472048,24.570093457943926,21.263975155279503,0,7.366554468081988,7.228727350885658,14.59528181896766,24.64448569982208,5.698898017598389,4.468598573311148,10.16749659090954,15.97498246226555,302.4,272.6,256.4,283.2,252.6,335.6666666666667,368.4,341.8,378.2,398.2,349.6,272.6666666666667,49.0,35.4,56.4,82.2,76.4,67.4,79.0,88.2,79.2,15.0,270.6,229.6,213.4,270.6,221.0,294.6666666666666,296.8,273.0,289.4,314.2,275.6,239.3333333333333,41.6,26.8,53.2,78.2,139.2,118.0,126.8,139.8,136.0,35.0,0.7844827586206897,0.06200921,1.2747252747252746,-3.3522772444784654,-3.3522772444784654,hard
4695,2015/2016,37,6,8,4.903830383147746,5.419264808604132,4,8,8.204125054746541,2.8290814417257515,10,16,14.282348823352976,8.36887957603058,19,22,24.866339807835516,22.221073154405982,5.253388946819604,5.798165137614679,5.441084462982274,5.256880733944954,10.694473409801878,11.055045871559633,21.133472367049006,25.31192660550459,0,4.861662010918139,3.575703739069898,8.437365749988059,16.08962610551693,7.516675851429527,5.906439152744082,13.4231150041736,20.83263323961931,274.2,248.4,232.2,274.8,233.8,286.6666666666667,342.0,333.8,352.8,370.8,328.2,272.3333333333334,45.4,27.4,47.8,74.8,80.0,69.0,66.0,76.4,71.0,36.0,277.2,243.2,215.8,234.4,222.0,293.6666666666667,275.2,256.8,259.2,299.2,252.4,222.3333333333333,40.2,29.8,53.8,77.6,145.4,136.4,121.0,161.0,138.0,74.66666666666666,0.4247885251930857,0.044006664,2.3541125541125543,-0.6619858703745142,-0.6619858703745142,hard
4696,2015/2016,37,7,7,5.916133346766779,7.934346130724725,4,0,6.057654339310989,6.404036349860187,11,7,11.74473472770687,14.976502154843693,24,21,16.56373701860673,22.157328629193646,5.009433962264151,6.2056962025316444,5.122641509433962,5.617088607594936,10.132075471698114,11.822784810126581,18.21698113207547,21.658227848101266,1,6.087532367843812,4.878773759805338,10.96630612764916,25.89273402990858,7.351393543002254,5.111073739305408,12.46246728230766,13.28145474132004,248.0,228.4,209.6,252.2,212.0,296.0,361.2,327.0,351.4,362.0,351.8,240.6666666666667,34.4,23.2,42.8,75.6,75.4,61.6,53.2,71.2,70.8,19.66666666666667,265.0,242.0,223.4,270.8,215.2,312.6666666666666,355.0,326.0,360.8,371.6,339.8,238.3333333333333,48.2,26.6,51.2,77.2,70.8,61.8,61.0,72.6,68.6,23.0,0.3053892215568862,0.90521455,3.274509803921569,0.8635416339183676,0.8635416339183676,easy
4697,2015/2016,37,9,3,8.52896344336734,4.0782078409054145,11,5,7.916502294093921,6.2513154027842575,20,8,15.920936469159733,11.04501208964659,29,9,21.324530316794398,26.141234194531272,7.401785714285714,5.825688073394495,6.214285714285714,5.972477064220183,13.616071428571429,11.79816513761468,21.571428571428573,23.229357798165136,0,6.230193934190243,6.842948614412487,13.07314254860274,24.85215644446215,3.492658228245486,4.924704472785471,8.41736270103094,15.77807382826738,259.6,246.2,233.6,259.2,214.6,315.6666666666667,378.4,338.4,378.4,361.8,356.6,269.3333333333333,38.4,29.6,52.8,78.4,77.4,64.2,62.8,66.2,74.4,35.33333333333334,301.0,266.8,274.0,284.6,253.6,325.6666666666666,281.8,254.2,294.6,278.4,273.0,194.3333333333333,39.0,24.8,64.2,81.2,75.6,67.4,71.4,70.6,74.0,38.33333333333334,0.3535696940262263,0.33807775,2.8282967032967035,-0.023965351815334726,-0.023965351815334726,medium
4698,2015/2016,37,12,6,6.624116242983584,4.264268890742258,12,5,8.191665864695407,3.818558270548119,24,11,14.53641685480531,7.732615500954235,39,18,21.131383958095654,15.180514204861666,5.421568627450981,5.524752475247524,5.450980392156863,5.00990099009901,10.872549019607844,10.534653465346535,24.362745098039216,19.465346534653467,0,6.453118706510763,5.570061519512226,12.02318022602299,24.76593055847832,4.587142854869172,3.491525049133186,8.078667904002353,15.43638809001269,272.2,259.4,238.4,270.6,244.4,328.3333333333333,343.8,331.8,362.0,386.2,339.8,288.3333333333333,38.8,29.0,56.6,80.2,77.6,73.8,65.8,70.6,76.2,33.66666666666666,281.6,259.4,245.6,271.8,245.6,310.0,254.8,250.4,276.0,293.0,239.6,209.6666666666667,43.4,30.8,54.0,75.6,149.8,121.6,131.2,140.4,139.8,49.33333333333333,0.7329742821632302,0.057227474,1.3643043478260868,-2.5306431166214147,-2.5306431166214147,hard
4699,2015/2016,38,7,4,7.032470786480202,2.932870442490553,8,0,7.492750575357472,4.309772985259551,15,4,15.12547472349667,7.26563673307297,21,10,31.232375651404798,19.736809783080254,6.116923076923076,6.0625,5.5261538461538455,5.660714285714286,11.643076923076922,11.723214285714286,21.196923076923078,21.482142857142858,1,8.831662443849908,5.377740862595244,14.20940330644516,26.26323481825002,3.997897281335314,3.035122312460307,7.033019593795612,17.32336157460677,256.6,224.8,222.4,234.0,220.8,310.6666666666666,354.8,333.0,360.0,383.0,330.8,237.3333333333333,37.2,27.8,51.2,75.2,67.6,50.8,61.8,80.2,65.2,15.33333333333333,259.8,242.0,227.6,250.4,215.4,306.3333333333333,355.0,326.0,360.8,371.0,339.8,238.3333333333333,48.2,26.6,51.2,77.2,70.8,61.8,61.0,72.6,68.6,23.0,0.4864864864864865,0.9385523,2.0555555555555554,0.880338728427887,0.880338728427887,easy
4700,2015/2016,38,11,10,9.31591159408918,6.593233102084404,6,8,7.916637464613981,4.914389392302919,17,18,17.612376063020328,11.883100031815818,26,26,35.83995477115269,20.773873106661817,6.213166144200626,5.290909090909091,5.5642633228840115,5.372727272727273,11.777429467084637,10.663636363636364,21.652037617554857,21.554545454545455,0,7.31524168988162,5.853337064606301,13.16857875448792,18.80776356221553,5.190016328467757,4.738530374311575,9.928546702779332,16.13452738259407,270.6,242.8,213.6,283.0,229.8,313.6666666666667,364.6,347.0,352.2,361.6,342.0,294.3333333333334,42.6,32.4,55.8,79.6,78.8,65.2,68.0,69.8,73.0,29.0,278.8,255.0,226.0,277.6,244.2,331.6666666666667,359.0,351.4,379.4,372.4,353.2,243.0,39.8,27.4,57.0,85.4,84.8,78.8,83.4,77.4,82.4,40.0,0.3010752688172043,0.047767203,3.321428571428571,-0.36242537802228564,-0.36242537802228564,medium
4702,2015/2016,38,5,5,5.46892797444821,4.297700994637555,4,2,5.674906456129094,5.883050841698649,9,7,11.741235516201922,10.435044322291565,23,6,20.244114785034483,18.59323874513579,5.818181818181818,5.730223123732252,5.281818181818182,5.410750507099392,11.1,11.140973630831644,25.28181818181818,21.13894523326572,1,8.486741880227768,8.687423359511776,17.17416523973956,24.76532598407538,3.712323515010561,4.192815212679951,7.905138727690506,15.15892140675316,296.8,264.2,241.8,288.6,245.2,337.3333333333333,371.6,340.6,383.4,404.4,358.0,260.3333333333334,49.0,35.4,56.4,82.8,85.4,67.0,63.8,72.8,71.2,31.66666666666667,243.0,224.6,225.6,258.2,209.0,297.0,339.8,324.2,331.6,357.6,299.2,316.0,43.4,27.8,52.0,74.2,72.8,68.0,55.6,63.8,67.2,25.33333333333333,0.7329742821632302,0.96320915,1.3643043478260868,0.8622198338183658,0.8622198338183658,easy
4703,2015/2016,38,11,8,4.637089810335782,5.842529206951271,4,8,4.044782721886435,7.752107660687861,15,16,8.491084468342699,13.420745960059577,15,22,18.597463924449507,21.26761436492243,6.490909090909091,7.415929203539823,5.790909090909091,6.256637168141593,12.281818181818181,13.672566371681416,19.463636363636365,21.63716814159292,1,5.278091080660603,3.598238021798683,8.876329102459295,19.46453713633568,5.366137952542472,6.592946893910575,11.95908484645304,20.67251714143399,278.0,242.8,242.2,281.0,243.8,311.0,370.8,339.6,352.8,376.0,336.2,293.0,35.6,21.0,51.6,69.2,75.0,57.8,54.6,61.8,69.2,17.0,280.8,251.4,225.6,274.4,236.6,302.0,352.4,325.4,355.6,373.4,318.6,276.0,45.4,27.4,47.8,74.8,78.4,64.8,60.4,78.0,73.8,26.66666666666667,0.374885145482389,0.91666144,2.667483660130719,0.8666828054531365,0.8666828054531365,easy
4704,2015/2016,38,4,5,7.546096453623438,4.591133850436616,13,3,7.072828598864013,3.910136471742451,17,8,14.734589660200616,8.349964862979421,22,20,29.821881346221787,22.076706943026245,5.8,5.411214953271028,5.963636363636364,5.02803738317757,11.763636363636364,10.439252336448599,23.1,21.57943925233645,1,7.115334954373756,7.283217878599886,14.39855283297365,27.39749850724106,5.509058585873293,5.080607797744341,10.58966638361762,19.1338503390225,277.8,257.2,256.2,279.0,238.0,320.3333333333334,356.2,335.8,373.2,381.6,338.6,275.3333333333333,45.8,28.8,55.6,68.4,77.8,65.0,60.0,58.0,71.6,28.33333333333333,277.2,243.2,215.8,234.4,222.0,293.6666666666667,275.2,256.8,259.2,299.2,252.4,222.3333333333333,40.2,29.8,53.8,77.6,145.4,136.4,121.0,161.0,138.0,74.66666666666666,0.5594405594405595,0.5722069,1.7874999999999999,0.028977599408891358,0.028977599408891358,medium
4705,2015/2016,38,3,10,3.678406604660642,4.420464264141318,2,7,7.8979073738331955,6.160682420643591,5,17,11.075201135249348,10.624331087638058,17,28,19.17049666008259,21.77902363016699,4.908256880733945,5.485436893203883,5.128440366972477,5.514563106796117,10.036697247706423,11.0,23.431192660550458,24.50485436893204,1,7.711925628101465,6.124680321727373,13.83660594982885,25.59168145906352,6.468397295726797,5.37977119245334,11.84816848818014,19.39647086001475,259.6,246.2,233.6,258.6,214.6,315.6666666666667,349.6,320.8,332.2,367.6,328.6,257.3333333333333,38.4,29.6,52.8,78.4,77.4,64.2,62.8,66.2,74.4,35.33333333333334,262.4,262.4,235.0,260.0,234.0,312.0,355.6,348.6,386.0,359.8,355.4,253.6666666666666,40.8,30.2,55.6,78.0,71.0,54.8,67.4,65.6,71.4,18.66666666666667,0.478231748158071,0.949677,2.0910364145658265,0.9035529484338722,0.9035529484338722,easy
4706,2015/2016,38,1,5,3.307435431817967,5.2197165918301,2,12,4.283850350369885,6.458835933726643,3,17,7.658390405289299,11.173677551088035,18,19,17.97059511710753,20.175390507498182,5.529411764705882,6.222222222222222,5.009803921568627,5.925925925925926,10.53921568627451,12.148148148148149,19.45098039215686,24.574074074074073,0,5.368143720213483,4.785364617396646,10.15350833761014,21.07936751040619,7.015928726116242,6.973021744401729,13.98895047051795,22.21755798335494,309.2,272.2,274.8,287.2,260.0,325.6666666666666,286.8,260.0,302.0,295.6,282.6,187.6666666666667,39.0,24.8,64.2,81.2,75.6,67.4,71.4,70.6,74.0,38.33333333333334,278.0,243.6,225.2,291.4,231.2,321.3333333333333,363.0,341.4,374.2,371.6,343.8,293.0,46.6,26.4,51.8,75.8,65.8,56.6,61.4,76.4,71.2,24.0,0.3925233644859814,0.41260004,2.547619047619047,0.03304929733276353,0.03304929733276353,medium
4707,2015/2016,38,6,2,8.338365994438313,4.78921749442259,10,2,5.161382876431425,5.458687974440949,16,4,13.593809173955545,10.396748505869116,16,16,26.27443846371723,17.23454076671041,5.600625651720542,5.02803738317757,5.1783107403545365,5.11214953271028,10.77893639207508,10.14018691588785,20.448383733055262,18.27102803738318,0,5.685147895068334,4.511532477822837,10.19668037289119,19.70918570974003,5.975014440755158,5.752996769485904,11.72801121024105,20.61297756355295,252.2,215.2,213.4,248.8,208.2,303.6666666666667,364.8,320.6,319.6,350.0,322.8,282.0,42.2,30.6,57.0,73.0,71.4,58.0,63.0,73.0,64.0,39.0,252.0,256.0,235.8,271.4,229.6,328.3333333333333,362.6,359.4,388.4,394.8,353.8,253.6666666666667,36.0,18.6,53.2,81.4,67.2,63.6,74.2,86.8,72.2,32.0,0.1630716134598792,0.011622686,6.132275132275133,-0.1809580520793949,-0.1809580520793949,medium
4708,2015/2016,38,5,3,4.946521799528374,7.4187085780310955,8,3,5.947002471307101,4.60687677235793,13,6,12.354773642879504,10.5723609748848,19,19,23.826328350490748,16.397217947766173,4.766990291262136,7.918181818181818,4.689320388349515,6.636363636363637,9.45631067961165,14.554545454545455,20.368932038834952,20.136363636363637,0,7.642623600415029,4.806240393473496,12.44886399388851,24.74021717316396,6.204559170303847,5.620923432956435,11.82548260326027,19.20046234196381,246.2,240.2,210.6,235.0,226.0,280.0,289.4,275.2,275.8,281.2,267.2,263.6666666666667,40.6,33.0,50.4,72.6,143.6,119.2,125.6,145.6,137.2,40.66666666666666,267.6,239.6,223.2,259.8,221.6,296.3333333333333,212.8,204.0,212.2,205.0,191.8,199.3333333333333,34.4,23.2,42.8,75.6,221.4,200.6,200.2,212.0,220.6,102.3333333333333,0.478231748158071,0.065143876,2.0910364145658265,-0.7917075585932571,-0.7917075585932571,hard
